solid OpenSCAD_Model
  facet normal 0 0 1
    outer loop
      vertex 0 25.575 4
      vertex -0.5 22.075 4
      vertex 0 13.575 4
    endloop
  endfacet
  facet normal 0 0 1
    outer loop
      vertex 0 25.575 4
      vertex -3.5 22.075 4
      vertex -0.5 22.075 4
    endloop
  endfacet
  facet normal 0 0 1
    outer loop
      vertex -3.5 22.075 4
      vertex -6 25.575 4
      vertex -3.5 17.075 4
    endloop
  endfacet
  facet normal -0 0 1
    outer loop
      vertex -6 25.575 4
      vertex -3.5 22.075 4
      vertex 0 25.575 4
    endloop
  endfacet
  facet normal -0 0 1
    outer loop
      vertex -0.5 17.075 4
      vertex 0 13.575 4
      vertex -0.5 22.075 4
    endloop
  endfacet
  facet normal -0 0 1
    outer loop
      vertex -3.5 17.075 4
      vertex 0 13.575 4
      vertex -0.5 17.075 4
    endloop
  endfacet
  facet normal 0 0 1
    outer loop
      vertex -3.5 17.075 4
      vertex -6 13.575 4
      vertex 0 13.575 4
    endloop
  endfacet
  facet normal 0 0 1
    outer loop
      vertex -6 13.575 4
      vertex -3.5 17.075 4
      vertex -6 25.575 4
    endloop
  endfacet
  facet normal 0 0 -1
    outer loop
      vertex 0 52.725 0
      vertex -0.5 56.225 0
      vertex 0 64.725 0
    endloop
  endfacet
  facet normal 0 0 -1
    outer loop
      vertex 0 52.725 0
      vertex -3.5 56.225 0
      vertex -0.5 56.225 0
    endloop
  endfacet
  facet normal -0 0 -1
    outer loop
      vertex -3.5 56.225 0
      vertex -6 52.725 0
      vertex -3.5 61.225 0
    endloop
  endfacet
  facet normal 0 0 -1
    outer loop
      vertex -6 52.725 0
      vertex -3.5 56.225 0
      vertex 0 52.725 0
    endloop
  endfacet
  facet normal 0 0 -1
    outer loop
      vertex 0 13.575 0
      vertex -0.5 17.075 0
      vertex 0 25.575 0
    endloop
  endfacet
  facet normal 0 0 -1
    outer loop
      vertex 0 13.575 0
      vertex -3.5 17.075 0
      vertex -0.5 17.075 0
    endloop
  endfacet
  facet normal -0 0 -1
    outer loop
      vertex -3.5 17.075 0
      vertex -6 13.575 0
      vertex -3.5 22.075 0
    endloop
  endfacet
  facet normal 0 0 -1
    outer loop
      vertex -6 13.575 0
      vertex -3.5 17.075 0
      vertex 0 13.575 0
    endloop
  endfacet
  facet normal 0 0 -1
    outer loop
      vertex 106 0 0
      vertex 109 13.575 0
      vertex 109 3 0
    endloop
  endfacet
  facet normal 0 0 -1
    outer loop
      vertex 0 13.575 0
      vertex 109 13.575 0
      vertex 106 0 0
    endloop
  endfacet
  facet normal 0 0 -1
    outer loop
      vertex 109 13.575 0
      vertex 0 13.575 0
      vertex 109 25.575 0
    endloop
  endfacet
  facet normal 0 0 -1
    outer loop
      vertex 109 25.575 0
      vertex 0 25.575 0
      vertex 109 52.725 0
    endloop
  endfacet
  facet normal 0 0 -1
    outer loop
      vertex 106 0 0
      vertex 109 3 0
      vertex 108.942 2.41473 0
    endloop
  endfacet
  facet normal 0 0 -1
    outer loop
      vertex 0 52.725 0
      vertex 109 52.725 0
      vertex 0 25.575 0
    endloop
  endfacet
  facet normal 0 0 -1
    outer loop
      vertex 106 0 0
      vertex 108.942 2.41473 0
      vertex 108.772 1.85195 0
    endloop
  endfacet
  facet normal 0 0 -1
    outer loop
      vertex 109 64.725 0
      vertex 106 78.3 0
      vertex 109 75.3 0
    endloop
  endfacet
  facet normal 0 0 -1
    outer loop
      vertex 106 0 0
      vertex 108.772 1.85195 0
      vertex 108.494 1.33329 0
    endloop
  endfacet
  facet normal 0 0 -1
    outer loop
      vertex 109 75.3 0
      vertex 106 78.3 0
      vertex 108.942 75.8853 0
    endloop
  endfacet
  facet normal 0 0 -1
    outer loop
      vertex 106 0 0
      vertex 108.494 1.33329 0
      vertex 108.121 0.878679 0
    endloop
  endfacet
  facet normal 0 0 -1
    outer loop
      vertex 108.942 75.8853 0
      vertex 106 78.3 0
      vertex 108.772 76.4481 0
    endloop
  endfacet
  facet normal 0 0 -1
    outer loop
      vertex 106 0 0
      vertex 108.121 0.878679 0
      vertex 107.667 0.50559 0
    endloop
  endfacet
  facet normal 0 0 -1
    outer loop
      vertex 108.772 76.4481 0
      vertex 106 78.3 0
      vertex 108.494 76.9667 0
    endloop
  endfacet
  facet normal 0 0 -1
    outer loop
      vertex 106 0 0
      vertex 107.667 0.50559 0
      vertex 107.148 0.228361 0
    endloop
  endfacet
  facet normal 0 0 -1
    outer loop
      vertex 108.494 76.9667 0
      vertex 106 78.3 0
      vertex 108.121 77.4213 0
    endloop
  endfacet
  facet normal 0 0 -1
    outer loop
      vertex 106 0 0
      vertex 107.148 0.228361 0
      vertex 106.585 0.0576439 0
    endloop
  endfacet
  facet normal 0 0 -1
    outer loop
      vertex 108.121 77.4213 0
      vertex 106 78.3 0
      vertex 107.667 77.7944 0
    endloop
  endfacet
  facet normal 0 0 -1
    outer loop
      vertex 107.667 77.7944 0
      vertex 106 78.3 0
      vertex 107.148 78.0716 0
    endloop
  endfacet
  facet normal 0 0 -1
    outer loop
      vertex 107.148 78.0716 0
      vertex 106 78.3 0
      vertex 106.585 78.2424 0
    endloop
  endfacet
  facet normal 0 0 -1
    outer loop
      vertex 0 13.575 0
      vertex 106 0 0
      vertex 3 0 0
    endloop
  endfacet
  facet normal 0 0 -1
    outer loop
      vertex 109 52.725 0
      vertex 0 52.725 0
      vertex 109 64.725 0
    endloop
  endfacet
  facet normal 0 0 -1
    outer loop
      vertex 0 3 0
      vertex 3 0 0
      vertex 2.41473 0.0576439 0
    endloop
  endfacet
  facet normal 0 0 -1
    outer loop
      vertex 0 64.725 0
      vertex 109 64.725 0
      vertex 0 52.725 0
    endloop
  endfacet
  facet normal 0 0 -1
    outer loop
      vertex 0 3 0
      vertex 2.41473 0.0576439 0
      vertex 1.85195 0.228361 0
    endloop
  endfacet
  facet normal 0 0 -1
    outer loop
      vertex 109 64.725 0
      vertex 0 64.725 0
      vertex 106 78.3 0
    endloop
  endfacet
  facet normal 0 0 -1
    outer loop
      vertex 0 3 0
      vertex 1.85195 0.228361 0
      vertex 1.33329 0.50559 0
    endloop
  endfacet
  facet normal -0 0 -1
    outer loop
      vertex 106 78.3 0
      vertex 0 64.725 0
      vertex 3 78.3 0
    endloop
  endfacet
  facet normal 0 0 -1
    outer loop
      vertex 0 3 0
      vertex 1.33329 0.50559 0
      vertex 0.878679 0.878679 0
    endloop
  endfacet
  facet normal 0 0 -1
    outer loop
      vertex 0 75.3 0
      vertex 3 78.3 0
      vertex 0 64.725 0
    endloop
  endfacet
  facet normal 0 0 -1
    outer loop
      vertex 0 3 0
      vertex 0.878679 0.878679 0
      vertex 0.50559 1.33329 0
    endloop
  endfacet
  facet normal 0 0 -1
    outer loop
      vertex 3 78.3 0
      vertex 0 75.3 0
      vertex 2.41473 78.2424 0
    endloop
  endfacet
  facet normal 0 0 -1
    outer loop
      vertex 0 3 0
      vertex 0.50559 1.33329 0
      vertex 0.228361 1.85195 0
    endloop
  endfacet
  facet normal 0 0 -1
    outer loop
      vertex 2.41473 78.2424 0
      vertex 0 75.3 0
      vertex 1.85195 78.0716 0
    endloop
  endfacet
  facet normal 0 0 -1
    outer loop
      vertex 0 3 0
      vertex 0.228361 1.85195 0
      vertex 0.0576439 2.41473 0
    endloop
  endfacet
  facet normal -0 0 -1
    outer loop
      vertex 109 25.575 0
      vertex 0 13.575 0
      vertex 0 25.575 0
    endloop
  endfacet
  facet normal 0 0 -1
    outer loop
      vertex 3 0 0
      vertex 0 3 0
      vertex 0 13.575 0
    endloop
  endfacet
  facet normal 0 0 -1
    outer loop
      vertex 1.85195 78.0716 0
      vertex 0 75.3 0
      vertex 1.33329 77.7944 0
    endloop
  endfacet
  facet normal 0 0 -1
    outer loop
      vertex 1.33329 77.7944 0
      vertex 0 75.3 0
      vertex 0.878679 77.4213 0
    endloop
  endfacet
  facet normal 0 0 -1
    outer loop
      vertex 0.878679 77.4213 0
      vertex 0 75.3 0
      vertex 0.50559 76.9667 0
    endloop
  endfacet
  facet normal 0 0 -1
    outer loop
      vertex 0.50559 76.9667 0
      vertex 0 75.3 0
      vertex 0.228361 76.4481 0
    endloop
  endfacet
  facet normal 0 0 -1
    outer loop
      vertex 0.228361 76.4481 0
      vertex 0 75.3 0
      vertex 0.0576439 75.8853 0
    endloop
  endfacet
  facet normal 0 0 -1
    outer loop
      vertex -0.5 22.075 0
      vertex 0 25.575 0
      vertex -0.5 17.075 0
    endloop
  endfacet
  facet normal 0 0 -1
    outer loop
      vertex -3.5 22.075 0
      vertex 0 25.575 0
      vertex -0.5 22.075 0
    endloop
  endfacet
  facet normal 0 0 -1
    outer loop
      vertex -3.5 22.075 0
      vertex -6 25.575 0
      vertex 0 25.575 0
    endloop
  endfacet
  facet normal 0 0 -1
    outer loop
      vertex -6 25.575 0
      vertex -3.5 22.075 0
      vertex -6 13.575 0
    endloop
  endfacet
  facet normal 0 0 -1
    outer loop
      vertex -0.5 61.225 0
      vertex 0 64.725 0
      vertex -0.5 56.225 0
    endloop
  endfacet
  facet normal 0 0 -1
    outer loop
      vertex -3.5 61.225 0
      vertex 0 64.725 0
      vertex -0.5 61.225 0
    endloop
  endfacet
  facet normal 0 0 -1
    outer loop
      vertex -3.5 61.225 0
      vertex -6 64.725 0
      vertex 0 64.725 0
    endloop
  endfacet
  facet normal 0 0 -1
    outer loop
      vertex -6 64.725 0
      vertex -3.5 61.225 0
      vertex -6 52.725 0
    endloop
  endfacet
  facet normal 0 0 -1
    outer loop
      vertex 117 13.575 0
      vertex 114.5 17.075 0
      vertex 117 25.575 0
    endloop
  endfacet
  facet normal 0 0 -1
    outer loop
      vertex 117 13.575 0
      vertex 111.5 17.075 0
      vertex 114.5 17.075 0
    endloop
  endfacet
  facet normal -0 0 -1
    outer loop
      vertex 111.5 17.075 0
      vertex 109 13.575 0
      vertex 111.5 22.075 0
    endloop
  endfacet
  facet normal 0 0 -1
    outer loop
      vertex 109 13.575 0
      vertex 111.5 17.075 0
      vertex 117 13.575 0
    endloop
  endfacet
  facet normal 0 0 -1
    outer loop
      vertex 114.5 22.075 0
      vertex 117 25.575 0
      vertex 114.5 17.075 0
    endloop
  endfacet
  facet normal 0 0 -1
    outer loop
      vertex 111.5 22.075 0
      vertex 117 25.575 0
      vertex 114.5 22.075 0
    endloop
  endfacet
  facet normal 0 0 -1
    outer loop
      vertex 111.5 22.075 0
      vertex 109 25.575 0
      vertex 117 25.575 0
    endloop
  endfacet
  facet normal 0 0 -1
    outer loop
      vertex 109 25.575 0
      vertex 111.5 22.075 0
      vertex 109 13.575 0
    endloop
  endfacet
  facet normal 0 0 -1
    outer loop
      vertex 117 52.725 0
      vertex 114.5 56.225 0
      vertex 117 64.725 0
    endloop
  endfacet
  facet normal 0 0 -1
    outer loop
      vertex 117 52.725 0
      vertex 111.5 56.225 0
      vertex 114.5 56.225 0
    endloop
  endfacet
  facet normal -0 0 -1
    outer loop
      vertex 111.5 56.225 0
      vertex 109 52.725 0
      vertex 111.5 61.225 0
    endloop
  endfacet
  facet normal 0 0 -1
    outer loop
      vertex 109 52.725 0
      vertex 111.5 56.225 0
      vertex 117 52.725 0
    endloop
  endfacet
  facet normal 0 0 -1
    outer loop
      vertex 114.5 61.225 0
      vertex 117 64.725 0
      vertex 114.5 56.225 0
    endloop
  endfacet
  facet normal 0 0 -1
    outer loop
      vertex 111.5 61.225 0
      vertex 117 64.725 0
      vertex 114.5 61.225 0
    endloop
  endfacet
  facet normal 0 0 -1
    outer loop
      vertex 111.5 61.225 0
      vertex 109 64.725 0
      vertex 117 64.725 0
    endloop
  endfacet
  facet normal 0 0 -1
    outer loop
      vertex 109 64.725 0
      vertex 111.5 61.225 0
      vertex 109 52.725 0
    endloop
  endfacet
  facet normal -1 0 0
    outer loop
      vertex -6 13.575 0
      vertex -6 25.575 4
      vertex -6 25.575 0
    endloop
  endfacet
  facet normal -1 -0 0
    outer loop
      vertex -6 25.575 4
      vertex -6 13.575 0
      vertex -6 13.575 4
    endloop
  endfacet
  facet normal 0 1 -0
    outer loop
      vertex 0 25.575 0
      vertex -6 25.575 4
      vertex 0 25.575 4
    endloop
  endfacet
  facet normal 0 1 0
    outer loop
      vertex -6 25.575 4
      vertex 0 25.575 0
      vertex -6 25.575 0
    endloop
  endfacet
  facet normal 0 -1 0
    outer loop
      vertex -6 13.575 0
      vertex 0 13.575 4
      vertex -6 13.575 4
    endloop
  endfacet
  facet normal 0 -1 -0
    outer loop
      vertex 0 13.575 4
      vertex -6 13.575 0
      vertex 0 13.575 0
    endloop
  endfacet
  facet normal -1 0 0
    outer loop
      vertex -0.5 17.075 0
      vertex -0.5 22.075 4
      vertex -0.5 22.075 0
    endloop
  endfacet
  facet normal -1 -0 0
    outer loop
      vertex -0.5 22.075 4
      vertex -0.5 17.075 0
      vertex -0.5 17.075 4
    endloop
  endfacet
  facet normal 1 -0 0
    outer loop
      vertex -3.5 17.075 4
      vertex -3.5 22.075 0
      vertex -3.5 22.075 4
    endloop
  endfacet
  facet normal 1 0 0
    outer loop
      vertex -3.5 22.075 0
      vertex -3.5 17.075 4
      vertex -3.5 17.075 0
    endloop
  endfacet
  facet normal 0 -1 0
    outer loop
      vertex -3.5 22.075 0
      vertex -0.5 22.075 4
      vertex -3.5 22.075 4
    endloop
  endfacet
  facet normal 0 -1 -0
    outer loop
      vertex -0.5 22.075 4
      vertex -3.5 22.075 0
      vertex -0.5 22.075 0
    endloop
  endfacet
  facet normal 0 1 -0
    outer loop
      vertex -0.5 17.075 0
      vertex -3.5 17.075 4
      vertex -0.5 17.075 4
    endloop
  endfacet
  facet normal 0 1 0
    outer loop
      vertex -3.5 17.075 4
      vertex -0.5 17.075 0
      vertex -3.5 17.075 0
    endloop
  endfacet
  facet normal 0 0 1
    outer loop
      vertex 0 64.725 4
      vertex -0.5 61.225 4
      vertex 0 52.725 4
    endloop
  endfacet
  facet normal 0 0 1
    outer loop
      vertex 0 64.725 4
      vertex -3.5 61.225 4
      vertex -0.5 61.225 4
    endloop
  endfacet
  facet normal 0 0 1
    outer loop
      vertex -3.5 61.225 4
      vertex -6 64.725 4
      vertex -3.5 56.225 4
    endloop
  endfacet
  facet normal -0 0 1
    outer loop
      vertex -6 64.725 4
      vertex -3.5 61.225 4
      vertex 0 64.725 4
    endloop
  endfacet
  facet normal -0 0 1
    outer loop
      vertex -0.5 56.225 4
      vertex 0 52.725 4
      vertex -0.5 61.225 4
    endloop
  endfacet
  facet normal -0 0 1
    outer loop
      vertex -3.5 56.225 4
      vertex 0 52.725 4
      vertex -0.5 56.225 4
    endloop
  endfacet
  facet normal 0 0 1
    outer loop
      vertex -3.5 56.225 4
      vertex -6 52.725 4
      vertex 0 52.725 4
    endloop
  endfacet
  facet normal 0 0 1
    outer loop
      vertex -6 52.725 4
      vertex -3.5 56.225 4
      vertex -6 64.725 4
    endloop
  endfacet
  facet normal -1 0 0
    outer loop
      vertex -6 52.725 0
      vertex -6 64.725 4
      vertex -6 64.725 0
    endloop
  endfacet
  facet normal -1 -0 0
    outer loop
      vertex -6 64.725 4
      vertex -6 52.725 0
      vertex -6 52.725 4
    endloop
  endfacet
  facet normal 0 1 -0
    outer loop
      vertex 0 64.725 0
      vertex -6 64.725 4
      vertex 0 64.725 4
    endloop
  endfacet
  facet normal 0 1 0
    outer loop
      vertex -6 64.725 4
      vertex 0 64.725 0
      vertex -6 64.725 0
    endloop
  endfacet
  facet normal 0 -1 0
    outer loop
      vertex -6 52.725 0
      vertex 0 52.725 4
      vertex -6 52.725 4
    endloop
  endfacet
  facet normal 0 -1 -0
    outer loop
      vertex 0 52.725 4
      vertex -6 52.725 0
      vertex 0 52.725 0
    endloop
  endfacet
  facet normal -1 0 0
    outer loop
      vertex -0.5 56.225 0
      vertex -0.5 61.225 4
      vertex -0.5 61.225 0
    endloop
  endfacet
  facet normal -1 -0 0
    outer loop
      vertex -0.5 61.225 4
      vertex -0.5 56.225 0
      vertex -0.5 56.225 4
    endloop
  endfacet
  facet normal 1 -0 0
    outer loop
      vertex -3.5 56.225 4
      vertex -3.5 61.225 0
      vertex -3.5 61.225 4
    endloop
  endfacet
  facet normal 1 0 0
    outer loop
      vertex -3.5 61.225 0
      vertex -3.5 56.225 4
      vertex -3.5 56.225 0
    endloop
  endfacet
  facet normal 0 -1 0
    outer loop
      vertex -3.5 61.225 0
      vertex -0.5 61.225 4
      vertex -3.5 61.225 4
    endloop
  endfacet
  facet normal 0 -1 -0
    outer loop
      vertex -0.5 61.225 4
      vertex -3.5 61.225 0
      vertex -0.5 61.225 0
    endloop
  endfacet
  facet normal 0 1 -0
    outer loop
      vertex -0.5 56.225 0
      vertex -3.5 56.225 4
      vertex -0.5 56.225 4
    endloop
  endfacet
  facet normal 0 1 0
    outer loop
      vertex -3.5 56.225 4
      vertex -0.5 56.225 0
      vertex -3.5 56.225 0
    endloop
  endfacet
  facet normal 1 -0 0
    outer loop
      vertex 117 13.575 4
      vertex 117 25.575 0
      vertex 117 25.575 4
    endloop
  endfacet
  facet normal 1 0 0
    outer loop
      vertex 117 25.575 0
      vertex 117 13.575 4
      vertex 117 13.575 0
    endloop
  endfacet
  facet normal 0 0 1
    outer loop
      vertex 117 25.575 4
      vertex 114.5 22.075 4
      vertex 117 13.575 4
    endloop
  endfacet
  facet normal 0 0 1
    outer loop
      vertex 117 25.575 4
      vertex 111.5 22.075 4
      vertex 114.5 22.075 4
    endloop
  endfacet
  facet normal 0 0 1
    outer loop
      vertex 111.5 22.075 4
      vertex 109 25.575 4
      vertex 111.5 17.075 4
    endloop
  endfacet
  facet normal -0 0 1
    outer loop
      vertex 109 25.575 4
      vertex 111.5 22.075 4
      vertex 117 25.575 4
    endloop
  endfacet
  facet normal -0 0 1
    outer loop
      vertex 114.5 17.075 4
      vertex 117 13.575 4
      vertex 114.5 22.075 4
    endloop
  endfacet
  facet normal -0 0 1
    outer loop
      vertex 111.5 17.075 4
      vertex 117 13.575 4
      vertex 114.5 17.075 4
    endloop
  endfacet
  facet normal 0 0 1
    outer loop
      vertex 111.5 17.075 4
      vertex 109 13.575 4
      vertex 117 13.575 4
    endloop
  endfacet
  facet normal 0 0 1
    outer loop
      vertex 109 13.575 4
      vertex 111.5 17.075 4
      vertex 109 25.575 4
    endloop
  endfacet
  facet normal 1 0 0
    outer loop
      vertex 109 75.3 23.6
      vertex 109 64.725 4
      vertex 109 75.3 0
    endloop
  endfacet
  facet normal 1 0 0
    outer loop
      vertex 109 75.3 23.6
      vertex 109 54.8 12.8
      vertex 109 64.725 4
    endloop
  endfacet
  facet normal 1 0 0
    outer loop
      vertex 109 75.3 23.6
      vertex 109 41.8 12.8
      vertex 109 54.8 12.8
    endloop
  endfacet
  facet normal 1 0 0
    outer loop
      vertex 109 41.8 12.8
      vertex 109 25.575 4
      vertex 109 41.8 4.8
    endloop
  endfacet
  facet normal 1 0 0
    outer loop
      vertex 109 3 23.6
      vertex 109 25.575 4
      vertex 109 41.8 12.8
    endloop
  endfacet
  facet normal 1 -0 0
    outer loop
      vertex 109 3 23.6
      vertex 109 41.8 12.8
      vertex 109 75.3 23.6
    endloop
  endfacet
  facet normal 1 0 0
    outer loop
      vertex 109 25.575 4
      vertex 109 3 23.6
      vertex 109 13.575 4
    endloop
  endfacet
  facet normal 1 0 0
    outer loop
      vertex 109 3 0
      vertex 109 13.575 4
      vertex 109 3 23.6
    endloop
  endfacet
  facet normal 1 0 0
    outer loop
      vertex 109 13.575 4
      vertex 109 3 0
      vertex 109 13.575 0
    endloop
  endfacet
  facet normal 1 0 0
    outer loop
      vertex 109 75.3 0
      vertex 109 64.725 4
      vertex 109 64.725 0
    endloop
  endfacet
  facet normal 1 -0 0
    outer loop
      vertex 109 54.8 4.8
      vertex 109 64.725 4
      vertex 109 54.8 12.8
    endloop
  endfacet
  facet normal 1 0 0
    outer loop
      vertex 109 54.8 4.8
      vertex 109 52.725 4
      vertex 109 64.725 4
    endloop
  endfacet
  facet normal 1 -0 0
    outer loop
      vertex 109 41.8 4.8
      vertex 109 52.725 4
      vertex 109 54.8 4.8
    endloop
  endfacet
  facet normal 1 0 0
    outer loop
      vertex 109 41.8 4.8
      vertex 109 52.725 0
      vertex 109 52.725 4
    endloop
  endfacet
  facet normal 1 0 0
    outer loop
      vertex 109 25.575 0
      vertex 109 41.8 4.8
      vertex 109 25.575 4
    endloop
  endfacet
  facet normal 1 0 0
    outer loop
      vertex 109 41.8 4.8
      vertex 109 25.575 0
      vertex 109 52.725 0
    endloop
  endfacet
  facet normal 0 1 -0
    outer loop
      vertex 117 25.575 0
      vertex 109 25.575 4
      vertex 117 25.575 4
    endloop
  endfacet
  facet normal 0 1 0
    outer loop
      vertex 109 25.575 4
      vertex 117 25.575 0
      vertex 109 25.575 0
    endloop
  endfacet
  facet normal 0 -1 0
    outer loop
      vertex 109 13.575 0
      vertex 117 13.575 4
      vertex 109 13.575 4
    endloop
  endfacet
  facet normal 0 -1 -0
    outer loop
      vertex 117 13.575 4
      vertex 109 13.575 0
      vertex 117 13.575 0
    endloop
  endfacet
  facet normal -1 0 0
    outer loop
      vertex 114.5 17.075 0
      vertex 114.5 22.075 4
      vertex 114.5 22.075 0
    endloop
  endfacet
  facet normal -1 -0 0
    outer loop
      vertex 114.5 22.075 4
      vertex 114.5 17.075 0
      vertex 114.5 17.075 4
    endloop
  endfacet
  facet normal 1 -0 0
    outer loop
      vertex 111.5 17.075 4
      vertex 111.5 22.075 0
      vertex 111.5 22.075 4
    endloop
  endfacet
  facet normal 1 0 0
    outer loop
      vertex 111.5 22.075 0
      vertex 111.5 17.075 4
      vertex 111.5 17.075 0
    endloop
  endfacet
  facet normal 0 -1 0
    outer loop
      vertex 111.5 22.075 0
      vertex 114.5 22.075 4
      vertex 111.5 22.075 4
    endloop
  endfacet
  facet normal 0 -1 -0
    outer loop
      vertex 114.5 22.075 4
      vertex 111.5 22.075 0
      vertex 114.5 22.075 0
    endloop
  endfacet
  facet normal 0 1 -0
    outer loop
      vertex 114.5 17.075 0
      vertex 111.5 17.075 4
      vertex 114.5 17.075 4
    endloop
  endfacet
  facet normal 0 1 0
    outer loop
      vertex 111.5 17.075 4
      vertex 114.5 17.075 0
      vertex 111.5 17.075 0
    endloop
  endfacet
  facet normal 1 -0 0
    outer loop
      vertex 117 52.725 4
      vertex 117 64.725 0
      vertex 117 64.725 4
    endloop
  endfacet
  facet normal 1 0 0
    outer loop
      vertex 117 64.725 0
      vertex 117 52.725 4
      vertex 117 52.725 0
    endloop
  endfacet
  facet normal 0 0 1
    outer loop
      vertex 117 64.725 4
      vertex 114.5 61.225 4
      vertex 117 52.725 4
    endloop
  endfacet
  facet normal 0 0 1
    outer loop
      vertex 117 64.725 4
      vertex 111.5 61.225 4
      vertex 114.5 61.225 4
    endloop
  endfacet
  facet normal 0 0 1
    outer loop
      vertex 111.5 61.225 4
      vertex 109 64.725 4
      vertex 111.5 56.225 4
    endloop
  endfacet
  facet normal -0 0 1
    outer loop
      vertex 109 64.725 4
      vertex 111.5 61.225 4
      vertex 117 64.725 4
    endloop
  endfacet
  facet normal -0 0 1
    outer loop
      vertex 114.5 56.225 4
      vertex 117 52.725 4
      vertex 114.5 61.225 4
    endloop
  endfacet
  facet normal -0 0 1
    outer loop
      vertex 111.5 56.225 4
      vertex 117 52.725 4
      vertex 114.5 56.225 4
    endloop
  endfacet
  facet normal 0 0 1
    outer loop
      vertex 111.5 56.225 4
      vertex 109 52.725 4
      vertex 117 52.725 4
    endloop
  endfacet
  facet normal 0 0 1
    outer loop
      vertex 109 52.725 4
      vertex 111.5 56.225 4
      vertex 109 64.725 4
    endloop
  endfacet
  facet normal 0 1 -0
    outer loop
      vertex 117 64.725 0
      vertex 109 64.725 4
      vertex 117 64.725 4
    endloop
  endfacet
  facet normal 0 1 0
    outer loop
      vertex 109 64.725 4
      vertex 117 64.725 0
      vertex 109 64.725 0
    endloop
  endfacet
  facet normal 0 -1 0
    outer loop
      vertex 109 52.725 0
      vertex 117 52.725 4
      vertex 109 52.725 4
    endloop
  endfacet
  facet normal 0 -1 -0
    outer loop
      vertex 117 52.725 4
      vertex 109 52.725 0
      vertex 117 52.725 0
    endloop
  endfacet
  facet normal -1 0 0
    outer loop
      vertex 114.5 56.225 0
      vertex 114.5 61.225 4
      vertex 114.5 61.225 0
    endloop
  endfacet
  facet normal -1 -0 0
    outer loop
      vertex 114.5 61.225 4
      vertex 114.5 56.225 0
      vertex 114.5 56.225 4
    endloop
  endfacet
  facet normal 1 -0 0
    outer loop
      vertex 111.5 56.225 4
      vertex 111.5 61.225 0
      vertex 111.5 61.225 4
    endloop
  endfacet
  facet normal 1 0 0
    outer loop
      vertex 111.5 61.225 0
      vertex 111.5 56.225 4
      vertex 111.5 56.225 0
    endloop
  endfacet
  facet normal 0 -1 0
    outer loop
      vertex 111.5 61.225 0
      vertex 114.5 61.225 4
      vertex 111.5 61.225 4
    endloop
  endfacet
  facet normal 0 -1 -0
    outer loop
      vertex 114.5 61.225 4
      vertex 111.5 61.225 0
      vertex 114.5 61.225 0
    endloop
  endfacet
  facet normal 0 1 -0
    outer loop
      vertex 114.5 56.225 0
      vertex 111.5 56.225 4
      vertex 114.5 56.225 4
    endloop
  endfacet
  facet normal 0 1 0
    outer loop
      vertex 111.5 56.225 4
      vertex 114.5 56.225 0
      vertex 111.5 56.225 0
    endloop
  endfacet
  facet normal 0.995126 -0.0986165 0
    outer loop
      vertex 108.942 2.41473 23.6
      vertex 109 3 0
      vertex 109 3 23.6
    endloop
  endfacet
  facet normal 0.995126 -0.0986165 0
    outer loop
      vertex 109 3 0
      vertex 108.942 2.41473 23.6
      vertex 108.942 2.41473 0
    endloop
  endfacet
  facet normal 0.29018 -0.956972 0
    outer loop
      vertex 106.585 0.0576439 0
      vertex 107.148 0.228361 23.6
      vertex 106.585 0.0576439 23.6
    endloop
  endfacet
  facet normal 0.29018 -0.956972 0
    outer loop
      vertex 107.148 0.228361 23.6
      vertex 106.585 0.0576439 0
      vertex 107.148 0.228361 0
    endloop
  endfacet
  facet normal 0.471117 0.882071 -0
    outer loop
      vertex 107.667 77.7944 0
      vertex 107.148 78.0716 23.6
      vertex 107.667 77.7944 23.6
    endloop
  endfacet
  facet normal 0.471117 0.882071 0
    outer loop
      vertex 107.148 78.0716 23.6
      vertex 107.667 77.7944 0
      vertex 107.148 78.0716 0
    endloop
  endfacet
  facet normal 0.471156 -0.88205 0
    outer loop
      vertex 107.148 0.228361 0
      vertex 107.667 0.50559 23.6
      vertex 107.148 0.228361 23.6
    endloop
  endfacet
  facet normal 0.471156 -0.88205 0
    outer loop
      vertex 107.667 0.50559 23.6
      vertex 107.148 0.228361 0
      vertex 107.667 0.50559 0
    endloop
  endfacet
  facet normal 0 -1 0
    outer loop
      vertex 63.5 0 15.6
      vertex 68.5 0 21.6
      vertex 63.5 0 21.6
    endloop
  endfacet
  facet normal 0 -1 -0
    outer loop
      vertex 68.5 0 21.6
      vertex 63.5 0 15.6
      vertex 68.5 0 15.6
    endloop
  endfacet
  facet normal 0 -1 0
    outer loop
      vertex 54.5 0 15.6
      vertex 59.5 0 21.6
      vertex 54.5 0 21.6
    endloop
  endfacet
  facet normal 0 -1 -0
    outer loop
      vertex 59.5 0 21.6
      vertex 54.5 0 15.6
      vertex 59.5 0 15.6
    endloop
  endfacet
  facet normal 0 -1 0
    outer loop
      vertex 45.5 0 15.6
      vertex 50.5 0 21.6
      vertex 45.5 0 21.6
    endloop
  endfacet
  facet normal 0 -1 -0
    outer loop
      vertex 50.5 0 21.6
      vertex 45.5 0 15.6
      vertex 50.5 0 15.6
    endloop
  endfacet
  facet normal 0 -1 0
    outer loop
      vertex 36.5 0 15.6
      vertex 41.5 0 21.6
      vertex 36.5 0 21.6
    endloop
  endfacet
  facet normal 0 -1 -0
    outer loop
      vertex 41.5 0 21.6
      vertex 36.5 0 15.6
      vertex 41.5 0 15.6
    endloop
  endfacet
  facet normal 0 -1 0
    outer loop
      vertex 36.5 0 21.6
      vertex 3 0 23.6
      vertex 32.5 0 21.6
    endloop
  endfacet
  facet normal 0 -1 0
    outer loop
      vertex 3 0 23.6
      vertex 32.5 0 15.6
      vertex 32.5 0 21.6
    endloop
  endfacet
  facet normal 0 -1 0
    outer loop
      vertex 3 0 0
      vertex 36.5 0 15.6
      vertex 32.5 0 15.6
    endloop
  endfacet
  facet normal 0 -1 -0
    outer loop
      vertex 36.5 0 15.6
      vertex 3 0 0
      vertex 41.5 0 15.6
    endloop
  endfacet
  facet normal 0 -1 -0
    outer loop
      vertex 41.5 0 15.6
      vertex 3 0 0
      vertex 45.5 0 15.6
    endloop
  endfacet
  facet normal 0 -1 -0
    outer loop
      vertex 45.5 0 15.6
      vertex 3 0 0
      vertex 50.5 0 15.6
    endloop
  endfacet
  facet normal 0 -1 -0
    outer loop
      vertex 50.5 0 15.6
      vertex 3 0 0
      vertex 54.5 0 15.6
    endloop
  endfacet
  facet normal 0 -1 0
    outer loop
      vertex 106 0 0
      vertex 54.5 0 15.6
      vertex 3 0 0
    endloop
  endfacet
  facet normal 0 -1 0
    outer loop
      vertex 54.5 0 15.6
      vertex 106 0 0
      vertex 59.5 0 15.6
    endloop
  endfacet
  facet normal 0 -1 0
    outer loop
      vertex 59.5 0 15.6
      vertex 106 0 0
      vertex 63.5 0 15.6
    endloop
  endfacet
  facet normal 0 -1 0
    outer loop
      vertex 63.5 0 15.6
      vertex 106 0 0
      vertex 68.5 0 15.6
    endloop
  endfacet
  facet normal 0 -1 0
    outer loop
      vertex 3 0 0
      vertex 32.5 0 15.6
      vertex 3 0 23.6
    endloop
  endfacet
  facet normal 0 -1 0
    outer loop
      vertex 41.5 0 21.6
      vertex 3 0 23.6
      vertex 36.5 0 21.6
    endloop
  endfacet
  facet normal 0 -1 0
    outer loop
      vertex 45.5 0 21.6
      vertex 3 0 23.6
      vertex 41.5 0 21.6
    endloop
  endfacet
  facet normal 0 -1 0
    outer loop
      vertex 50.5 0 21.6
      vertex 3 0 23.6
      vertex 45.5 0 21.6
    endloop
  endfacet
  facet normal 0 -1 0
    outer loop
      vertex 3 0 23.6
      vertex 50.5 0 21.6
      vertex 106 0 23.6
    endloop
  endfacet
  facet normal 0 -1 0
    outer loop
      vertex 54.5 0 21.6
      vertex 106 0 23.6
      vertex 50.5 0 21.6
    endloop
  endfacet
  facet normal 0 -1 0
    outer loop
      vertex 59.5 0 21.6
      vertex 106 0 23.6
      vertex 54.5 0 21.6
    endloop
  endfacet
  facet normal 0 -1 0
    outer loop
      vertex 63.5 0 21.6
      vertex 106 0 23.6
      vertex 59.5 0 21.6
    endloop
  endfacet
  facet normal 0 -1 0
    outer loop
      vertex 68.5 0 21.6
      vertex 106 0 23.6
      vertex 63.5 0 21.6
    endloop
  endfacet
  facet normal 0 -1 0
    outer loop
      vertex 72.5 0 21.6
      vertex 106 0 23.6
      vertex 68.5 0 21.6
    endloop
  endfacet
  facet normal 0 -1 0
    outer loop
      vertex 72.5 0 15.6
      vertex 106 0 23.6
      vertex 72.5 0 21.6
    endloop
  endfacet
  facet normal 0 -1 0
    outer loop
      vertex 72.5 0 15.6
      vertex 106 0 0
      vertex 106 0 23.6
    endloop
  endfacet
  facet normal 0 -1 0
    outer loop
      vertex 68.5 0 15.6
      vertex 106 0 0
      vertex 72.5 0 15.6
    endloop
  endfacet
  facet normal 0.290309 0.956933 -0
    outer loop
      vertex 107.148 78.0716 0
      vertex 106.585 78.2424 23.6
      vertex 107.148 78.0716 23.6
    endloop
  endfacet
  facet normal 0.290309 0.956933 0
    outer loop
      vertex 106.585 78.2424 23.6
      vertex 107.148 78.0716 0
      vertex 106.585 78.2424 0
    endloop
  endfacet
  facet normal -0.773003 0.634402 0
    outer loop
      vertex 0.50559 76.9667 0
      vertex 0.878679 77.4213 23.6
      vertex 0.878679 77.4213 0
    endloop
  endfacet
  facet normal -0.773003 0.634402 0
    outer loop
      vertex 0.878679 77.4213 23.6
      vertex 0.50559 76.9667 0
      vertex 0.50559 76.9667 23.6
    endloop
  endfacet
  facet normal 0 1 -0
    outer loop
      vertex 41.5 78.3 15.6
      vertex 36.5 78.3 21.6
      vertex 41.5 78.3 21.6
    endloop
  endfacet
  facet normal 0 1 0
    outer loop
      vertex 36.5 78.3 21.6
      vertex 41.5 78.3 15.6
      vertex 36.5 78.3 15.6
    endloop
  endfacet
  facet normal 0 1 -0
    outer loop
      vertex 50.5 78.3 15.6
      vertex 45.5 78.3 21.6
      vertex 50.5 78.3 21.6
    endloop
  endfacet
  facet normal 0 1 0
    outer loop
      vertex 45.5 78.3 21.6
      vertex 50.5 78.3 15.6
      vertex 45.5 78.3 15.6
    endloop
  endfacet
  facet normal 0 1 -0
    outer loop
      vertex 59.5 78.3 15.6
      vertex 54.5 78.3 21.6
      vertex 59.5 78.3 21.6
    endloop
  endfacet
  facet normal 0 1 0
    outer loop
      vertex 54.5 78.3 21.6
      vertex 59.5 78.3 15.6
      vertex 54.5 78.3 15.6
    endloop
  endfacet
  facet normal 0 1 -0
    outer loop
      vertex 68.5 78.3 15.6
      vertex 63.5 78.3 21.6
      vertex 68.5 78.3 21.6
    endloop
  endfacet
  facet normal 0 1 0
    outer loop
      vertex 63.5 78.3 21.6
      vertex 68.5 78.3 15.6
      vertex 63.5 78.3 15.6
    endloop
  endfacet
  facet normal 0 1 0
    outer loop
      vertex 68.5 78.3 21.6
      vertex 106 78.3 23.6
      vertex 72.5 78.3 21.6
    endloop
  endfacet
  facet normal 0 1 0
    outer loop
      vertex 106 78.3 23.6
      vertex 72.5 78.3 15.6
      vertex 72.5 78.3 21.6
    endloop
  endfacet
  facet normal 0 1 0
    outer loop
      vertex 106 78.3 0
      vertex 68.5 78.3 15.6
      vertex 72.5 78.3 15.6
    endloop
  endfacet
  facet normal 0 1 0
    outer loop
      vertex 68.5 78.3 15.6
      vertex 106 78.3 0
      vertex 63.5 78.3 15.6
    endloop
  endfacet
  facet normal 0 1 0
    outer loop
      vertex 63.5 78.3 15.6
      vertex 106 78.3 0
      vertex 59.5 78.3 15.6
    endloop
  endfacet
  facet normal 0 1 0
    outer loop
      vertex 59.5 78.3 15.6
      vertex 106 78.3 0
      vertex 54.5 78.3 15.6
    endloop
  endfacet
  facet normal 0 1 0
    outer loop
      vertex 3 78.3 0
      vertex 54.5 78.3 15.6
      vertex 106 78.3 0
    endloop
  endfacet
  facet normal 0 1 0
    outer loop
      vertex 54.5 78.3 15.6
      vertex 3 78.3 0
      vertex 50.5 78.3 15.6
    endloop
  endfacet
  facet normal 0 1 0
    outer loop
      vertex 50.5 78.3 15.6
      vertex 3 78.3 0
      vertex 45.5 78.3 15.6
    endloop
  endfacet
  facet normal 0 1 0
    outer loop
      vertex 41.5 78.3 15.6
      vertex 3 78.3 0
      vertex 36.5 78.3 15.6
    endloop
  endfacet
  facet normal 0 1 0
    outer loop
      vertex 45.5 78.3 15.6
      vertex 3 78.3 0
      vertex 41.5 78.3 15.6
    endloop
  endfacet
  facet normal 0 1 -0
    outer loop
      vertex 106 78.3 0
      vertex 72.5 78.3 15.6
      vertex 106 78.3 23.6
    endloop
  endfacet
  facet normal 0 1 0
    outer loop
      vertex 63.5 78.3 21.6
      vertex 106 78.3 23.6
      vertex 68.5 78.3 21.6
    endloop
  endfacet
  facet normal 0 1 0
    outer loop
      vertex 59.5 78.3 21.6
      vertex 106 78.3 23.6
      vertex 63.5 78.3 21.6
    endloop
  endfacet
  facet normal 0 1 0
    outer loop
      vertex 106 78.3 23.6
      vertex 59.5 78.3 21.6
      vertex 3 78.3 23.6
    endloop
  endfacet
  facet normal 0 1 -0
    outer loop
      vertex 54.5 78.3 21.6
      vertex 3 78.3 23.6
      vertex 59.5 78.3 21.6
    endloop
  endfacet
  facet normal 0 1 -0
    outer loop
      vertex 50.5 78.3 21.6
      vertex 3 78.3 23.6
      vertex 54.5 78.3 21.6
    endloop
  endfacet
  facet normal 0 1 -0
    outer loop
      vertex 45.5 78.3 21.6
      vertex 3 78.3 23.6
      vertex 50.5 78.3 21.6
    endloop
  endfacet
  facet normal 0 1 -0
    outer loop
      vertex 41.5 78.3 21.6
      vertex 3 78.3 23.6
      vertex 45.5 78.3 21.6
    endloop
  endfacet
  facet normal 0 1 -0
    outer loop
      vertex 36.5 78.3 21.6
      vertex 3 78.3 23.6
      vertex 41.5 78.3 21.6
    endloop
  endfacet
  facet normal 0 1 -0
    outer loop
      vertex 32.5 78.3 21.6
      vertex 3 78.3 23.6
      vertex 36.5 78.3 21.6
    endloop
  endfacet
  facet normal 0 1 -0
    outer loop
      vertex 32.5 78.3 15.6
      vertex 3 78.3 23.6
      vertex 32.5 78.3 21.6
    endloop
  endfacet
  facet normal 0 1 0
    outer loop
      vertex 32.5 78.3 15.6
      vertex 3 78.3 0
      vertex 3 78.3 23.6
    endloop
  endfacet
  facet normal 0 1 0
    outer loop
      vertex 36.5 78.3 15.6
      vertex 3 78.3 0
      vertex 32.5 78.3 15.6
    endloop
  endfacet
  facet normal -0.0980169 -0.995185 0
    outer loop
      vertex 2.41473 0.0576439 0
      vertex 3 0 23.6
      vertex 2.41473 0.0576439 23.6
    endloop
  endfacet
  facet normal -0.0980169 -0.995185 -0
    outer loop
      vertex 3 0 23.6
      vertex 2.41473 0.0576439 0
      vertex 3 0 0
    endloop
  endfacet
  facet normal -0.634393 -0.773011 0
    outer loop
      vertex 0.878679 0.878679 0
      vertex 1.33329 0.50559 23.6
      vertex 0.878679 0.878679 23.6
    endloop
  endfacet
  facet normal -0.634393 -0.773011 -0
    outer loop
      vertex 1.33329 0.50559 23.6
      vertex 0.878679 0.878679 0
      vertex 1.33329 0.50559 0
    endloop
  endfacet
  facet normal -1 0 0
    outer loop
      vertex 0 13.575 0
      vertex 0 6.505 6.8
      vertex 0 13.575 4
    endloop
  endfacet
  facet normal -1 0 0
    outer loop
      vertex 0 3 23.6
      vertex 0 6.505 6.8
      vertex 0 3 0
    endloop
  endfacet
  facet normal -1 0 0
    outer loop
      vertex 0 3 0
      vertex 0 6.505 6.8
      vertex 0 13.575 0
    endloop
  endfacet
  facet normal -1 0 0
    outer loop
      vertex 0 13.575 4
      vertex 0 24.205 6.8
      vertex 0 25.575 4
    endloop
  endfacet
  facet normal -1 -0 0
    outer loop
      vertex 0 24.205 6.8
      vertex 0 13.575 4
      vertex 0 6.505 6.8
    endloop
  endfacet
  facet normal -1 0 0
    outer loop
      vertex 0 52.725 0
      vertex 0 35.505 6.8
      vertex 0 52.725 4
    endloop
  endfacet
  facet normal -1 0 0
    outer loop
      vertex 0 25.575 4
      vertex 0 35.505 6.8
      vertex 0 25.575 0
    endloop
  endfacet
  facet normal -1 0 0
    outer loop
      vertex 0 25.575 0
      vertex 0 35.505 6.8
      vertex 0 52.725 0
    endloop
  endfacet
  facet normal -1 0 0
    outer loop
      vertex 0 52.725 4
      vertex 0 53.205 6.8
      vertex 0 64.725 4
    endloop
  endfacet
  facet normal -1 -0 0
    outer loop
      vertex 0 53.205 6.8
      vertex 0 52.725 4
      vertex 0 35.505 6.8
    endloop
  endfacet
  facet normal -1 0 0
    outer loop
      vertex 0 64.725 4
      vertex 0 75.3 0
      vertex 0 64.725 0
    endloop
  endfacet
  facet normal -1 0 0
    outer loop
      vertex 0 75.3 0
      vertex 0 64.725 4
      vertex 0 75.3 23.6
    endloop
  endfacet
  facet normal -1 0 0
    outer loop
      vertex 0 53.205 21.2
      vertex 0 64.725 4
      vertex 0 53.205 6.8
    endloop
  endfacet
  facet normal -1 0 0
    outer loop
      vertex 0 64.725 4
      vertex 0 53.205 21.2
      vertex 0 75.3 23.6
    endloop
  endfacet
  facet normal -1 0 0
    outer loop
      vertex 0 35.505 21.2
      vertex 0 75.3 23.6
      vertex 0 53.205 21.2
    endloop
  endfacet
  facet normal -1 0 0
    outer loop
      vertex 0 24.205 6.8
      vertex 0 35.505 6.8
      vertex 0 25.575 4
    endloop
  endfacet
  facet normal -1 0 0
    outer loop
      vertex 0 35.505 6.8
      vertex 0 24.205 6.8
      vertex 0 35.505 21.2
    endloop
  endfacet
  facet normal -1 0 0
    outer loop
      vertex 0 24.205 21.2
      vertex 0 35.505 21.2
      vertex 0 24.205 6.8
    endloop
  endfacet
  facet normal -1 0 0
    outer loop
      vertex 0 3 23.6
      vertex 0 35.505 21.2
      vertex 0 24.205 21.2
    endloop
  endfacet
  facet normal -1 0 0
    outer loop
      vertex 0 3 23.6
      vertex 0 24.205 21.2
      vertex 0 6.505 21.2
    endloop
  endfacet
  facet normal -1 0 0
    outer loop
      vertex 0 35.505 21.2
      vertex 0 3 23.6
      vertex 0 75.3 23.6
    endloop
  endfacet
  facet normal -1 0 0
    outer loop
      vertex 0 6.505 6.8
      vertex 0 3 23.6
      vertex 0 6.505 21.2
    endloop
  endfacet
  facet normal 0.957282 0.289158 0
    outer loop
      vertex 108.942 75.8853 23.6
      vertex 108.772 76.4481 0
      vertex 108.772 76.4481 23.6
    endloop
  endfacet
  facet normal 0.957282 0.289158 0
    outer loop
      vertex 108.772 76.4481 0
      vertex 108.942 75.8853 23.6
      vertex 108.942 75.8853 0
    endloop
  endfacet
  facet normal -0.471358 0.881942 0
    outer loop
      vertex 1.85195 78.0716 0
      vertex 1.33329 77.7944 23.6
      vertex 1.85195 78.0716 23.6
    endloop
  endfacet
  facet normal -0.471358 0.881942 0
    outer loop
      vertex 1.33329 77.7944 23.6
      vertex 1.85195 78.0716 0
      vertex 1.33329 77.7944 0
    endloop
  endfacet
  facet normal 0.0980617 -0.99518 0
    outer loop
      vertex 106 0 0
      vertex 106.585 0.0576439 23.6
      vertex 106 0 23.6
    endloop
  endfacet
  facet normal 0.0980617 -0.99518 0
    outer loop
      vertex 106.585 0.0576439 23.6
      vertex 106 0 0
      vertex 106.585 0.0576439 0
    endloop
  endfacet
  facet normal 0.881376 -0.472415 0
    outer loop
      vertex 108.494 1.33329 23.6
      vertex 108.772 1.85195 0
      vertex 108.772 1.85195 23.6
    endloop
  endfacet
  facet normal 0.881376 -0.472415 0
    outer loop
      vertex 108.772 1.85195 0
      vertex 108.494 1.33329 23.6
      vertex 108.494 1.33329 0
    endloop
  endfacet
  facet normal 0.995126 0.0986115 0
    outer loop
      vertex 109 75.3 23.6
      vertex 108.942 75.8853 0
      vertex 108.942 75.8853 23.6
    endloop
  endfacet
  facet normal 0.995126 0.0986115 0
    outer loop
      vertex 108.942 75.8853 0
      vertex 109 75.3 23.6
      vertex 109 75.3 0
    endloop
  endfacet
  facet normal -0.773011 -0.634393 0
    outer loop
      vertex 0.878679 0.878679 0
      vertex 0.50559 1.33329 23.6
      vertex 0.50559 1.33329 0
    endloop
  endfacet
  facet normal -0.773011 -0.634393 0
    outer loop
      vertex 0.50559 1.33329 23.6
      vertex 0.878679 0.878679 0
      vertex 0.878679 0.878679 23.6
    endloop
  endfacet
  facet normal -0.290284 -0.95694 0
    outer loop
      vertex 1.85195 0.228361 0
      vertex 2.41473 0.0576439 23.6
      vertex 1.85195 0.228361 23.6
    endloop
  endfacet
  facet normal -0.290284 -0.95694 -0
    outer loop
      vertex 2.41473 0.0576439 23.6
      vertex 1.85195 0.228361 0
      vertex 2.41473 0.0576439 0
    endloop
  endfacet
  facet normal 0.957279 -0.289167 0
    outer loop
      vertex 108.772 1.85195 23.6
      vertex 108.942 2.41473 0
      vertex 108.942 2.41473 23.6
    endloop
  endfacet
  facet normal 0.957279 -0.289167 0
    outer loop
      vertex 108.942 2.41473 0
      vertex 108.772 1.85195 23.6
      vertex 108.772 1.85195 0
    endloop
  endfacet
  facet normal 0.881354 0.472457 0
    outer loop
      vertex 108.772 76.4481 23.6
      vertex 108.494 76.9667 0
      vertex 108.494 76.9667 23.6
    endloop
  endfacet
  facet normal 0.881354 0.472457 0
    outer loop
      vertex 108.494 76.9667 0
      vertex 108.772 76.4481 23.6
      vertex 108.772 76.4481 0
    endloop
  endfacet
  facet normal 0.0979877 0.995188 -0
    outer loop
      vertex 106.585 78.2424 0
      vertex 106 78.3 23.6
      vertex 106.585 78.2424 23.6
    endloop
  endfacet
  facet normal 0.0979877 0.995188 0
    outer loop
      vertex 106 78.3 23.6
      vertex 106.585 78.2424 0
      vertex 106 78.3 0
    endloop
  endfacet
  facet normal 0.634914 0.772583 -0
    outer loop
      vertex 108.121 77.4213 0
      vertex 107.667 77.7944 23.6
      vertex 108.121 77.4213 23.6
    endloop
  endfacet
  facet normal 0.634914 0.772583 0
    outer loop
      vertex 107.667 77.7944 23.6
      vertex 108.121 77.4213 0
      vertex 107.667 77.7944 0
    endloop
  endfacet
  facet normal 0.773078 0.634311 0
    outer loop
      vertex 108.494 76.9667 23.6
      vertex 108.121 77.4213 0
      vertex 108.121 77.4213 23.6
    endloop
  endfacet
  facet normal 0.773078 0.634311 0
    outer loop
      vertex 108.121 77.4213 0
      vertex 108.494 76.9667 23.6
      vertex 108.494 76.9667 0
    endloop
  endfacet
  facet normal 0.773085 -0.634302 0
    outer loop
      vertex 108.121 0.878679 23.6
      vertex 108.494 1.33329 0
      vertex 108.494 1.33329 23.6
    endloop
  endfacet
  facet normal 0.773085 -0.634302 0
    outer loop
      vertex 108.494 1.33329 0
      vertex 108.121 0.878679 23.6
      vertex 108.121 0.878679 0
    endloop
  endfacet
  facet normal -0.471396 -0.881922 0
    outer loop
      vertex 1.33329 0.50559 0
      vertex 1.85195 0.228361 23.6
      vertex 1.33329 0.50559 23.6
    endloop
  endfacet
  facet normal -0.471396 -0.881922 -0
    outer loop
      vertex 1.85195 0.228361 23.6
      vertex 1.33329 0.50559 0
      vertex 1.85195 0.228361 0
    endloop
  endfacet
  facet normal -0.290413 0.956901 0
    outer loop
      vertex 2.41473 78.2424 0
      vertex 1.85195 78.0716 23.6
      vertex 2.41473 78.2424 23.6
    endloop
  endfacet
  facet normal -0.290413 0.956901 0
    outer loop
      vertex 1.85195 78.0716 23.6
      vertex 2.41473 78.2424 0
      vertex 1.85195 78.0716 0
    endloop
  endfacet
  facet normal 0.634902 -0.772592 0
    outer loop
      vertex 107.667 0.50559 0
      vertex 108.121 0.878679 23.6
      vertex 107.667 0.50559 23.6
    endloop
  endfacet
  facet normal 0.634902 -0.772592 0
    outer loop
      vertex 108.121 0.878679 23.6
      vertex 107.667 0.50559 0
      vertex 108.121 0.878679 0
    endloop
  endfacet
  facet normal -0.0979429 0.995192 0
    outer loop
      vertex 3 78.3 0
      vertex 2.41473 78.2424 23.6
      vertex 3 78.3 23.6
    endloop
  endfacet
  facet normal -0.0979429 0.995192 0
    outer loop
      vertex 2.41473 78.2424 23.6
      vertex 3 78.3 0
      vertex 2.41473 78.2424 0
    endloop
  endfacet
  facet normal -0.881922 -0.471396 0
    outer loop
      vertex 0.50559 1.33329 0
      vertex 0.228361 1.85195 23.6
      vertex 0.228361 1.85195 0
    endloop
  endfacet
  facet normal -0.881922 -0.471396 0
    outer loop
      vertex 0.228361 1.85195 23.6
      vertex 0.50559 1.33329 0
      vertex 0.50559 1.33329 23.6
    endloop
  endfacet
  facet normal -0.995185 0.0980119 0
    outer loop
      vertex 0 75.3 0
      vertex 0.0576439 75.8853 23.6
      vertex 0.0576439 75.8853 0
    endloop
  endfacet
  facet normal -0.995185 0.0980119 0
    outer loop
      vertex 0.0576439 75.8853 23.6
      vertex 0 75.3 0
      vertex 0 75.3 23.6
    endloop
  endfacet
  facet normal -0.881899 0.471438 0
    outer loop
      vertex 0.228361 76.4481 0
      vertex 0.50559 76.9667 23.6
      vertex 0.50559 76.9667 0
    endloop
  endfacet
  facet normal -0.881899 0.471438 0
    outer loop
      vertex 0.50559 76.9667 23.6
      vertex 0.228361 76.4481 0
      vertex 0.228361 76.4481 23.6
    endloop
  endfacet
  facet normal -0.634404 0.773002 0
    outer loop
      vertex 1.33329 77.7944 0
      vertex 0.878679 77.4213 23.6
      vertex 1.33329 77.7944 23.6
    endloop
  endfacet
  facet normal -0.634404 0.773002 0
    outer loop
      vertex 0.878679 77.4213 23.6
      vertex 1.33329 77.7944 0
      vertex 0.878679 77.4213 0
    endloop
  endfacet
  facet normal -0.956943 0.290275 0
    outer loop
      vertex 0.0576439 75.8853 0
      vertex 0.228361 76.4481 23.6
      vertex 0.228361 76.4481 0
    endloop
  endfacet
  facet normal -0.956943 0.290275 0
    outer loop
      vertex 0.228361 76.4481 23.6
      vertex 0.0576439 75.8853 0
      vertex 0.0576439 75.8853 23.6
    endloop
  endfacet
  facet normal -0.95694 -0.290284 0
    outer loop
      vertex 0.228361 1.85195 0
      vertex 0.0576439 2.41473 23.6
      vertex 0.0576439 2.41473 0
    endloop
  endfacet
  facet normal -0.95694 -0.290284 0
    outer loop
      vertex 0.0576439 2.41473 23.6
      vertex 0.228361 1.85195 0
      vertex 0.228361 1.85195 23.6
    endloop
  endfacet
  facet normal 0 0 1
    outer loop
      vertex 7.25 72.3 23.6
      vertex 9.5 72.3 23.6
      vertex 9.43275 72.9828 23.6
    endloop
  endfacet
  facet normal 0 0 1
    outer loop
      vertex 7.22598 72.5439 23.6
      vertex 9.43275 72.9828 23.6
      vertex 9.23358 73.6394 23.6
    endloop
  endfacet
  facet normal 0 0 1
    outer loop
      vertex 9.5 72.3 23.6
      vertex 7.25 72.3 23.6
      vertex 9.43275 71.6172 23.6
    endloop
  endfacet
  facet normal 0 0 1
    outer loop
      vertex 7.15485 72.7784 23.6
      vertex 9.23358 73.6394 23.6
      vertex 8.91014 74.2445 23.6
    endloop
  endfacet
  facet normal -0 0 1
    outer loop
      vertex 7.22598 72.0561 23.6
      vertex 9.43275 71.6172 23.6
      vertex 7.25 72.3 23.6
    endloop
  endfacet
  facet normal 0 0 1
    outer loop
      vertex 7.03934 72.9945 23.6
      vertex 8.91014 74.2445 23.6
      vertex 8.47487 74.7749 23.6
    endloop
  endfacet
  facet normal 0 0 1
    outer loop
      vertex 9.43275 71.6172 23.6
      vertex 7.22598 72.0561 23.6
      vertex 9.23358 70.9606 23.6
    endloop
  endfacet
  facet normal 0 0 1
    outer loop
      vertex 6.88388 73.1839 23.6
      vertex 8.47487 74.7749 23.6
      vertex 7.9445 75.2101 23.6
    endloop
  endfacet
  facet normal -0 0 1
    outer loop
      vertex 7.15485 71.8216 23.6
      vertex 9.23358 70.9606 23.6
      vertex 7.22598 72.0561 23.6
    endloop
  endfacet
  facet normal 0 0 1
    outer loop
      vertex 6.69446 73.3393 23.6
      vertex 7.9445 75.2101 23.6
      vertex 7.33939 75.5336 23.6
    endloop
  endfacet
  facet normal 0 0 1
    outer loop
      vertex 9.23358 70.9606 23.6
      vertex 7.15485 71.8216 23.6
      vertex 8.91014 70.3555 23.6
    endloop
  endfacet
  facet normal -0 0 1
    outer loop
      vertex 7.03934 71.6055 23.6
      vertex 8.91014 70.3555 23.6
      vertex 7.15485 71.8216 23.6
    endloop
  endfacet
  facet normal 0 0 1
    outer loop
      vertex 9.43275 72.9828 23.6
      vertex 7.22598 72.5439 23.6
      vertex 7.25 72.3 23.6
    endloop
  endfacet
  facet normal 0 0 1
    outer loop
      vertex 9.23358 73.6394 23.6
      vertex 7.15485 72.7784 23.6
      vertex 7.22598 72.5439 23.6
    endloop
  endfacet
  facet normal 0 0 1
    outer loop
      vertex 8.91014 74.2445 23.6
      vertex 7.03934 72.9945 23.6
      vertex 7.15485 72.7784 23.6
    endloop
  endfacet
  facet normal 0 0 1
    outer loop
      vertex 8.47487 74.7749 23.6
      vertex 6.88388 73.1839 23.6
      vertex 7.03934 72.9945 23.6
    endloop
  endfacet
  facet normal 0 0 1
    outer loop
      vertex 7.9445 75.2101 23.6
      vertex 6.69446 73.3393 23.6
      vertex 6.88388 73.1839 23.6
    endloop
  endfacet
  facet normal 0 0 1
    outer loop
      vertex 6.47835 73.4548 23.6
      vertex 7.33939 75.5336 23.6
      vertex 6.68282 75.7327 23.6
    endloop
  endfacet
  facet normal 0 0 1
    outer loop
      vertex 7.33939 75.5336 23.6
      vertex 6.47835 73.4548 23.6
      vertex 6.69446 73.3393 23.6
    endloop
  endfacet
  facet normal 0 0 1
    outer loop
      vertex 6.68282 75.7327 23.6
      vertex 6.24386 73.526 23.6
      vertex 6.47835 73.4548 23.6
    endloop
  endfacet
  facet normal 0 0 1
    outer loop
      vertex 6.00001 75.8 23.6
      vertex 6.24386 73.526 23.6
      vertex 6.68282 75.7327 23.6
    endloop
  endfacet
  facet normal 0 0 1
    outer loop
      vertex 6.24386 73.526 23.6
      vertex 6.00001 75.8 23.6
      vertex 6 73.55 23.6
    endloop
  endfacet
  facet normal 0 0 1
    outer loop
      vertex 8.91014 70.3555 23.6
      vertex 7.03934 71.6055 23.6
      vertex 8.47487 69.8251 23.6
    endloop
  endfacet
  facet normal -0 0 1
    outer loop
      vertex 6.88388 71.4161 23.6
      vertex 8.47487 69.8251 23.6
      vertex 7.03934 71.6055 23.6
    endloop
  endfacet
  facet normal 0 0 1
    outer loop
      vertex 8.47487 69.8251 23.6
      vertex 6.88388 71.4161 23.6
      vertex 7.9445 69.3899 23.6
    endloop
  endfacet
  facet normal -0 0 1
    outer loop
      vertex 6.69446 71.2607 23.6
      vertex 7.9445 69.3899 23.6
      vertex 6.88388 71.4161 23.6
    endloop
  endfacet
  facet normal 0 0 1
    outer loop
      vertex 7.9445 69.3899 23.6
      vertex 6.69446 71.2607 23.6
      vertex 7.33939 69.0664 23.6
    endloop
  endfacet
  facet normal -0 0 1
    outer loop
      vertex 6.47835 71.1451 23.6
      vertex 7.33939 69.0664 23.6
      vertex 6.69446 71.2607 23.6
    endloop
  endfacet
  facet normal 0 0 1
    outer loop
      vertex 7.33939 69.0664 23.6
      vertex 6.47835 71.1451 23.6
      vertex 6.68282 68.8672 23.6
    endloop
  endfacet
  facet normal -0 0 1
    outer loop
      vertex 6.24386 71.074 23.6
      vertex 6.68282 68.8672 23.6
      vertex 6.47835 71.1451 23.6
    endloop
  endfacet
  facet normal -0 0 1
    outer loop
      vertex 6 71.05 23.6
      vertex 6.68282 68.8672 23.6
      vertex 6.24386 71.074 23.6
    endloop
  endfacet
  facet normal 0 0 1
    outer loop
      vertex 6 71.05 23.6
      vertex 6 68.8 23.6
      vertex 6.68282 68.8672 23.6
    endloop
  endfacet
  facet normal 0 0 1
    outer loop
      vertex 5.75614 71.074 23.6
      vertex 6 68.8 23.6
      vertex 6 71.05 23.6
    endloop
  endfacet
  facet normal 0 0 1
    outer loop
      vertex 5.31718 68.8672 23.6
      vertex 5.75614 71.074 23.6
      vertex 5.52165 71.1451 23.6
    endloop
  endfacet
  facet normal 0 0 1
    outer loop
      vertex 5.75614 71.074 23.6
      vertex 5.31718 68.8672 23.6
      vertex 6 68.8 23.6
    endloop
  endfacet
  facet normal 0 0 1
    outer loop
      vertex 4.66061 69.0664 23.6
      vertex 5.52165 71.1451 23.6
      vertex 5.30554 71.2607 23.6
    endloop
  endfacet
  facet normal 0 0 1
    outer loop
      vertex 4.0555 69.3899 23.6
      vertex 5.30554 71.2607 23.6
      vertex 5.11612 71.4161 23.6
    endloop
  endfacet
  facet normal 0 0 1
    outer loop
      vertex 3.52513 69.8251 23.6
      vertex 5.11612 71.4161 23.6
      vertex 4.96066 71.6055 23.6
    endloop
  endfacet
  facet normal 0 0 1
    outer loop
      vertex 3.08986 70.3555 23.6
      vertex 4.96066 71.6055 23.6
      vertex 4.84515 71.8216 23.6
    endloop
  endfacet
  facet normal 0 0 1
    outer loop
      vertex 2.76642 70.9606 23.6
      vertex 4.84515 71.8216 23.6
      vertex 4.77402 72.0561 23.6
    endloop
  endfacet
  facet normal 0 0 1
    outer loop
      vertex 5.52165 71.1451 23.6
      vertex 4.66061 69.0664 23.6
      vertex 5.31718 68.8672 23.6
    endloop
  endfacet
  facet normal 0 0 1
    outer loop
      vertex 2.56725 71.6172 23.6
      vertex 4.77402 72.0561 23.6
      vertex 4.75 72.3 23.6
    endloop
  endfacet
  facet normal 0 0 1
    outer loop
      vertex 4.96066 72.9945 23.6
      vertex 3.08986 74.2445 23.6
      vertex 4.84515 72.7784 23.6
    endloop
  endfacet
  facet normal -0 0 1
    outer loop
      vertex 2.76642 73.6394 23.6
      vertex 4.84515 72.7784 23.6
      vertex 3.08986 74.2445 23.6
    endloop
  endfacet
  facet normal 0 0 1
    outer loop
      vertex 5.30554 71.2607 23.6
      vertex 4.0555 69.3899 23.6
      vertex 4.66061 69.0664 23.6
    endloop
  endfacet
  facet normal 0 0 1
    outer loop
      vertex 4.84515 72.7784 23.6
      vertex 2.76642 73.6394 23.6
      vertex 4.77402 72.5439 23.6
    endloop
  endfacet
  facet normal 0 0 1
    outer loop
      vertex 5.11612 71.4161 23.6
      vertex 3.52513 69.8251 23.6
      vertex 4.0555 69.3899 23.6
    endloop
  endfacet
  facet normal -0 0 1
    outer loop
      vertex 2.56725 72.9828 23.6
      vertex 4.77402 72.5439 23.6
      vertex 2.76642 73.6394 23.6
    endloop
  endfacet
  facet normal 0 0 1
    outer loop
      vertex 4.96066 71.6055 23.6
      vertex 3.08986 70.3555 23.6
      vertex 3.52513 69.8251 23.6
    endloop
  endfacet
  facet normal 0 0 1
    outer loop
      vertex 4.77402 72.5439 23.6
      vertex 2.56725 72.9828 23.6
      vertex 4.75 72.3 23.6
    endloop
  endfacet
  facet normal 0 0 1
    outer loop
      vertex 4.84515 71.8216 23.6
      vertex 2.76642 70.9606 23.6
      vertex 3.08986 70.3555 23.6
    endloop
  endfacet
  facet normal 0 0 1
    outer loop
      vertex 2.5 72.3 23.6
      vertex 4.75 72.3 23.6
      vertex 2.56725 72.9828 23.6
    endloop
  endfacet
  facet normal 0 0 1
    outer loop
      vertex 4.77402 72.0561 23.6
      vertex 2.56725 71.6172 23.6
      vertex 2.76642 70.9606 23.6
    endloop
  endfacet
  facet normal 0 0 1
    outer loop
      vertex 4.75 72.3 23.6
      vertex 2.5 72.3 23.6
      vertex 2.56725 71.6172 23.6
    endloop
  endfacet
  facet normal 0 0 1
    outer loop
      vertex 5.99999 75.8 23.6
      vertex 5.75614 73.526 23.6
      vertex 6 73.55 23.6
    endloop
  endfacet
  facet normal -0 0 1
    outer loop
      vertex 5.31718 75.7327 23.6
      vertex 5.75614 73.526 23.6
      vertex 5.99999 75.8 23.6
    endloop
  endfacet
  facet normal 0 0 1
    outer loop
      vertex 5.75614 73.526 23.6
      vertex 5.31718 75.7327 23.6
      vertex 5.52165 73.4548 23.6
    endloop
  endfacet
  facet normal -0 0 1
    outer loop
      vertex 4.66061 75.5336 23.6
      vertex 5.52165 73.4548 23.6
      vertex 5.31718 75.7327 23.6
    endloop
  endfacet
  facet normal 0 0 1
    outer loop
      vertex 5.52165 73.4548 23.6
      vertex 4.66061 75.5336 23.6
      vertex 5.30554 73.3393 23.6
    endloop
  endfacet
  facet normal -0 0 1
    outer loop
      vertex 4.0555 75.2101 23.6
      vertex 5.30554 73.3393 23.6
      vertex 4.66061 75.5336 23.6
    endloop
  endfacet
  facet normal 0 0 1
    outer loop
      vertex 5.30554 73.3393 23.6
      vertex 4.0555 75.2101 23.6
      vertex 5.11612 73.1839 23.6
    endloop
  endfacet
  facet normal -0 0 1
    outer loop
      vertex 3.52513 74.7749 23.6
      vertex 5.11612 73.1839 23.6
      vertex 4.0555 75.2101 23.6
    endloop
  endfacet
  facet normal -0 0 1
    outer loop
      vertex 3.08986 74.2445 23.6
      vertex 4.96066 72.9945 23.6
      vertex 3.52513 74.7749 23.6
    endloop
  endfacet
  facet normal 0 0 1
    outer loop
      vertex 5.11612 73.1839 23.6
      vertex 3.52513 74.7749 23.6
      vertex 4.96066 72.9945 23.6
    endloop
  endfacet
  facet normal 0 0 1
    outer loop
      vertex 106.163 74.9111 23.6
      vertex 109 75.3 23.6
      vertex 108.942 75.8853 23.6
    endloop
  endfacet
  facet normal 0 0 1
    outer loop
      vertex 109 75.3 23.6
      vertex 106.5 72.3 23.6
      vertex 109 3 23.6
    endloop
  endfacet
  facet normal 0 0 1
    outer loop
      vertex 106.163 74.9111 23.6
      vertex 108.942 75.8853 23.6
      vertex 108.772 76.4481 23.6
    endloop
  endfacet
  facet normal -0 0 1
    outer loop
      vertex 106.5 6 23.6
      vertex 109 3 23.6
      vertex 106.5 72.3 23.6
    endloop
  endfacet
  facet normal 0 0 1
    outer loop
      vertex 106.163 74.9111 23.6
      vertex 108.772 76.4481 23.6
      vertex 108.494 76.9667 23.6
    endloop
  endfacet
  facet normal -0 0 1
    outer loop
      vertex 106.5 4.5 23.6
      vertex 109 3 23.6
      vertex 106.5 6 23.6
    endloop
  endfacet
  facet normal 0 0 1
    outer loop
      vertex 105.914 75.2142 23.6
      vertex 108.494 76.9667 23.6
      vertex 108.121 77.4213 23.6
    endloop
  endfacet
  facet normal -0 0 1
    outer loop
      vertex 106.462 4.10982 23.6
      vertex 109 3 23.6
      vertex 106.5 4.5 23.6
    endloop
  endfacet
  facet normal 0 0 1
    outer loop
      vertex 105.914 75.2142 23.6
      vertex 108.121 77.4213 23.6
      vertex 107.667 77.7944 23.6
    endloop
  endfacet
  facet normal -0 0 1
    outer loop
      vertex 106.348 3.73463 23.6
      vertex 109 3 23.6
      vertex 106.462 4.10982 23.6
    endloop
  endfacet
  facet normal 0 0 1
    outer loop
      vertex 105.611 75.4629 23.6
      vertex 107.667 77.7944 23.6
      vertex 107.148 78.0716 23.6
    endloop
  endfacet
  facet normal -0 0 1
    outer loop
      vertex 106.163 3.38886 23.6
      vertex 109 3 23.6
      vertex 106.348 3.73463 23.6
    endloop
  endfacet
  facet normal 0 0 1
    outer loop
      vertex 105.611 75.4629 23.6
      vertex 107.148 78.0716 23.6
      vertex 106.585 78.2424 23.6
    endloop
  endfacet
  facet normal 0 0 1
    outer loop
      vertex 109 3 23.6
      vertex 106.163 3.38886 23.6
      vertex 108.942 2.41473 23.6
    endloop
  endfacet
  facet normal 0 0 1
    outer loop
      vertex 109 75.3 23.6
      vertex 106.5 73.8 23.6
      vertex 106.5 72.3 23.6
    endloop
  endfacet
  facet normal 0 0 1
    outer loop
      vertex 109 75.3 23.6
      vertex 106.462 74.1902 23.6
      vertex 106.5 73.8 23.6
    endloop
  endfacet
  facet normal 0 0 1
    outer loop
      vertex 109 75.3 23.6
      vertex 106.348 74.5654 23.6
      vertex 106.462 74.1902 23.6
    endloop
  endfacet
  facet normal 0 0 1
    outer loop
      vertex 109 75.3 23.6
      vertex 106.163 74.9111 23.6
      vertex 106.348 74.5654 23.6
    endloop
  endfacet
  facet normal 0 0 1
    outer loop
      vertex 105.611 75.4629 23.6
      vertex 106.585 78.2424 23.6
      vertex 106 78.3 23.6
    endloop
  endfacet
  facet normal 0 0 1
    outer loop
      vertex 108.494 76.9667 23.6
      vertex 105.914 75.2142 23.6
      vertex 106.163 74.9111 23.6
    endloop
  endfacet
  facet normal 0 0 1
    outer loop
      vertex 107.667 77.7944 23.6
      vertex 105.611 75.4629 23.6
      vertex 105.914 75.2142 23.6
    endloop
  endfacet
  facet normal 0 0 1
    outer loop
      vertex 106 78.3 23.6
      vertex 105.265 75.6478 23.6
      vertex 105.611 75.4629 23.6
    endloop
  endfacet
  facet normal 0 0 1
    outer loop
      vertex 106 78.3 23.6
      vertex 104.89 75.7616 23.6
      vertex 105.265 75.6478 23.6
    endloop
  endfacet
  facet normal 0 0 1
    outer loop
      vertex 106 78.3 23.6
      vertex 104.5 75.8 23.6
      vertex 104.89 75.7616 23.6
    endloop
  endfacet
  facet normal 0 0 1
    outer loop
      vertex 106 78.3 23.6
      vertex 103 75.8 23.6
      vertex 104.5 75.8 23.6
    endloop
  endfacet
  facet normal 0 0 1
    outer loop
      vertex 106 78.3 23.6
      vertex 6.00001 75.8 23.6
      vertex 103 75.8 23.6
    endloop
  endfacet
  facet normal 0 0 1
    outer loop
      vertex 6.00001 75.8 23.6
      vertex 5.99999 75.8 23.6
      vertex 6 73.55 23.6
    endloop
  endfacet
  facet normal -0 0 1
    outer loop
      vertex 3 78.3 23.6
      vertex 6.00001 75.8 23.6
      vertex 106 78.3 23.6
    endloop
  endfacet
  facet normal 0 0 1
    outer loop
      vertex 6.00001 75.8 23.6
      vertex 3 78.3 23.6
      vertex 5.99999 75.8 23.6
    endloop
  endfacet
  facet normal 0 0 1
    outer loop
      vertex 5.99999 75.8 23.6
      vertex 3 78.3 23.6
      vertex 4.5 75.8 23.6
    endloop
  endfacet
  facet normal 0 0 1
    outer loop
      vertex 3 78.3 23.6
      vertex 4.10982 75.7616 23.6
      vertex 4.5 75.8 23.6
    endloop
  endfacet
  facet normal 0 0 1
    outer loop
      vertex 3 78.3 23.6
      vertex 3.73463 75.6478 23.6
      vertex 4.10982 75.7616 23.6
    endloop
  endfacet
  facet normal 0 0 1
    outer loop
      vertex 3 78.3 23.6
      vertex 3.38886 75.4629 23.6
      vertex 3.73463 75.6478 23.6
    endloop
  endfacet
  facet normal -0 0 1
    outer loop
      vertex 2.41473 78.2424 23.6
      vertex 3.38886 75.4629 23.6
      vertex 3 78.3 23.6
    endloop
  endfacet
  facet normal -0 0 1
    outer loop
      vertex 1.85195 78.0716 23.6
      vertex 3.38886 75.4629 23.6
      vertex 2.41473 78.2424 23.6
    endloop
  endfacet
  facet normal -0 0 1
    outer loop
      vertex 1.33329 77.7944 23.6
      vertex 3.38886 75.4629 23.6
      vertex 1.85195 78.0716 23.6
    endloop
  endfacet
  facet normal 0 0 1
    outer loop
      vertex 3.38886 75.4629 23.6
      vertex 1.33329 77.7944 23.6
      vertex 3.08579 75.2142 23.6
    endloop
  endfacet
  facet normal 0 0 1
    outer loop
      vertex 0 75.3 23.6
      vertex 2.5 72.3 23.6
      vertex 2.5 73.8 23.6
    endloop
  endfacet
  facet normal 0 0 1
    outer loop
      vertex 2.5 72.3 23.6
      vertex 0 75.3 23.6
      vertex 2.5 6 23.6
    endloop
  endfacet
  facet normal 0 0 1
    outer loop
      vertex 3.08579 75.2142 23.6
      vertex 0.50559 76.9667 23.6
      vertex 2.83706 74.9111 23.6
    endloop
  endfacet
  facet normal -0 0 1
    outer loop
      vertex 0.50559 76.9667 23.6
      vertex 3.08579 75.2142 23.6
      vertex 0.878679 77.4213 23.6
    endloop
  endfacet
  facet normal -0 0 1
    outer loop
      vertex 0.878679 77.4213 23.6
      vertex 3.08579 75.2142 23.6
      vertex 1.33329 77.7944 23.6
    endloop
  endfacet
  facet normal 0 0 1
    outer loop
      vertex 108.942 2.41473 23.6
      vertex 106.163 3.38886 23.6
      vertex 108.772 1.85195 23.6
    endloop
  endfacet
  facet normal 0 0 1
    outer loop
      vertex 108.772 1.85195 23.6
      vertex 106.163 3.38886 23.6
      vertex 108.494 1.33329 23.6
    endloop
  endfacet
  facet normal -0 0 1
    outer loop
      vertex 105.914 3.08579 23.6
      vertex 108.494 1.33329 23.6
      vertex 106.163 3.38886 23.6
    endloop
  endfacet
  facet normal 0 0 1
    outer loop
      vertex 108.494 1.33329 23.6
      vertex 105.914 3.08579 23.6
      vertex 108.121 0.878679 23.6
    endloop
  endfacet
  facet normal 0 0 1
    outer loop
      vertex 108.121 0.878679 23.6
      vertex 105.914 3.08579 23.6
      vertex 107.667 0.50559 23.6
    endloop
  endfacet
  facet normal -0 0 1
    outer loop
      vertex 105.611 2.83706 23.6
      vertex 107.667 0.50559 23.6
      vertex 105.914 3.08579 23.6
    endloop
  endfacet
  facet normal 0 0 1
    outer loop
      vertex 107.667 0.50559 23.6
      vertex 105.611 2.83706 23.6
      vertex 107.148 0.228361 23.6
    endloop
  endfacet
  facet normal 0 0 1
    outer loop
      vertex 107.148 0.228361 23.6
      vertex 105.611 2.83706 23.6
      vertex 106.585 0.0576439 23.6
    endloop
  endfacet
  facet normal 0 0 1
    outer loop
      vertex 106.585 0.0576439 23.6
      vertex 105.611 2.83706 23.6
      vertex 106 0 23.6
    endloop
  endfacet
  facet normal -0 0 1
    outer loop
      vertex 105.265 2.65224 23.6
      vertex 106 0 23.6
      vertex 105.611 2.83706 23.6
    endloop
  endfacet
  facet normal -0 0 1
    outer loop
      vertex 104.89 2.53843 23.6
      vertex 106 0 23.6
      vertex 105.265 2.65224 23.6
    endloop
  endfacet
  facet normal -0 0 1
    outer loop
      vertex 104.5 2.5 23.6
      vertex 106 0 23.6
      vertex 104.89 2.53843 23.6
    endloop
  endfacet
  facet normal -0 0 1
    outer loop
      vertex 103 2.5 23.6
      vertex 106 0 23.6
      vertex 104.5 2.5 23.6
    endloop
  endfacet
  facet normal -0 0 1
    outer loop
      vertex 6 2.5 23.6
      vertex 106 0 23.6
      vertex 103 2.5 23.6
    endloop
  endfacet
  facet normal 0 0 1
    outer loop
      vertex 3 0 23.6
      vertex 6 2.5 23.6
      vertex 4.5 2.5 23.6
    endloop
  endfacet
  facet normal 0 0 1
    outer loop
      vertex 6 2.5 23.6
      vertex 3 0 23.6
      vertex 106 0 23.6
    endloop
  endfacet
  facet normal 0 0 1
    outer loop
      vertex 4.10982 2.53843 23.6
      vertex 3 0 23.6
      vertex 4.5 2.5 23.6
    endloop
  endfacet
  facet normal 0 0 1
    outer loop
      vertex 3.73463 2.65224 23.6
      vertex 3 0 23.6
      vertex 4.10982 2.53843 23.6
    endloop
  endfacet
  facet normal 0 0 1
    outer loop
      vertex 3.38886 2.83706 23.6
      vertex 3 0 23.6
      vertex 3.73463 2.65224 23.6
    endloop
  endfacet
  facet normal 0 0 1
    outer loop
      vertex 1.33329 0.50559 23.6
      vertex 3.38886 2.83706 23.6
      vertex 3.08579 3.08579 23.6
    endloop
  endfacet
  facet normal 0 0 1
    outer loop
      vertex 0.50559 1.33329 23.6
      vertex 3.08579 3.08579 23.6
      vertex 2.83706 3.38886 23.6
    endloop
  endfacet
  facet normal 0 0 1
    outer loop
      vertex 0 3 23.6
      vertex 2.83706 3.38886 23.6
      vertex 2.65224 3.73463 23.6
    endloop
  endfacet
  facet normal 0 0 1
    outer loop
      vertex 0 3 23.6
      vertex 2.65224 3.73463 23.6
      vertex 2.53843 4.10982 23.6
    endloop
  endfacet
  facet normal 0 0 1
    outer loop
      vertex 3.38886 2.83706 23.6
      vertex 2.41473 0.0576439 23.6
      vertex 3 0 23.6
    endloop
  endfacet
  facet normal 0 0 1
    outer loop
      vertex 0 3 23.6
      vertex 2.53843 4.10982 23.6
      vertex 2.5 4.5 23.6
    endloop
  endfacet
  facet normal 0 0 1
    outer loop
      vertex 0 3 23.6
      vertex 2.5 6 23.6
      vertex 0 75.3 23.6
    endloop
  endfacet
  facet normal -0 0 1
    outer loop
      vertex 0.228361 76.4481 23.6
      vertex 2.83706 74.9111 23.6
      vertex 0.50559 76.9667 23.6
    endloop
  endfacet
  facet normal 0 0 1
    outer loop
      vertex 2.5 6 23.6
      vertex 0 3 23.6
      vertex 2.5 4.5 23.6
    endloop
  endfacet
  facet normal -0 0 1
    outer loop
      vertex 0.0576439 75.8853 23.6
      vertex 2.83706 74.9111 23.6
      vertex 0.228361 76.4481 23.6
    endloop
  endfacet
  facet normal 0 0 1
    outer loop
      vertex 2.83706 3.38886 23.6
      vertex 0 3 23.6
      vertex 0.0576439 2.41473 23.6
    endloop
  endfacet
  facet normal -0 0 1
    outer loop
      vertex 0 75.3 23.6
      vertex 2.83706 74.9111 23.6
      vertex 0.0576439 75.8853 23.6
    endloop
  endfacet
  facet normal 0 0 1
    outer loop
      vertex 3.38886 2.83706 23.6
      vertex 1.85195 0.228361 23.6
      vertex 2.41473 0.0576439 23.6
    endloop
  endfacet
  facet normal 0 0 1
    outer loop
      vertex 2.83706 74.9111 23.6
      vertex 0 75.3 23.6
      vertex 2.65224 74.5654 23.6
    endloop
  endfacet
  facet normal 0 0 1
    outer loop
      vertex 3.38886 2.83706 23.6
      vertex 1.33329 0.50559 23.6
      vertex 1.85195 0.228361 23.6
    endloop
  endfacet
  facet normal 0 0 1
    outer loop
      vertex 2.65224 74.5654 23.6
      vertex 0 75.3 23.6
      vertex 2.53843 74.1902 23.6
    endloop
  endfacet
  facet normal 0 0 1
    outer loop
      vertex 3.08579 3.08579 23.6
      vertex 0.878679 0.878679 23.6
      vertex 1.33329 0.50559 23.6
    endloop
  endfacet
  facet normal 0 0 1
    outer loop
      vertex 2.53843 74.1902 23.6
      vertex 0 75.3 23.6
      vertex 2.5 73.8 23.6
    endloop
  endfacet
  facet normal 0 0 1
    outer loop
      vertex 3.08579 3.08579 23.6
      vertex 0.50559 1.33329 23.6
      vertex 0.878679 0.878679 23.6
    endloop
  endfacet
  facet normal 0 0 1
    outer loop
      vertex 2.83706 3.38886 23.6
      vertex 0.228361 1.85195 23.6
      vertex 0.50559 1.33329 23.6
    endloop
  endfacet
  facet normal 0 0 1
    outer loop
      vertex 2.83706 3.38886 23.6
      vertex 0.0576439 2.41473 23.6
      vertex 0.228361 1.85195 23.6
    endloop
  endfacet
  facet normal 0 0 1
    outer loop
      vertex 104.25 72.3 23.6
      vertex 106.5 72.3 23.6
      vertex 106.433 72.9828 23.6
    endloop
  endfacet
  facet normal 0 0 1
    outer loop
      vertex 104.226 72.5439 23.6
      vertex 106.433 72.9828 23.6
      vertex 106.234 73.6394 23.6
    endloop
  endfacet
  facet normal 0 0 1
    outer loop
      vertex 106.5 72.3 23.6
      vertex 104.25 72.3 23.6
      vertex 106.433 71.6172 23.6
    endloop
  endfacet
  facet normal 0 0 1
    outer loop
      vertex 104.155 72.7784 23.6
      vertex 106.234 73.6394 23.6
      vertex 105.91 74.2445 23.6
    endloop
  endfacet
  facet normal -0 0 1
    outer loop
      vertex 104.226 72.0561 23.6
      vertex 106.433 71.6172 23.6
      vertex 104.25 72.3 23.6
    endloop
  endfacet
  facet normal 0 0 1
    outer loop
      vertex 104.039 72.9945 23.6
      vertex 105.91 74.2445 23.6
      vertex 105.475 74.7749 23.6
    endloop
  endfacet
  facet normal 0 0 1
    outer loop
      vertex 106.433 71.6172 23.6
      vertex 104.226 72.0561 23.6
      vertex 106.234 70.9606 23.6
    endloop
  endfacet
  facet normal 0 0 1
    outer loop
      vertex 103.884 73.1839 23.6
      vertex 105.475 74.7749 23.6
      vertex 104.944 75.2101 23.6
    endloop
  endfacet
  facet normal -0 0 1
    outer loop
      vertex 104.155 71.8216 23.6
      vertex 106.234 70.9606 23.6
      vertex 104.226 72.0561 23.6
    endloop
  endfacet
  facet normal 0 0 1
    outer loop
      vertex 103.694 73.3393 23.6
      vertex 104.944 75.2101 23.6
      vertex 104.339 75.5336 23.6
    endloop
  endfacet
  facet normal 0 0 1
    outer loop
      vertex 106.234 70.9606 23.6
      vertex 104.155 71.8216 23.6
      vertex 105.91 70.3555 23.6
    endloop
  endfacet
  facet normal -0 0 1
    outer loop
      vertex 104.039 71.6055 23.6
      vertex 105.91 70.3555 23.6
      vertex 104.155 71.8216 23.6
    endloop
  endfacet
  facet normal 0 0 1
    outer loop
      vertex 106.433 72.9828 23.6
      vertex 104.226 72.5439 23.6
      vertex 104.25 72.3 23.6
    endloop
  endfacet
  facet normal 0 0 1
    outer loop
      vertex 106.234 73.6394 23.6
      vertex 104.155 72.7784 23.6
      vertex 104.226 72.5439 23.6
    endloop
  endfacet
  facet normal 0 0 1
    outer loop
      vertex 105.91 74.2445 23.6
      vertex 104.039 72.9945 23.6
      vertex 104.155 72.7784 23.6
    endloop
  endfacet
  facet normal 0 0 1
    outer loop
      vertex 105.475 74.7749 23.6
      vertex 103.884 73.1839 23.6
      vertex 104.039 72.9945 23.6
    endloop
  endfacet
  facet normal 0 0 1
    outer loop
      vertex 104.944 75.2101 23.6
      vertex 103.694 73.3393 23.6
      vertex 103.884 73.1839 23.6
    endloop
  endfacet
  facet normal 0 0 1
    outer loop
      vertex 103.478 73.4548 23.6
      vertex 104.339 75.5336 23.6
      vertex 103.683 75.7327 23.6
    endloop
  endfacet
  facet normal 0 0 1
    outer loop
      vertex 104.339 75.5336 23.6
      vertex 103.478 73.4548 23.6
      vertex 103.694 73.3393 23.6
    endloop
  endfacet
  facet normal 0 0 1
    outer loop
      vertex 103.683 75.7327 23.6
      vertex 103.244 73.526 23.6
      vertex 103.478 73.4548 23.6
    endloop
  endfacet
  facet normal 0 0 1
    outer loop
      vertex 103 75.8 23.6
      vertex 103.244 73.526 23.6
      vertex 103.683 75.7327 23.6
    endloop
  endfacet
  facet normal 0 0 1
    outer loop
      vertex 103.244 73.526 23.6
      vertex 103 75.8 23.6
      vertex 103 73.55 23.6
    endloop
  endfacet
  facet normal 0 0 1
    outer loop
      vertex 105.91 70.3555 23.6
      vertex 104.039 71.6055 23.6
      vertex 105.475 69.8251 23.6
    endloop
  endfacet
  facet normal -0 0 1
    outer loop
      vertex 103.884 71.4161 23.6
      vertex 105.475 69.8251 23.6
      vertex 104.039 71.6055 23.6
    endloop
  endfacet
  facet normal 0 0 1
    outer loop
      vertex 105.475 69.8251 23.6
      vertex 103.884 71.4161 23.6
      vertex 104.944 69.3899 23.6
    endloop
  endfacet
  facet normal -0 0 1
    outer loop
      vertex 103.694 71.2607 23.6
      vertex 104.944 69.3899 23.6
      vertex 103.884 71.4161 23.6
    endloop
  endfacet
  facet normal 0 0 1
    outer loop
      vertex 104.944 69.3899 23.6
      vertex 103.694 71.2607 23.6
      vertex 104.339 69.0664 23.6
    endloop
  endfacet
  facet normal -0 0 1
    outer loop
      vertex 103.478 71.1451 23.6
      vertex 104.339 69.0664 23.6
      vertex 103.694 71.2607 23.6
    endloop
  endfacet
  facet normal 0 0 1
    outer loop
      vertex 104.339 69.0664 23.6
      vertex 103.478 71.1451 23.6
      vertex 103.683 68.8672 23.6
    endloop
  endfacet
  facet normal -0 0 1
    outer loop
      vertex 103.244 71.074 23.6
      vertex 103.683 68.8672 23.6
      vertex 103.478 71.1451 23.6
    endloop
  endfacet
  facet normal -0 0 1
    outer loop
      vertex 103 71.05 23.6
      vertex 103.683 68.8672 23.6
      vertex 103.244 71.074 23.6
    endloop
  endfacet
  facet normal 0 0 1
    outer loop
      vertex 103 71.05 23.6
      vertex 103 68.8 23.6
      vertex 103.683 68.8672 23.6
    endloop
  endfacet
  facet normal 0 0 1
    outer loop
      vertex 102.756 71.074 23.6
      vertex 103 68.8 23.6
      vertex 103 71.05 23.6
    endloop
  endfacet
  facet normal 0 0 1
    outer loop
      vertex 102.317 68.8672 23.6
      vertex 102.756 71.074 23.6
      vertex 102.522 71.1451 23.6
    endloop
  endfacet
  facet normal 0 0 1
    outer loop
      vertex 102.756 71.074 23.6
      vertex 102.317 68.8672 23.6
      vertex 103 68.8 23.6
    endloop
  endfacet
  facet normal 0 0 1
    outer loop
      vertex 101.661 69.0664 23.6
      vertex 102.522 71.1451 23.6
      vertex 102.306 71.2607 23.6
    endloop
  endfacet
  facet normal 0 0 1
    outer loop
      vertex 101.056 69.3899 23.6
      vertex 102.306 71.2607 23.6
      vertex 102.116 71.4161 23.6
    endloop
  endfacet
  facet normal 0 0 1
    outer loop
      vertex 100.525 69.8251 23.6
      vertex 102.116 71.4161 23.6
      vertex 101.961 71.6055 23.6
    endloop
  endfacet
  facet normal 0 0 1
    outer loop
      vertex 100.09 70.3555 23.6
      vertex 101.961 71.6055 23.6
      vertex 101.845 71.8216 23.6
    endloop
  endfacet
  facet normal 0 0 1
    outer loop
      vertex 99.7664 70.9606 23.6
      vertex 101.845 71.8216 23.6
      vertex 101.774 72.0561 23.6
    endloop
  endfacet
  facet normal 0 0 1
    outer loop
      vertex 102.522 71.1451 23.6
      vertex 101.661 69.0664 23.6
      vertex 102.317 68.8672 23.6
    endloop
  endfacet
  facet normal 0 0 1
    outer loop
      vertex 99.5673 71.6172 23.6
      vertex 101.774 72.0561 23.6
      vertex 101.75 72.3 23.6
    endloop
  endfacet
  facet normal 0 0 1
    outer loop
      vertex 101.961 72.9945 23.6
      vertex 100.09 74.2445 23.6
      vertex 101.845 72.7784 23.6
    endloop
  endfacet
  facet normal -0 0 1
    outer loop
      vertex 99.7664 73.6394 23.6
      vertex 101.845 72.7784 23.6
      vertex 100.09 74.2445 23.6
    endloop
  endfacet
  facet normal 0 0 1
    outer loop
      vertex 102.306 71.2607 23.6
      vertex 101.056 69.3899 23.6
      vertex 101.661 69.0664 23.6
    endloop
  endfacet
  facet normal 0 0 1
    outer loop
      vertex 101.845 72.7784 23.6
      vertex 99.7664 73.6394 23.6
      vertex 101.774 72.5439 23.6
    endloop
  endfacet
  facet normal 0 0 1
    outer loop
      vertex 102.116 71.4161 23.6
      vertex 100.525 69.8251 23.6
      vertex 101.056 69.3899 23.6
    endloop
  endfacet
  facet normal -0 0 1
    outer loop
      vertex 99.5673 72.9828 23.6
      vertex 101.774 72.5439 23.6
      vertex 99.7664 73.6394 23.6
    endloop
  endfacet
  facet normal 0 0 1
    outer loop
      vertex 101.961 71.6055 23.6
      vertex 100.09 70.3555 23.6
      vertex 100.525 69.8251 23.6
    endloop
  endfacet
  facet normal 0 0 1
    outer loop
      vertex 101.774 72.5439 23.6
      vertex 99.5673 72.9828 23.6
      vertex 101.75 72.3 23.6
    endloop
  endfacet
  facet normal 0 0 1
    outer loop
      vertex 101.845 71.8216 23.6
      vertex 99.7664 70.9606 23.6
      vertex 100.09 70.3555 23.6
    endloop
  endfacet
  facet normal 0 0 1
    outer loop
      vertex 99.5 72.3 23.6
      vertex 101.75 72.3 23.6
      vertex 99.5673 72.9828 23.6
    endloop
  endfacet
  facet normal 0 0 1
    outer loop
      vertex 101.774 72.0561 23.6
      vertex 99.5673 71.6172 23.6
      vertex 99.7664 70.9606 23.6
    endloop
  endfacet
  facet normal 0 0 1
    outer loop
      vertex 101.75 72.3 23.6
      vertex 99.5 72.3 23.6
      vertex 99.5673 71.6172 23.6
    endloop
  endfacet
  facet normal 0 0 1
    outer loop
      vertex 103 75.8 23.6
      vertex 102.756 73.526 23.6
      vertex 103 73.55 23.6
    endloop
  endfacet
  facet normal -0 0 1
    outer loop
      vertex 102.317 75.7327 23.6
      vertex 102.756 73.526 23.6
      vertex 103 75.8 23.6
    endloop
  endfacet
  facet normal 0 0 1
    outer loop
      vertex 102.756 73.526 23.6
      vertex 102.317 75.7327 23.6
      vertex 102.522 73.4548 23.6
    endloop
  endfacet
  facet normal -0 0 1
    outer loop
      vertex 101.661 75.5336 23.6
      vertex 102.522 73.4548 23.6
      vertex 102.317 75.7327 23.6
    endloop
  endfacet
  facet normal 0 0 1
    outer loop
      vertex 102.522 73.4548 23.6
      vertex 101.661 75.5336 23.6
      vertex 102.306 73.3393 23.6
    endloop
  endfacet
  facet normal -0 0 1
    outer loop
      vertex 101.056 75.2101 23.6
      vertex 102.306 73.3393 23.6
      vertex 101.661 75.5336 23.6
    endloop
  endfacet
  facet normal 0 0 1
    outer loop
      vertex 102.306 73.3393 23.6
      vertex 101.056 75.2101 23.6
      vertex 102.116 73.1839 23.6
    endloop
  endfacet
  facet normal -0 0 1
    outer loop
      vertex 100.525 74.7749 23.6
      vertex 102.116 73.1839 23.6
      vertex 101.056 75.2101 23.6
    endloop
  endfacet
  facet normal -0 0 1
    outer loop
      vertex 100.09 74.2445 23.6
      vertex 101.961 72.9945 23.6
      vertex 100.525 74.7749 23.6
    endloop
  endfacet
  facet normal 0 0 1
    outer loop
      vertex 102.116 73.1839 23.6
      vertex 100.525 74.7749 23.6
      vertex 101.961 72.9945 23.6
    endloop
  endfacet
  facet normal -0.995185 -0.0980169 0
    outer loop
      vertex 0.0576439 2.41473 0
      vertex 0 3 23.6
      vertex 0 3 0
    endloop
  endfacet
  facet normal -0.995185 -0.0980169 0
    outer loop
      vertex 0 3 23.6
      vertex 0.0576439 2.41473 0
      vertex 0.0576439 2.41473 23.6
    endloop
  endfacet
  facet normal 0 0 -1
    outer loop
      vertex 0 6.505 21.2
      vertex 2.5 24.205 21.2
      vertex 2.5 6.505 21.2
    endloop
  endfacet
  facet normal -0 0 -1
    outer loop
      vertex 2.5 24.205 21.2
      vertex 0 6.505 21.2
      vertex 0 24.205 21.2
    endloop
  endfacet
  facet normal -0 0 1
    outer loop
      vertex 0 24.205 6.8
      vertex 2.5 6.505 6.8
      vertex 2.5 24.205 6.8
    endloop
  endfacet
  facet normal 0 0 1
    outer loop
      vertex 2.5 6.505 6.8
      vertex 0 24.205 6.8
      vertex 0 6.505 6.8
    endloop
  endfacet
  facet normal 0 -1 0
    outer loop
      vertex 0 24.205 6.8
      vertex 2.5 24.205 21.2
      vertex 0 24.205 21.2
    endloop
  endfacet
  facet normal 0 -1 -0
    outer loop
      vertex 2.5 24.205 21.2
      vertex 0 24.205 6.8
      vertex 2.5 24.205 6.8
    endloop
  endfacet
  facet normal 0 1 -0
    outer loop
      vertex 2.5 6.505 6.8
      vertex 0 6.505 21.2
      vertex 2.5 6.505 21.2
    endloop
  endfacet
  facet normal 0 1 0
    outer loop
      vertex 0 6.505 21.2
      vertex 2.5 6.505 6.8
      vertex 0 6.505 6.8
    endloop
  endfacet
  facet normal 0 0 -1
    outer loop
      vertex 0 35.505 21.2
      vertex 2.5 53.205 21.2
      vertex 2.5 35.505 21.2
    endloop
  endfacet
  facet normal -0 0 -1
    outer loop
      vertex 2.5 53.205 21.2
      vertex 0 35.505 21.2
      vertex 0 53.205 21.2
    endloop
  endfacet
  facet normal -0 0 1
    outer loop
      vertex 0 53.205 6.8
      vertex 2.5 35.505 6.8
      vertex 2.5 53.205 6.8
    endloop
  endfacet
  facet normal 0 0 1
    outer loop
      vertex 2.5 35.505 6.8
      vertex 0 53.205 6.8
      vertex 0 35.505 6.8
    endloop
  endfacet
  facet normal 0 -1 0
    outer loop
      vertex 0 53.205 6.8
      vertex 2.5 53.205 21.2
      vertex 0 53.205 21.2
    endloop
  endfacet
  facet normal 0 -1 -0
    outer loop
      vertex 2.5 53.205 21.2
      vertex 0 53.205 6.8
      vertex 2.5 53.205 6.8
    endloop
  endfacet
  facet normal 0 1 -0
    outer loop
      vertex 2.5 35.505 6.8
      vertex 0 35.505 21.2
      vertex 2.5 35.505 21.2
    endloop
  endfacet
  facet normal 0 1 0
    outer loop
      vertex 0 35.505 21.2
      vertex 2.5 35.505 6.8
      vertex 0 35.505 6.8
    endloop
  endfacet
  facet normal -1 0 0
    outer loop
      vertex 36.5 0 15.6
      vertex 36.5 2.5 21.6
      vertex 36.5 2.5 15.6
    endloop
  endfacet
  facet normal -1 -0 0
    outer loop
      vertex 36.5 2.5 21.6
      vertex 36.5 0 15.6
      vertex 36.5 0 21.6
    endloop
  endfacet
  facet normal 0 0 -1
    outer loop
      vertex 32.5 0 21.6
      vertex 36.5 2.5 21.6
      vertex 36.5 0 21.6
    endloop
  endfacet
  facet normal -0 0 -1
    outer loop
      vertex 36.5 2.5 21.6
      vertex 32.5 0 21.6
      vertex 32.5 2.5 21.6
    endloop
  endfacet
  facet normal -0 0 1
    outer loop
      vertex 32.5 2.5 15.6
      vertex 36.5 0 15.6
      vertex 36.5 2.5 15.6
    endloop
  endfacet
  facet normal 0 0 1
    outer loop
      vertex 36.5 0 15.6
      vertex 32.5 2.5 15.6
      vertex 32.5 0 15.6
    endloop
  endfacet
  facet normal 1 -0 0
    outer loop
      vertex 32.5 0 21.6
      vertex 32.5 2.5 15.6
      vertex 32.5 2.5 21.6
    endloop
  endfacet
  facet normal 1 0 0
    outer loop
      vertex 32.5 2.5 15.6
      vertex 32.5 0 21.6
      vertex 32.5 0 15.6
    endloop
  endfacet
  facet normal -1 0 0
    outer loop
      vertex 36.5 75.8 15.6
      vertex 36.5 78.3 21.6
      vertex 36.5 78.3 15.6
    endloop
  endfacet
  facet normal -1 -0 0
    outer loop
      vertex 36.5 78.3 21.6
      vertex 36.5 75.8 15.6
      vertex 36.5 75.8 21.6
    endloop
  endfacet
  facet normal 0 0 -1
    outer loop
      vertex 32.5 75.8 21.6
      vertex 36.5 78.3 21.6
      vertex 36.5 75.8 21.6
    endloop
  endfacet
  facet normal -0 0 -1
    outer loop
      vertex 36.5 78.3 21.6
      vertex 32.5 75.8 21.6
      vertex 32.5 78.3 21.6
    endloop
  endfacet
  facet normal -0 0 1
    outer loop
      vertex 32.5 78.3 15.6
      vertex 36.5 75.8 15.6
      vertex 36.5 78.3 15.6
    endloop
  endfacet
  facet normal 0 0 1
    outer loop
      vertex 36.5 75.8 15.6
      vertex 32.5 78.3 15.6
      vertex 32.5 75.8 15.6
    endloop
  endfacet
  facet normal 1 -0 0
    outer loop
      vertex 32.5 75.8 21.6
      vertex 32.5 78.3 15.6
      vertex 32.5 78.3 21.6
    endloop
  endfacet
  facet normal 1 0 0
    outer loop
      vertex 32.5 78.3 15.6
      vertex 32.5 75.8 21.6
      vertex 32.5 75.8 15.6
    endloop
  endfacet
  facet normal -1 0 0
    outer loop
      vertex 45.5 0 15.6
      vertex 45.5 2.5 21.6
      vertex 45.5 2.5 15.6
    endloop
  endfacet
  facet normal -1 -0 0
    outer loop
      vertex 45.5 2.5 21.6
      vertex 45.5 0 15.6
      vertex 45.5 0 21.6
    endloop
  endfacet
  facet normal 0 0 -1
    outer loop
      vertex 41.5 0 21.6
      vertex 45.5 2.5 21.6
      vertex 45.5 0 21.6
    endloop
  endfacet
  facet normal -0 0 -1
    outer loop
      vertex 45.5 2.5 21.6
      vertex 41.5 0 21.6
      vertex 41.5 2.5 21.6
    endloop
  endfacet
  facet normal -0 0 1
    outer loop
      vertex 41.5 2.5 15.6
      vertex 45.5 0 15.6
      vertex 45.5 2.5 15.6
    endloop
  endfacet
  facet normal 0 0 1
    outer loop
      vertex 45.5 0 15.6
      vertex 41.5 2.5 15.6
      vertex 41.5 0 15.6
    endloop
  endfacet
  facet normal 1 -0 0
    outer loop
      vertex 41.5 0 21.6
      vertex 41.5 2.5 15.6
      vertex 41.5 2.5 21.6
    endloop
  endfacet
  facet normal 1 0 0
    outer loop
      vertex 41.5 2.5 15.6
      vertex 41.5 0 21.6
      vertex 41.5 0 15.6
    endloop
  endfacet
  facet normal -1 0 0
    outer loop
      vertex 45.5 75.8 15.6
      vertex 45.5 78.3 21.6
      vertex 45.5 78.3 15.6
    endloop
  endfacet
  facet normal -1 -0 0
    outer loop
      vertex 45.5 78.3 21.6
      vertex 45.5 75.8 15.6
      vertex 45.5 75.8 21.6
    endloop
  endfacet
  facet normal 0 0 -1
    outer loop
      vertex 41.5 75.8 21.6
      vertex 45.5 78.3 21.6
      vertex 45.5 75.8 21.6
    endloop
  endfacet
  facet normal -0 0 -1
    outer loop
      vertex 45.5 78.3 21.6
      vertex 41.5 75.8 21.6
      vertex 41.5 78.3 21.6
    endloop
  endfacet
  facet normal -0 0 1
    outer loop
      vertex 41.5 78.3 15.6
      vertex 45.5 75.8 15.6
      vertex 45.5 78.3 15.6
    endloop
  endfacet
  facet normal 0 0 1
    outer loop
      vertex 45.5 75.8 15.6
      vertex 41.5 78.3 15.6
      vertex 41.5 75.8 15.6
    endloop
  endfacet
  facet normal 1 -0 0
    outer loop
      vertex 41.5 75.8 21.6
      vertex 41.5 78.3 15.6
      vertex 41.5 78.3 21.6
    endloop
  endfacet
  facet normal 1 0 0
    outer loop
      vertex 41.5 78.3 15.6
      vertex 41.5 75.8 21.6
      vertex 41.5 75.8 15.6
    endloop
  endfacet
  facet normal -1 0 0
    outer loop
      vertex 54.5 0 15.6
      vertex 54.5 2.5 21.6
      vertex 54.5 2.5 15.6
    endloop
  endfacet
  facet normal -1 -0 0
    outer loop
      vertex 54.5 2.5 21.6
      vertex 54.5 0 15.6
      vertex 54.5 0 21.6
    endloop
  endfacet
  facet normal 0 0 -1
    outer loop
      vertex 50.5 0 21.6
      vertex 54.5 2.5 21.6
      vertex 54.5 0 21.6
    endloop
  endfacet
  facet normal -0 0 -1
    outer loop
      vertex 54.5 2.5 21.6
      vertex 50.5 0 21.6
      vertex 50.5 2.5 21.6
    endloop
  endfacet
  facet normal -0 0 1
    outer loop
      vertex 50.5 2.5 15.6
      vertex 54.5 0 15.6
      vertex 54.5 2.5 15.6
    endloop
  endfacet
  facet normal 0 0 1
    outer loop
      vertex 54.5 0 15.6
      vertex 50.5 2.5 15.6
      vertex 50.5 0 15.6
    endloop
  endfacet
  facet normal 1 -0 0
    outer loop
      vertex 50.5 0 21.6
      vertex 50.5 2.5 15.6
      vertex 50.5 2.5 21.6
    endloop
  endfacet
  facet normal 1 0 0
    outer loop
      vertex 50.5 2.5 15.6
      vertex 50.5 0 21.6
      vertex 50.5 0 15.6
    endloop
  endfacet
  facet normal -1 0 0
    outer loop
      vertex 54.5 75.8 15.6
      vertex 54.5 78.3 21.6
      vertex 54.5 78.3 15.6
    endloop
  endfacet
  facet normal -1 -0 0
    outer loop
      vertex 54.5 78.3 21.6
      vertex 54.5 75.8 15.6
      vertex 54.5 75.8 21.6
    endloop
  endfacet
  facet normal 0 0 -1
    outer loop
      vertex 50.5 75.8 21.6
      vertex 54.5 78.3 21.6
      vertex 54.5 75.8 21.6
    endloop
  endfacet
  facet normal -0 0 -1
    outer loop
      vertex 54.5 78.3 21.6
      vertex 50.5 75.8 21.6
      vertex 50.5 78.3 21.6
    endloop
  endfacet
  facet normal -0 0 1
    outer loop
      vertex 50.5 78.3 15.6
      vertex 54.5 75.8 15.6
      vertex 54.5 78.3 15.6
    endloop
  endfacet
  facet normal 0 0 1
    outer loop
      vertex 54.5 75.8 15.6
      vertex 50.5 78.3 15.6
      vertex 50.5 75.8 15.6
    endloop
  endfacet
  facet normal 1 -0 0
    outer loop
      vertex 50.5 75.8 21.6
      vertex 50.5 78.3 15.6
      vertex 50.5 78.3 21.6
    endloop
  endfacet
  facet normal 1 0 0
    outer loop
      vertex 50.5 78.3 15.6
      vertex 50.5 75.8 21.6
      vertex 50.5 75.8 15.6
    endloop
  endfacet
  facet normal -1 0 0
    outer loop
      vertex 63.5 0 15.6
      vertex 63.5 2.5 21.6
      vertex 63.5 2.5 15.6
    endloop
  endfacet
  facet normal -1 -0 0
    outer loop
      vertex 63.5 2.5 21.6
      vertex 63.5 0 15.6
      vertex 63.5 0 21.6
    endloop
  endfacet
  facet normal 0 0 -1
    outer loop
      vertex 59.5 0 21.6
      vertex 63.5 2.5 21.6
      vertex 63.5 0 21.6
    endloop
  endfacet
  facet normal -0 0 -1
    outer loop
      vertex 63.5 2.5 21.6
      vertex 59.5 0 21.6
      vertex 59.5 2.5 21.6
    endloop
  endfacet
  facet normal -0 0 1
    outer loop
      vertex 59.5 2.5 15.6
      vertex 63.5 0 15.6
      vertex 63.5 2.5 15.6
    endloop
  endfacet
  facet normal 0 0 1
    outer loop
      vertex 63.5 0 15.6
      vertex 59.5 2.5 15.6
      vertex 59.5 0 15.6
    endloop
  endfacet
  facet normal 1 -0 0
    outer loop
      vertex 59.5 0 21.6
      vertex 59.5 2.5 15.6
      vertex 59.5 2.5 21.6
    endloop
  endfacet
  facet normal 1 0 0
    outer loop
      vertex 59.5 2.5 15.6
      vertex 59.5 0 21.6
      vertex 59.5 0 15.6
    endloop
  endfacet
  facet normal -1 0 0
    outer loop
      vertex 63.5 75.8 15.6
      vertex 63.5 78.3 21.6
      vertex 63.5 78.3 15.6
    endloop
  endfacet
  facet normal -1 -0 0
    outer loop
      vertex 63.5 78.3 21.6
      vertex 63.5 75.8 15.6
      vertex 63.5 75.8 21.6
    endloop
  endfacet
  facet normal 0 0 -1
    outer loop
      vertex 59.5 75.8 21.6
      vertex 63.5 78.3 21.6
      vertex 63.5 75.8 21.6
    endloop
  endfacet
  facet normal -0 0 -1
    outer loop
      vertex 63.5 78.3 21.6
      vertex 59.5 75.8 21.6
      vertex 59.5 78.3 21.6
    endloop
  endfacet
  facet normal -0 0 1
    outer loop
      vertex 59.5 78.3 15.6
      vertex 63.5 75.8 15.6
      vertex 63.5 78.3 15.6
    endloop
  endfacet
  facet normal 0 0 1
    outer loop
      vertex 63.5 75.8 15.6
      vertex 59.5 78.3 15.6
      vertex 59.5 75.8 15.6
    endloop
  endfacet
  facet normal 1 -0 0
    outer loop
      vertex 59.5 75.8 21.6
      vertex 59.5 78.3 15.6
      vertex 59.5 78.3 21.6
    endloop
  endfacet
  facet normal 1 0 0
    outer loop
      vertex 59.5 78.3 15.6
      vertex 59.5 75.8 21.6
      vertex 59.5 75.8 15.6
    endloop
  endfacet
  facet normal -1 0 0
    outer loop
      vertex 72.5 0 15.6
      vertex 72.5 2.5 21.6
      vertex 72.5 2.5 15.6
    endloop
  endfacet
  facet normal -1 -0 0
    outer loop
      vertex 72.5 2.5 21.6
      vertex 72.5 0 15.6
      vertex 72.5 0 21.6
    endloop
  endfacet
  facet normal 0 0 -1
    outer loop
      vertex 68.5 0 21.6
      vertex 72.5 2.5 21.6
      vertex 72.5 0 21.6
    endloop
  endfacet
  facet normal -0 0 -1
    outer loop
      vertex 72.5 2.5 21.6
      vertex 68.5 0 21.6
      vertex 68.5 2.5 21.6
    endloop
  endfacet
  facet normal -0 0 1
    outer loop
      vertex 68.5 2.5 15.6
      vertex 72.5 0 15.6
      vertex 72.5 2.5 15.6
    endloop
  endfacet
  facet normal 0 0 1
    outer loop
      vertex 72.5 0 15.6
      vertex 68.5 2.5 15.6
      vertex 68.5 0 15.6
    endloop
  endfacet
  facet normal 1 -0 0
    outer loop
      vertex 68.5 0 21.6
      vertex 68.5 2.5 15.6
      vertex 68.5 2.5 21.6
    endloop
  endfacet
  facet normal 1 0 0
    outer loop
      vertex 68.5 2.5 15.6
      vertex 68.5 0 21.6
      vertex 68.5 0 15.6
    endloop
  endfacet
  facet normal -1 0 0
    outer loop
      vertex 72.5 75.8 15.6
      vertex 72.5 78.3 21.6
      vertex 72.5 78.3 15.6
    endloop
  endfacet
  facet normal -1 -0 0
    outer loop
      vertex 72.5 78.3 21.6
      vertex 72.5 75.8 15.6
      vertex 72.5 75.8 21.6
    endloop
  endfacet
  facet normal 0 0 -1
    outer loop
      vertex 68.5 75.8 21.6
      vertex 72.5 78.3 21.6
      vertex 72.5 75.8 21.6
    endloop
  endfacet
  facet normal -0 0 -1
    outer loop
      vertex 72.5 78.3 21.6
      vertex 68.5 75.8 21.6
      vertex 68.5 78.3 21.6
    endloop
  endfacet
  facet normal -0 0 1
    outer loop
      vertex 68.5 78.3 15.6
      vertex 72.5 75.8 15.6
      vertex 72.5 78.3 15.6
    endloop
  endfacet
  facet normal 0 0 1
    outer loop
      vertex 72.5 75.8 15.6
      vertex 68.5 78.3 15.6
      vertex 68.5 75.8 15.6
    endloop
  endfacet
  facet normal 1 -0 0
    outer loop
      vertex 68.5 75.8 21.6
      vertex 68.5 78.3 15.6
      vertex 68.5 78.3 21.6
    endloop
  endfacet
  facet normal 1 0 0
    outer loop
      vertex 68.5 78.3 15.6
      vertex 68.5 75.8 21.6
      vertex 68.5 75.8 15.6
    endloop
  endfacet
  facet normal -0.471157 0.882049 0
    outer loop
      vertex 105.611 2.83706 2.5
      vertex 105.265 2.65224 23.6
      vertex 105.611 2.83706 23.6
    endloop
  endfacet
  facet normal -0.471157 0.882049 0
    outer loop
      vertex 105.265 2.65224 23.6
      vertex 105.611 2.83706 2.5
      vertex 105.265 2.65224 2.5
    endloop
  endfacet
  facet normal 0.47156 -0.881834 0
    outer loop
      vertex 3.38886 75.4629 2.5
      vertex 3.73463 75.6478 23.6
      vertex 3.38886 75.4629 23.6
    endloop
  endfacet
  facet normal 0.47156 -0.881834 0
    outer loop
      vertex 3.73463 75.6478 23.6
      vertex 3.38886 75.4629 2.5
      vertex 3.73463 75.6478 2.5
    endloop
  endfacet
  facet normal -0.0979877 -0.995188 0
    outer loop
      vertex 104.5 75.8 2.5
      vertex 104.89 75.7616 23.6
      vertex 104.5 75.8 23.6
    endloop
  endfacet
  facet normal -0.0979877 -0.995188 -0
    outer loop
      vertex 104.89 75.7616 23.6
      vertex 104.5 75.8 2.5
      vertex 104.89 75.7616 2.5
    endloop
  endfacet
  facet normal 0.0980187 0.995185 -0
    outer loop
      vertex 4.5 2.5 2.5
      vertex 4.10982 2.53843 23.6
      vertex 4.5 2.5 23.6
    endloop
  endfacet
  facet normal 0.0980187 0.995185 0
    outer loop
      vertex 4.10982 2.53843 23.6
      vertex 4.5 2.5 2.5
      vertex 4.10982 2.53843 2.5
    endloop
  endfacet
  facet normal 0.773002 0.634404 0
    outer loop
      vertex 3.08579 3.08579 23.6
      vertex 2.83706 3.38886 2.5
      vertex 2.83706 3.38886 23.6
    endloop
  endfacet
  facet normal 0.773002 0.634404 0
    outer loop
      vertex 2.83706 3.38886 2.5
      vertex 3.08579 3.08579 23.6
      vertex 3.08579 3.08579 2.5
    endloop
  endfacet
  facet normal 0 -1 0
    outer loop
      vertex 103 75.8 2.5
      vertex 104.5 75.8 23.6
      vertex 103 75.8 23.6
    endloop
  endfacet
  facet normal 0 -1 -0
    outer loop
      vertex 104.5 75.8 23.6
      vertex 103 75.8 2.5
      vertex 104.5 75.8 2.5
    endloop
  endfacet
  facet normal 0 -1 0
    outer loop
      vertex 4.5 75.8 2.5
      vertex 5.99999 75.8 23.6
      vertex 4.5 75.8 23.6
    endloop
  endfacet
  facet normal 0 -1 -0
    outer loop
      vertex 5.99999 75.8 23.6
      vertex 4.5 75.8 2.5
      vertex 5.99999 75.8 2.5
    endloop
  endfacet
  facet normal 0 -1 0
    outer loop
      vertex 63.5 75.8 15.6
      vertex 68.5 75.8 21.6
      vertex 63.5 75.8 21.6
    endloop
  endfacet
  facet normal 0 -1 -0
    outer loop
      vertex 68.5 75.8 21.6
      vertex 63.5 75.8 15.6
      vertex 68.5 75.8 15.6
    endloop
  endfacet
  facet normal 0 -1 0
    outer loop
      vertex 54.5 75.8 15.6
      vertex 59.5 75.8 21.6
      vertex 54.5 75.8 21.6
    endloop
  endfacet
  facet normal 0 -1 -0
    outer loop
      vertex 59.5 75.8 21.6
      vertex 54.5 75.8 15.6
      vertex 59.5 75.8 15.6
    endloop
  endfacet
  facet normal 0 -1 0
    outer loop
      vertex 45.5 75.8 15.6
      vertex 50.5 75.8 21.6
      vertex 45.5 75.8 21.6
    endloop
  endfacet
  facet normal 0 -1 -0
    outer loop
      vertex 50.5 75.8 21.6
      vertex 45.5 75.8 15.6
      vertex 50.5 75.8 15.6
    endloop
  endfacet
  facet normal 0 -1 0
    outer loop
      vertex 36.5 75.8 15.6
      vertex 41.5 75.8 21.6
      vertex 36.5 75.8 21.6
    endloop
  endfacet
  facet normal 0 -1 -0
    outer loop
      vertex 41.5 75.8 21.6
      vertex 36.5 75.8 15.6
      vertex 41.5 75.8 15.6
    endloop
  endfacet
  facet normal 0 -1 0
    outer loop
      vertex 36.5 75.8 21.6
      vertex 6.00001 75.8 23.6
      vertex 32.5 75.8 21.6
    endloop
  endfacet
  facet normal 0 -1 0
    outer loop
      vertex 6.00001 75.8 23.6
      vertex 32.5 75.8 15.6
      vertex 32.5 75.8 21.6
    endloop
  endfacet
  facet normal 0 -1 0
    outer loop
      vertex 6.00001 75.8 2.5
      vertex 36.5 75.8 15.6
      vertex 32.5 75.8 15.6
    endloop
  endfacet
  facet normal 0 -1 -0
    outer loop
      vertex 36.5 75.8 15.6
      vertex 6.00001 75.8 2.5
      vertex 41.5 75.8 15.6
    endloop
  endfacet
  facet normal 0 -1 -0
    outer loop
      vertex 41.5 75.8 15.6
      vertex 6.00001 75.8 2.5
      vertex 45.5 75.8 15.6
    endloop
  endfacet
  facet normal 0 -1 -0
    outer loop
      vertex 45.5 75.8 15.6
      vertex 6.00001 75.8 2.5
      vertex 50.5 75.8 15.6
    endloop
  endfacet
  facet normal 0 -1 -0
    outer loop
      vertex 50.5 75.8 15.6
      vertex 6.00001 75.8 2.5
      vertex 54.5 75.8 15.6
    endloop
  endfacet
  facet normal 0 -1 0
    outer loop
      vertex 103 75.8 2.5
      vertex 54.5 75.8 15.6
      vertex 6.00001 75.8 2.5
    endloop
  endfacet
  facet normal 0 -1 0
    outer loop
      vertex 54.5 75.8 15.6
      vertex 103 75.8 2.5
      vertex 59.5 75.8 15.6
    endloop
  endfacet
  facet normal 0 -1 0
    outer loop
      vertex 59.5 75.8 15.6
      vertex 103 75.8 2.5
      vertex 63.5 75.8 15.6
    endloop
  endfacet
  facet normal 0 -1 0
    outer loop
      vertex 63.5 75.8 15.6
      vertex 103 75.8 2.5
      vertex 68.5 75.8 15.6
    endloop
  endfacet
  facet normal 0 -1 0
    outer loop
      vertex 6.00001 75.8 2.5
      vertex 32.5 75.8 15.6
      vertex 6.00001 75.8 23.6
    endloop
  endfacet
  facet normal 0 -1 0
    outer loop
      vertex 41.5 75.8 21.6
      vertex 6.00001 75.8 23.6
      vertex 36.5 75.8 21.6
    endloop
  endfacet
  facet normal 0 -1 0
    outer loop
      vertex 45.5 75.8 21.6
      vertex 6.00001 75.8 23.6
      vertex 41.5 75.8 21.6
    endloop
  endfacet
  facet normal 0 -1 0
    outer loop
      vertex 50.5 75.8 21.6
      vertex 6.00001 75.8 23.6
      vertex 45.5 75.8 21.6
    endloop
  endfacet
  facet normal 0 -1 0
    outer loop
      vertex 6.00001 75.8 23.6
      vertex 50.5 75.8 21.6
      vertex 103 75.8 23.6
    endloop
  endfacet
  facet normal 0 -1 0
    outer loop
      vertex 54.5 75.8 21.6
      vertex 103 75.8 23.6
      vertex 50.5 75.8 21.6
    endloop
  endfacet
  facet normal 0 -1 0
    outer loop
      vertex 59.5 75.8 21.6
      vertex 103 75.8 23.6
      vertex 54.5 75.8 21.6
    endloop
  endfacet
  facet normal 0 -1 0
    outer loop
      vertex 63.5 75.8 21.6
      vertex 103 75.8 23.6
      vertex 59.5 75.8 21.6
    endloop
  endfacet
  facet normal 0 -1 0
    outer loop
      vertex 68.5 75.8 21.6
      vertex 103 75.8 23.6
      vertex 63.5 75.8 21.6
    endloop
  endfacet
  facet normal 0 -1 0
    outer loop
      vertex 72.5 75.8 21.6
      vertex 103 75.8 23.6
      vertex 68.5 75.8 21.6
    endloop
  endfacet
  facet normal 0 -1 0
    outer loop
      vertex 72.5 75.8 15.6
      vertex 103 75.8 23.6
      vertex 72.5 75.8 21.6
    endloop
  endfacet
  facet normal 0 -1 0
    outer loop
      vertex 72.5 75.8 15.6
      vertex 103 75.8 2.5
      vertex 103 75.8 23.6
    endloop
  endfacet
  facet normal 0 -1 0
    outer loop
      vertex 68.5 75.8 15.6
      vertex 103 75.8 2.5
      vertex 72.5 75.8 15.6
    endloop
  endfacet
  facet normal 1 -0 0
    outer loop
      vertex 2.5 4.5 23.6
      vertex 2.5 6 2.5
      vertex 2.5 6 23.6
    endloop
  endfacet
  facet normal 1 0 0
    outer loop
      vertex 2.5 6 2.5
      vertex 2.5 4.5 23.6
      vertex 2.5 4.5 2.5
    endloop
  endfacet
  facet normal 1 0 0
    outer loop
      vertex 2.5 53.205 6.8
      vertex 2.5 72.3 23.6
      vertex 2.5 53.205 21.2
    endloop
  endfacet
  facet normal 1 0 0
    outer loop
      vertex 2.5 72.3 23.6
      vertex 2.5 35.505 21.2
      vertex 2.5 53.205 21.2
    endloop
  endfacet
  facet normal 1 0 0
    outer loop
      vertex 2.5 35.505 21.2
      vertex 2.5 24.205 21.2
      vertex 2.5 35.505 6.8
    endloop
  endfacet
  facet normal 1 -0 0
    outer loop
      vertex 2.5 6 23.6
      vertex 2.5 35.505 21.2
      vertex 2.5 72.3 23.6
    endloop
  endfacet
  facet normal 1 0 0
    outer loop
      vertex 2.5 35.505 21.2
      vertex 2.5 6 23.6
      vertex 2.5 24.205 21.2
    endloop
  endfacet
  facet normal 1 0 0
    outer loop
      vertex 2.5 6.505 21.2
      vertex 2.5 6 23.6
      vertex 2.5 6.505 6.8
    endloop
  endfacet
  facet normal 1 0 0
    outer loop
      vertex 2.5 24.205 21.2
      vertex 2.5 6 23.6
      vertex 2.5 6.505 21.2
    endloop
  endfacet
  facet normal 1 0 0
    outer loop
      vertex 2.5 72.3 23.6
      vertex 2.5 53.205 6.8
      vertex 2.5 72.3 2.5
    endloop
  endfacet
  facet normal 1 -0 0
    outer loop
      vertex 2.5 35.505 6.8
      vertex 2.5 72.3 2.5
      vertex 2.5 53.205 6.8
    endloop
  endfacet
  facet normal 1 0 0
    outer loop
      vertex 2.5 24.205 6.8
      vertex 2.5 35.505 6.8
      vertex 2.5 24.205 21.2
    endloop
  endfacet
  facet normal 1 0 0
    outer loop
      vertex 2.5 6 2.5
      vertex 2.5 35.505 6.8
      vertex 2.5 24.205 6.8
    endloop
  endfacet
  facet normal 1 0 0
    outer loop
      vertex 2.5 6 2.5
      vertex 2.5 24.205 6.8
      vertex 2.5 6.505 6.8
    endloop
  endfacet
  facet normal 1 0 0
    outer loop
      vertex 2.5 35.505 6.8
      vertex 2.5 6 2.5
      vertex 2.5 72.3 2.5
    endloop
  endfacet
  facet normal 1 0 0
    outer loop
      vertex 2.5 6 2.5
      vertex 2.5 6.505 6.8
      vertex 2.5 6 23.6
    endloop
  endfacet
  facet normal 1 -0 0
    outer loop
      vertex 2.5 72.3 23.6
      vertex 2.5 73.8 2.5
      vertex 2.5 73.8 23.6
    endloop
  endfacet
  facet normal 1 0 0
    outer loop
      vertex 2.5 73.8 2.5
      vertex 2.5 72.3 23.6
      vertex 2.5 72.3 2.5
    endloop
  endfacet
  facet normal 0.995185 0.0980187 0
    outer loop
      vertex 2.53843 4.10982 23.6
      vertex 2.5 4.5 2.5
      vertex 2.5 4.5 23.6
    endloop
  endfacet
  facet normal 0.995185 0.0980187 0
    outer loop
      vertex 2.5 4.5 2.5
      vertex 2.53843 4.10982 23.6
      vertex 2.53843 4.10982 2.5
    endloop
  endfacet
  facet normal 0.995185 -0.0980137 0
    outer loop
      vertex 2.5 73.8 23.6
      vertex 2.53843 74.1902 2.5
      vertex 2.53843 74.1902 23.6
    endloop
  endfacet
  facet normal 0.995185 -0.0980137 0
    outer loop
      vertex 2.53843 74.1902 2.5
      vertex 2.5 73.8 23.6
      vertex 2.5 73.8 2.5
    endloop
  endfacet
  facet normal -0.881728 0.471758 0
    outer loop
      vertex 106.163 3.38886 2.5
      vertex 106.348 3.73463 23.6
      vertex 106.348 3.73463 2.5
    endloop
  endfacet
  facet normal -0.881728 0.471758 0
    outer loop
      vertex 106.348 3.73463 23.6
      vertex 106.163 3.38886 2.5
      vertex 106.163 3.38886 23.6
    endloop
  endfacet
  facet normal -0.634491 0.77293 0
    outer loop
      vertex 105.914 3.08579 2.5
      vertex 105.611 2.83706 23.6
      vertex 105.914 3.08579 23.6
    endloop
  endfacet
  facet normal -0.634491 0.77293 0
    outer loop
      vertex 105.611 2.83706 23.6
      vertex 105.914 3.08579 2.5
      vertex 105.611 2.83706 2.5
    endloop
  endfacet
  facet normal 0.290255 -0.956949 0
    outer loop
      vertex 3.73463 75.6478 2.5
      vertex 4.10982 75.7616 23.6
      vertex 3.73463 75.6478 23.6
    endloop
  endfacet
  facet normal 0.290255 -0.956949 0
    outer loop
      vertex 4.10982 75.7616 23.6
      vertex 3.73463 75.6478 2.5
      vertex 4.10982 75.7616 2.5
    endloop
  endfacet
  facet normal 0.956944 -0.290271 0
    outer loop
      vertex 2.53843 74.1902 23.6
      vertex 2.65224 74.5654 2.5
      vertex 2.65224 74.5654 23.6
    endloop
  endfacet
  facet normal 0.956944 -0.290271 0
    outer loop
      vertex 2.65224 74.5654 2.5
      vertex 2.53843 74.1902 23.6
      vertex 2.53843 74.1902 2.5
    endloop
  endfacet
  facet normal -0.772695 -0.634777 0
    outer loop
      vertex 106.163 74.9111 2.5
      vertex 105.914 75.2142 23.6
      vertex 105.914 75.2142 2.5
    endloop
  endfacet
  facet normal -0.772695 -0.634777 0
    outer loop
      vertex 105.914 75.2142 23.6
      vertex 106.163 74.9111 2.5
      vertex 106.163 74.9111 23.6
    endloop
  endfacet
  facet normal -0.290413 0.956901 0
    outer loop
      vertex 105.265 2.65224 2.5
      vertex 104.89 2.53843 23.6
      vertex 105.265 2.65224 23.6
    endloop
  endfacet
  facet normal -0.290413 0.956901 0
    outer loop
      vertex 104.89 2.53843 23.6
      vertex 105.265 2.65224 2.5
      vertex 104.89 2.53843 2.5
    endloop
  endfacet
  facet normal -0.995291 0.0969323 0
    outer loop
      vertex 106.462 4.10982 2.5
      vertex 106.5 4.5 23.6
      vertex 106.5 4.5 2.5
    endloop
  endfacet
  facet normal -0.995291 0.0969323 0
    outer loop
      vertex 106.5 4.5 23.6
      vertex 106.462 4.10982 2.5
      vertex 106.462 4.10982 23.6
    endloop
  endfacet
  facet normal -1 0 0
    outer loop
      vertex 106.5 4.5 2.5
      vertex 106.5 6 23.6
      vertex 106.5 6 2.5
    endloop
  endfacet
  facet normal -1 -0 0
    outer loop
      vertex 106.5 6 23.6
      vertex 106.5 4.5 2.5
      vertex 106.5 4.5 23.6
    endloop
  endfacet
  facet normal -1 0 0
    outer loop
      vertex 106.5 54.8 12.8
      vertex 106.5 72.3 2.5
      vertex 106.5 54.8 4.8
    endloop
  endfacet
  facet normal -1 0 0
    outer loop
      vertex 106.5 72.3 2.5
      vertex 106.5 41.8 4.8
      vertex 106.5 54.8 4.8
    endloop
  endfacet
  facet normal -1 -0 0
    outer loop
      vertex 106.5 41.8 4.8
      vertex 106.5 6 2.5
      vertex 106.5 41.8 12.8
    endloop
  endfacet
  facet normal -1 0 0
    outer loop
      vertex 106.5 6 2.5
      vertex 106.5 41.8 4.8
      vertex 106.5 72.3 2.5
    endloop
  endfacet
  facet normal -1 0 0
    outer loop
      vertex 106.5 72.3 2.5
      vertex 106.5 54.8 12.8
      vertex 106.5 72.3 23.6
    endloop
  endfacet
  facet normal -1 0 0
    outer loop
      vertex 106.5 41.8 12.8
      vertex 106.5 72.3 23.6
      vertex 106.5 54.8 12.8
    endloop
  endfacet
  facet normal -1 0 0
    outer loop
      vertex 106.5 6 23.6
      vertex 106.5 41.8 12.8
      vertex 106.5 6 2.5
    endloop
  endfacet
  facet normal -1 0 0
    outer loop
      vertex 106.5 41.8 12.8
      vertex 106.5 6 23.6
      vertex 106.5 72.3 23.6
    endloop
  endfacet
  facet normal -1 0 0
    outer loop
      vertex 106.5 72.3 2.5
      vertex 106.5 73.8 23.6
      vertex 106.5 73.8 2.5
    endloop
  endfacet
  facet normal -1 -0 0
    outer loop
      vertex 106.5 73.8 23.6
      vertex 106.5 72.3 2.5
      vertex 106.5 72.3 23.6
    endloop
  endfacet
  facet normal 0.290279 0.956942 -0
    outer loop
      vertex 4.10982 2.53843 2.5
      vertex 3.73463 2.65224 23.6
      vertex 4.10982 2.53843 23.6
    endloop
  endfacet
  facet normal 0.290279 0.956942 0
    outer loop
      vertex 3.73463 2.65224 23.6
      vertex 4.10982 2.53843 2.5
      vertex 3.73463 2.65224 2.5
    endloop
  endfacet
  facet normal -0.29039 -0.956908 0
    outer loop
      vertex 104.89 75.7616 2.5
      vertex 105.265 75.6478 23.6
      vertex 104.89 75.7616 23.6
    endloop
  endfacet
  facet normal -0.29039 -0.956908 -0
    outer loop
      vertex 105.265 75.6478 23.6
      vertex 104.89 75.7616 2.5
      vertex 105.265 75.6478 2.5
    endloop
  endfacet
  facet normal -0.0980635 0.99518 0
    outer loop
      vertex 104.89 2.53843 2.5
      vertex 104.5 2.5 23.6
      vertex 104.89 2.53843 23.6
    endloop
  endfacet
  facet normal -0.0980635 0.99518 0
    outer loop
      vertex 104.5 2.5 23.6
      vertex 104.89 2.53843 2.5
      vertex 104.5 2.5 2.5
    endloop
  endfacet
  facet normal 0.634404 0.773002 -0
    outer loop
      vertex 3.38886 2.83706 2.5
      vertex 3.08579 3.08579 23.6
      vertex 3.38886 2.83706 23.6
    endloop
  endfacet
  facet normal 0.634404 0.773002 0
    outer loop
      vertex 3.08579 3.08579 23.6
      vertex 3.38886 2.83706 2.5
      vertex 3.08579 3.08579 2.5
    endloop
  endfacet
  facet normal -0.956808 0.290722 0
    outer loop
      vertex 106.348 3.73463 2.5
      vertex 106.462 4.10982 23.6
      vertex 106.462 4.10982 2.5
    endloop
  endfacet
  facet normal -0.956808 0.290722 0
    outer loop
      vertex 106.462 4.10982 23.6
      vertex 106.348 3.73463 2.5
      vertex 106.348 3.73463 23.6
    endloop
  endfacet
  facet normal 0.881879 -0.471475 0
    outer loop
      vertex 2.65224 74.5654 23.6
      vertex 2.83706 74.9111 2.5
      vertex 2.83706 74.9111 23.6
    endloop
  endfacet
  facet normal 0.881879 -0.471475 0
    outer loop
      vertex 2.83706 74.9111 2.5
      vertex 2.65224 74.5654 23.6
      vertex 2.65224 74.5654 2.5
    endloop
  endfacet
  facet normal 0.0979429 -0.995192 0
    outer loop
      vertex 4.10982 75.7616 2.5
      vertex 4.5 75.8 23.6
      vertex 4.10982 75.7616 23.6
    endloop
  endfacet
  facet normal 0.0979429 -0.995192 0
    outer loop
      vertex 4.5 75.8 23.6
      vertex 4.10982 75.7616 2.5
      vertex 4.5 75.8 2.5
    endloop
  endfacet
  facet normal 0 1 -0
    outer loop
      vertex 6 2.5 2.5
      vertex 4.5 2.5 23.6
      vertex 6 2.5 23.6
    endloop
  endfacet
  facet normal 0 1 0
    outer loop
      vertex 4.5 2.5 23.6
      vertex 6 2.5 2.5
      vertex 4.5 2.5 2.5
    endloop
  endfacet
  facet normal 0 1 -0
    outer loop
      vertex 41.5 2.5 15.6
      vertex 36.5 2.5 21.6
      vertex 41.5 2.5 21.6
    endloop
  endfacet
  facet normal 0 1 0
    outer loop
      vertex 36.5 2.5 21.6
      vertex 41.5 2.5 15.6
      vertex 36.5 2.5 15.6
    endloop
  endfacet
  facet normal 0 1 -0
    outer loop
      vertex 50.5 2.5 15.6
      vertex 45.5 2.5 21.6
      vertex 50.5 2.5 21.6
    endloop
  endfacet
  facet normal 0 1 0
    outer loop
      vertex 45.5 2.5 21.6
      vertex 50.5 2.5 15.6
      vertex 45.5 2.5 15.6
    endloop
  endfacet
  facet normal 0 1 -0
    outer loop
      vertex 59.5 2.5 15.6
      vertex 54.5 2.5 21.6
      vertex 59.5 2.5 21.6
    endloop
  endfacet
  facet normal 0 1 0
    outer loop
      vertex 54.5 2.5 21.6
      vertex 59.5 2.5 15.6
      vertex 54.5 2.5 15.6
    endloop
  endfacet
  facet normal 0 1 -0
    outer loop
      vertex 68.5 2.5 15.6
      vertex 63.5 2.5 21.6
      vertex 68.5 2.5 21.6
    endloop
  endfacet
  facet normal 0 1 0
    outer loop
      vertex 63.5 2.5 21.6
      vertex 68.5 2.5 15.6
      vertex 63.5 2.5 15.6
    endloop
  endfacet
  facet normal 0 1 0
    outer loop
      vertex 68.5 2.5 21.6
      vertex 103 2.5 23.6
      vertex 72.5 2.5 21.6
    endloop
  endfacet
  facet normal 0 1 0
    outer loop
      vertex 103 2.5 23.6
      vertex 72.5 2.5 15.6
      vertex 72.5 2.5 21.6
    endloop
  endfacet
  facet normal 0 1 0
    outer loop
      vertex 103 2.5 2.5
      vertex 68.5 2.5 15.6
      vertex 72.5 2.5 15.6
    endloop
  endfacet
  facet normal 0 1 0
    outer loop
      vertex 68.5 2.5 15.6
      vertex 103 2.5 2.5
      vertex 63.5 2.5 15.6
    endloop
  endfacet
  facet normal 0 1 0
    outer loop
      vertex 63.5 2.5 15.6
      vertex 103 2.5 2.5
      vertex 59.5 2.5 15.6
    endloop
  endfacet
  facet normal 0 1 0
    outer loop
      vertex 59.5 2.5 15.6
      vertex 103 2.5 2.5
      vertex 54.5 2.5 15.6
    endloop
  endfacet
  facet normal 0 1 0
    outer loop
      vertex 6 2.5 2.5
      vertex 54.5 2.5 15.6
      vertex 103 2.5 2.5
    endloop
  endfacet
  facet normal 0 1 0
    outer loop
      vertex 54.5 2.5 15.6
      vertex 6 2.5 2.5
      vertex 50.5 2.5 15.6
    endloop
  endfacet
  facet normal 0 1 0
    outer loop
      vertex 50.5 2.5 15.6
      vertex 6 2.5 2.5
      vertex 45.5 2.5 15.6
    endloop
  endfacet
  facet normal 0 1 0
    outer loop
      vertex 41.5 2.5 15.6
      vertex 6 2.5 2.5
      vertex 36.5 2.5 15.6
    endloop
  endfacet
  facet normal 0 1 0
    outer loop
      vertex 45.5 2.5 15.6
      vertex 6 2.5 2.5
      vertex 41.5 2.5 15.6
    endloop
  endfacet
  facet normal 0 1 -0
    outer loop
      vertex 103 2.5 2.5
      vertex 72.5 2.5 15.6
      vertex 103 2.5 23.6
    endloop
  endfacet
  facet normal 0 1 0
    outer loop
      vertex 63.5 2.5 21.6
      vertex 103 2.5 23.6
      vertex 68.5 2.5 21.6
    endloop
  endfacet
  facet normal 0 1 0
    outer loop
      vertex 59.5 2.5 21.6
      vertex 103 2.5 23.6
      vertex 63.5 2.5 21.6
    endloop
  endfacet
  facet normal 0 1 0
    outer loop
      vertex 103 2.5 23.6
      vertex 59.5 2.5 21.6
      vertex 6 2.5 23.6
    endloop
  endfacet
  facet normal 0 1 -0
    outer loop
      vertex 54.5 2.5 21.6
      vertex 6 2.5 23.6
      vertex 59.5 2.5 21.6
    endloop
  endfacet
  facet normal 0 1 -0
    outer loop
      vertex 50.5 2.5 21.6
      vertex 6 2.5 23.6
      vertex 54.5 2.5 21.6
    endloop
  endfacet
  facet normal 0 1 -0
    outer loop
      vertex 45.5 2.5 21.6
      vertex 6 2.5 23.6
      vertex 50.5 2.5 21.6
    endloop
  endfacet
  facet normal 0 1 -0
    outer loop
      vertex 41.5 2.5 21.6
      vertex 6 2.5 23.6
      vertex 45.5 2.5 21.6
    endloop
  endfacet
  facet normal 0 1 -0
    outer loop
      vertex 36.5 2.5 21.6
      vertex 6 2.5 23.6
      vertex 41.5 2.5 21.6
    endloop
  endfacet
  facet normal 0 1 -0
    outer loop
      vertex 32.5 2.5 21.6
      vertex 6 2.5 23.6
      vertex 36.5 2.5 21.6
    endloop
  endfacet
  facet normal 0 1 -0
    outer loop
      vertex 32.5 2.5 15.6
      vertex 6 2.5 23.6
      vertex 32.5 2.5 21.6
    endloop
  endfacet
  facet normal 0 1 0
    outer loop
      vertex 32.5 2.5 15.6
      vertex 6 2.5 2.5
      vertex 6 2.5 23.6
    endloop
  endfacet
  facet normal 0 1 0
    outer loop
      vertex 36.5 2.5 15.6
      vertex 6 2.5 2.5
      vertex 32.5 2.5 15.6
    endloop
  endfacet
  facet normal 0 1 -0
    outer loop
      vertex 104.5 2.5 2.5
      vertex 103 2.5 23.6
      vertex 104.5 2.5 23.6
    endloop
  endfacet
  facet normal 0 1 0
    outer loop
      vertex 103 2.5 23.6
      vertex 104.5 2.5 2.5
      vertex 103 2.5 2.5
    endloop
  endfacet
  facet normal 0.471401 0.881919 -0
    outer loop
      vertex 3.73463 2.65224 2.5
      vertex 3.38886 2.83706 23.6
      vertex 3.73463 2.65224 23.6
    endloop
  endfacet
  facet normal 0.471401 0.881919 0
    outer loop
      vertex 3.38886 2.83706 23.6
      vertex 3.73463 2.65224 2.5
      vertex 3.38886 2.83706 2.5
    endloop
  endfacet
  facet normal 0 0 1
    outer loop
      vertex 99.7664 70.9606 2.5
      vertex 99.0056 65.4667 2.5
      vertex 99.3787 65.9213 2.5
    endloop
  endfacet
  facet normal 0 0 1
    outer loop
      vertex 99.5673 71.6172 2.5
      vertex 98.7284 64.9481 2.5
      vertex 99.0056 65.4667 2.5
    endloop
  endfacet
  facet normal 0 0 1
    outer loop
      vertex 82.5 66.9 2.5
      vertex 99.5 72.3 2.5
      vertex 99.5673 72.9828 2.5
    endloop
  endfacet
  facet normal 0 0 1
    outer loop
      vertex 99.5673 71.6172 2.5
      vertex 82.5 66.9 2.5
      vertex 98.7284 64.9481 2.5
    endloop
  endfacet
  facet normal 0 0 1
    outer loop
      vertex 99.0056 16.4667 2.5
      vertex 62.5 13.7 2.5
      vertex 98.7284 15.948 2.5
    endloop
  endfacet
  facet normal -0 0 1
    outer loop
      vertex 82.5 64.9 2.5
      vertex 98.5576 64.3853 2.5
      vertex 82.5 66.9 2.5
    endloop
  endfacet
  facet normal 0 0 1
    outer loop
      vertex 98.7284 64.9481 2.5
      vertex 82.5 66.9 2.5
      vertex 98.5576 64.3853 2.5
    endloop
  endfacet
  facet normal 0 0 1
    outer loop
      vertex 99.7664 73.6394 2.5
      vertex 82.5 66.9 2.5
      vertex 99.5673 72.9828 2.5
    endloop
  endfacet
  facet normal 0 0 1
    outer loop
      vertex 100.09 74.2445 2.5
      vertex 82.5 66.9 2.5
      vertex 99.7664 73.6394 2.5
    endloop
  endfacet
  facet normal 0 0 1
    outer loop
      vertex 100.525 74.7749 2.5
      vertex 82.5 66.9 2.5
      vertex 100.09 74.2445 2.5
    endloop
  endfacet
  facet normal 0 0 1
    outer loop
      vertex 74.5 66.9 2.5
      vertex 100.525 74.7749 2.5
      vertex 101.056 75.2101 2.5
    endloop
  endfacet
  facet normal 0 0 1
    outer loop
      vertex 74.5 66.9 2.5
      vertex 101.056 75.2101 2.5
      vertex 101.661 75.5336 2.5
    endloop
  endfacet
  facet normal 0 0 1
    outer loop
      vertex 100.525 74.7749 2.5
      vertex 74.5 66.9 2.5
      vertex 82.5 66.9 2.5
    endloop
  endfacet
  facet normal 0 0 1
    outer loop
      vertex 32.5 64.9 2.5
      vertex 74.5 64.9 2.5
      vertex 74.5 66.9 2.5
    endloop
  endfacet
  facet normal 0 0 1
    outer loop
      vertex 74.5 64.9 2.5
      vertex 54.5 13.7 2.5
      vertex 62.5 13.7 2.5
    endloop
  endfacet
  facet normal 0 0 1
    outer loop
      vertex 74.5 64.9 2.5
      vertex 32.5 64.9 2.5
      vertex 54.5 13.7 2.5
    endloop
  endfacet
  facet normal 0 0 1
    outer loop
      vertex 32.5 64.9 2.5
      vertex 74.5 66.9 2.5
      vertex 32.5 66.9 2.5
    endloop
  endfacet
  facet normal -0 0 1
    outer loop
      vertex 7.33939 75.5336 2.5
      vertex 74.5 66.9 2.5
      vertex 101.661 75.5336 2.5
    endloop
  endfacet
  facet normal 0 0 1
    outer loop
      vertex 7.33939 75.5336 2.5
      vertex 101.661 75.5336 2.5
      vertex 102.317 75.7327 2.5
    endloop
  endfacet
  facet normal 0 0 1
    outer loop
      vertex 74.5 66.9 2.5
      vertex 7.33939 75.5336 2.5
      vertex 32.5 66.9 2.5
    endloop
  endfacet
  facet normal 0 0 1
    outer loop
      vertex 8.91014 70.3555 2.5
      vertex 24.5 64.9 2.5
      vertex 24.5 66.9 2.5
    endloop
  endfacet
  facet normal 0 0 1
    outer loop
      vertex 24.5 64.9 2.5
      vertex 10.3424 38.8853 2.5
      vertex 10.4 38.3 2.5
    endloop
  endfacet
  facet normal 0 0 1
    outer loop
      vertex 24.5 64.9 2.5
      vertex 10.1716 39.448 2.5
      vertex 10.3424 38.8853 2.5
    endloop
  endfacet
  facet normal 0 0 1
    outer loop
      vertex 24.5 64.9 2.5
      vertex 9.89441 39.9667 2.5
      vertex 10.1716 39.448 2.5
    endloop
  endfacet
  facet normal 0 0 1
    outer loop
      vertex 24.5 64.9 2.5
      vertex 9.52132 40.4213 2.5
      vertex 9.89441 39.9667 2.5
    endloop
  endfacet
  facet normal -0 0 1
    outer loop
      vertex 9.43275 71.6172 2.5
      vertex 24.5 66.9 2.5
      vertex 9.5 72.3 2.5
    endloop
  endfacet
  facet normal -0 -0 1
    outer loop
      vertex 8.47487 74.7749 2.5
      vertex 32.5 66.9 2.5
      vertex 7.9445 75.2101 2.5
    endloop
  endfacet
  facet normal 0 0 1
    outer loop
      vertex 6.68282 75.7327 2.5
      vertex 102.317 75.7327 2.5
      vertex 103 75.8 2.5
    endloop
  endfacet
  facet normal 0 0 1
    outer loop
      vertex 24.5 66.9 2.5
      vertex 9.43275 72.9828 2.5
      vertex 9.5 72.3 2.5
    endloop
  endfacet
  facet normal 0 0 1
    outer loop
      vertex 24.5 66.9 2.5
      vertex 9.23358 73.6394 2.5
      vertex 9.43275 72.9828 2.5
    endloop
  endfacet
  facet normal 0 0 1
    outer loop
      vertex 24.5 66.9 2.5
      vertex 8.91014 74.2445 2.5
      vertex 9.23358 73.6394 2.5
    endloop
  endfacet
  facet normal 0 0 1
    outer loop
      vertex 24.5 66.9 2.5
      vertex 8.47487 74.7749 2.5
      vertex 8.91014 74.2445 2.5
    endloop
  endfacet
  facet normal 0 0 1
    outer loop
      vertex 32.5 66.9 2.5
      vertex 8.47487 74.7749 2.5
      vertex 24.5 66.9 2.5
    endloop
  endfacet
  facet normal 0 0 1
    outer loop
      vertex 32.5 66.9 2.5
      vertex 7.33939 75.5336 2.5
      vertex 7.9445 75.2101 2.5
    endloop
  endfacet
  facet normal 0 0 1
    outer loop
      vertex 102.317 75.7327 2.5
      vertex 6.68282 75.7327 2.5
      vertex 7.33939 75.5336 2.5
    endloop
  endfacet
  facet normal 0 -0 1
    outer loop
      vertex 6.68282 75.7327 2.5
      vertex 103 75.8 2.5
      vertex 6.00001 75.8 2.5
    endloop
  endfacet
  facet normal -0 0 1
    outer loop
      vertex 104.442 15.3853 2.5
      vertex 106.433 6.68282 2.5
      vertex 104.442 63.2147 2.5
    endloop
  endfacet
  facet normal 0 0 1
    outer loop
      vertex 106.433 6.68282 2.5
      vertex 104.442 15.3853 2.5
      vertex 104.5 14.8 2.5
    endloop
  endfacet
  facet normal -0 0 1
    outer loop
      vertex 104.272 62.652 2.5
      vertex 104.442 15.3853 2.5
      vertex 104.442 63.2147 2.5
    endloop
  endfacet
  facet normal 0 0 1
    outer loop
      vertex 104.272 62.652 2.5
      vertex 104.272 15.948 2.5
      vertex 104.442 15.3853 2.5
    endloop
  endfacet
  facet normal -0 0 1
    outer loop
      vertex 103.994 62.1333 2.5
      vertex 104.272 15.948 2.5
      vertex 104.272 62.652 2.5
    endloop
  endfacet
  facet normal 0 0 1
    outer loop
      vertex 103.994 62.1333 2.5
      vertex 103.994 16.4667 2.5
      vertex 104.272 15.948 2.5
    endloop
  endfacet
  facet normal -0 0 1
    outer loop
      vertex 103.621 61.6787 2.5
      vertex 103.994 16.4667 2.5
      vertex 103.994 62.1333 2.5
    endloop
  endfacet
  facet normal 0 0 1
    outer loop
      vertex 103.621 61.6787 2.5
      vertex 103.621 16.9213 2.5
      vertex 103.994 16.4667 2.5
    endloop
  endfacet
  facet normal -0 0 1
    outer loop
      vertex 103.167 61.3056 2.5
      vertex 103.621 16.9213 2.5
      vertex 103.621 61.6787 2.5
    endloop
  endfacet
  facet normal 0 0 1
    outer loop
      vertex 103.167 61.3056 2.5
      vertex 103.167 17.2944 2.5
      vertex 103.621 16.9213 2.5
    endloop
  endfacet
  facet normal -0 0 1
    outer loop
      vertex 102.648 61.0284 2.5
      vertex 103.167 17.2944 2.5
      vertex 103.167 61.3056 2.5
    endloop
  endfacet
  facet normal 0 0 1
    outer loop
      vertex 102.648 61.0284 2.5
      vertex 102.648 17.5716 2.5
      vertex 103.167 17.2944 2.5
    endloop
  endfacet
  facet normal -0 0 1
    outer loop
      vertex 102.085 60.8576 2.5
      vertex 102.648 17.5716 2.5
      vertex 102.648 61.0284 2.5
    endloop
  endfacet
  facet normal 0 0 1
    outer loop
      vertex 102.085 60.8576 2.5
      vertex 102.085 17.7424 2.5
      vertex 102.648 17.5716 2.5
    endloop
  endfacet
  facet normal -0 0 1
    outer loop
      vertex 101.5 60.8 2.5
      vertex 102.085 17.7424 2.5
      vertex 102.085 60.8576 2.5
    endloop
  endfacet
  facet normal 0 0 1
    outer loop
      vertex 101.5 60.8 2.5
      vertex 101.5 17.8 2.5
      vertex 102.085 17.7424 2.5
    endloop
  endfacet
  facet normal 0 0 1
    outer loop
      vertex 100.915 60.8576 2.5
      vertex 101.5 17.8 2.5
      vertex 101.5 60.8 2.5
    endloop
  endfacet
  facet normal 0 0 1
    outer loop
      vertex 100.915 60.8576 2.5
      vertex 100.915 17.7424 2.5
      vertex 101.5 17.8 2.5
    endloop
  endfacet
  facet normal 0 0 1
    outer loop
      vertex 100.352 61.0284 2.5
      vertex 100.915 17.7424 2.5
      vertex 100.915 60.8576 2.5
    endloop
  endfacet
  facet normal 0 0 1
    outer loop
      vertex 100.352 61.0284 2.5
      vertex 100.352 17.5716 2.5
      vertex 100.915 17.7424 2.5
    endloop
  endfacet
  facet normal 0 0 1
    outer loop
      vertex 99.8333 61.3056 2.5
      vertex 100.352 17.5716 2.5
      vertex 100.352 61.0284 2.5
    endloop
  endfacet
  facet normal 0 0 1
    outer loop
      vertex 99.8333 61.3056 2.5
      vertex 99.8333 17.2944 2.5
      vertex 100.352 17.5716 2.5
    endloop
  endfacet
  facet normal 0 0 1
    outer loop
      vertex 99.0056 62.1333 2.5
      vertex 82.5 64.9 2.5
      vertex 99.3787 61.6787 2.5
    endloop
  endfacet
  facet normal 0 0 1
    outer loop
      vertex 99.3787 61.6787 2.5
      vertex 82.5 64.9 2.5
      vertex 99.8333 61.3056 2.5
    endloop
  endfacet
  facet normal 0 0 1
    outer loop
      vertex 98.7284 62.652 2.5
      vertex 82.5 64.9 2.5
      vertex 99.0056 62.1333 2.5
    endloop
  endfacet
  facet normal 0 0 1
    outer loop
      vertex 99.8333 61.3056 2.5
      vertex 82.5 64.9 2.5
      vertex 99.8333 17.2944 2.5
    endloop
  endfacet
  facet normal 0 0 1
    outer loop
      vertex 98.5576 63.2147 2.5
      vertex 82.5 64.9 2.5
      vertex 98.7284 62.652 2.5
    endloop
  endfacet
  facet normal 0 0 1
    outer loop
      vertex 99.8333 17.2944 2.5
      vertex 82.5 64.9 2.5
      vertex 99.3787 16.9213 2.5
    endloop
  endfacet
  facet normal 0 0 1
    outer loop
      vertex 98.5 63.8 2.5
      vertex 82.5 64.9 2.5
      vertex 98.5576 63.2147 2.5
    endloop
  endfacet
  facet normal 0 0 1
    outer loop
      vertex 62.5 13.7 2.5
      vertex 99.3787 16.9213 2.5
      vertex 82.5 64.9 2.5
    endloop
  endfacet
  facet normal 0 0 1
    outer loop
      vertex 98.5576 64.3853 2.5
      vertex 82.5 64.9 2.5
      vertex 98.5 63.8 2.5
    endloop
  endfacet
  facet normal 0 0 1
    outer loop
      vertex 99.3787 16.9213 2.5
      vertex 62.5 13.7 2.5
      vertex 99.0056 16.4667 2.5
    endloop
  endfacet
  facet normal -0 0 1
    outer loop
      vertex 106.433 71.6172 2.5
      vertex 106.5 6 2.5
      vertex 106.5 72.3 2.5
    endloop
  endfacet
  facet normal 0 0 1
    outer loop
      vertex 106.433 71.6172 2.5
      vertex 106.433 6.68282 2.5
      vertex 106.5 6 2.5
    endloop
  endfacet
  facet normal 0 0 1
    outer loop
      vertex 104.442 63.2147 2.5
      vertex 106.234 70.9606 2.5
      vertex 104.5 63.8 2.5
    endloop
  endfacet
  facet normal -0 0 1
    outer loop
      vertex 106.234 70.9606 2.5
      vertex 104.442 63.2147 2.5
      vertex 106.433 71.6172 2.5
    endloop
  endfacet
  facet normal 0 0 1
    outer loop
      vertex 104.5 63.8 2.5
      vertex 106.234 70.9606 2.5
      vertex 105.91 70.3555 2.5
    endloop
  endfacet
  facet normal 0 0 1
    outer loop
      vertex 106.433 71.6172 2.5
      vertex 104.442 63.2147 2.5
      vertex 106.433 6.68282 2.5
    endloop
  endfacet
  facet normal 0 0 1
    outer loop
      vertex 104.442 64.3853 2.5
      vertex 105.91 70.3555 2.5
      vertex 105.475 69.8251 2.5
    endloop
  endfacet
  facet normal 0 0 1
    outer loop
      vertex 106.433 6.68282 2.5
      vertex 104.5 14.8 2.5
      vertex 106.234 7.33939 2.5
    endloop
  endfacet
  facet normal 0 0 1
    outer loop
      vertex 104.272 64.9481 2.5
      vertex 105.475 69.8251 2.5
      vertex 104.944 69.3899 2.5
    endloop
  endfacet
  facet normal 0 0 1
    outer loop
      vertex 106.234 7.33939 2.5
      vertex 104.5 14.8 2.5
      vertex 105.91 7.9445 2.5
    endloop
  endfacet
  facet normal -0 0 1
    outer loop
      vertex 104.442 14.2147 2.5
      vertex 105.91 7.9445 2.5
      vertex 104.5 14.8 2.5
    endloop
  endfacet
  facet normal 0 0 1
    outer loop
      vertex 105.91 70.3555 2.5
      vertex 104.442 64.3853 2.5
      vertex 104.5 63.8 2.5
    endloop
  endfacet
  facet normal 0 0 1
    outer loop
      vertex 103.994 65.4667 2.5
      vertex 104.944 69.3899 2.5
      vertex 104.339 69.0664 2.5
    endloop
  endfacet
  facet normal 0 0 1
    outer loop
      vertex 105.475 69.8251 2.5
      vertex 104.272 64.9481 2.5
      vertex 104.442 64.3853 2.5
    endloop
  endfacet
  facet normal 0 0 1
    outer loop
      vertex 104.944 69.3899 2.5
      vertex 103.994 65.4667 2.5
      vertex 104.272 64.9481 2.5
    endloop
  endfacet
  facet normal 0 0 1
    outer loop
      vertex 103.621 65.9213 2.5
      vertex 104.339 69.0664 2.5
      vertex 103.683 68.8672 2.5
    endloop
  endfacet
  facet normal 0 0 1
    outer loop
      vertex 104.339 69.0664 2.5
      vertex 103.621 65.9213 2.5
      vertex 103.994 65.4667 2.5
    endloop
  endfacet
  facet normal 0 0 1
    outer loop
      vertex 103.683 68.8672 2.5
      vertex 103.167 66.2944 2.5
      vertex 103.621 65.9213 2.5
    endloop
  endfacet
  facet normal 0 0 1
    outer loop
      vertex 102.648 66.5716 2.5
      vertex 103.683 68.8672 2.5
      vertex 103 68.8 2.5
    endloop
  endfacet
  facet normal 0 0 1
    outer loop
      vertex 103.683 68.8672 2.5
      vertex 102.648 66.5716 2.5
      vertex 103.167 66.2944 2.5
    endloop
  endfacet
  facet normal 0 0 1
    outer loop
      vertex 102.085 66.7424 2.5
      vertex 103 68.8 2.5
      vertex 102.317 68.8672 2.5
    endloop
  endfacet
  facet normal 0 0 1
    outer loop
      vertex 103 68.8 2.5
      vertex 102.085 66.7424 2.5
      vertex 102.648 66.5716 2.5
    endloop
  endfacet
  facet normal 0 0 1
    outer loop
      vertex 101.5 66.8 2.5
      vertex 102.317 68.8672 2.5
      vertex 101.661 69.0664 2.5
    endloop
  endfacet
  facet normal 0 0 1
    outer loop
      vertex 102.317 68.8672 2.5
      vertex 101.5 66.8 2.5
      vertex 102.085 66.7424 2.5
    endloop
  endfacet
  facet normal 0 0 1
    outer loop
      vertex 100.915 66.7424 2.5
      vertex 101.661 69.0664 2.5
      vertex 101.056 69.3899 2.5
    endloop
  endfacet
  facet normal 0 0 1
    outer loop
      vertex 101.661 69.0664 2.5
      vertex 100.915 66.7424 2.5
      vertex 101.5 66.8 2.5
    endloop
  endfacet
  facet normal 0 0 1
    outer loop
      vertex 100.352 66.5716 2.5
      vertex 101.056 69.3899 2.5
      vertex 100.525 69.8251 2.5
    endloop
  endfacet
  facet normal 0 0 1
    outer loop
      vertex 101.056 69.3899 2.5
      vertex 100.352 66.5716 2.5
      vertex 100.915 66.7424 2.5
    endloop
  endfacet
  facet normal 0 0 1
    outer loop
      vertex 99.8333 66.2944 2.5
      vertex 100.525 69.8251 2.5
      vertex 100.09 70.3555 2.5
    endloop
  endfacet
  facet normal 0 0 1
    outer loop
      vertex 100.525 69.8251 2.5
      vertex 99.8333 66.2944 2.5
      vertex 100.352 66.5716 2.5
    endloop
  endfacet
  facet normal 0 0 1
    outer loop
      vertex 99.3787 65.9213 2.5
      vertex 100.09 70.3555 2.5
      vertex 99.7664 70.9606 2.5
    endloop
  endfacet
  facet normal 0 0 1
    outer loop
      vertex 99.0056 65.4667 2.5
      vertex 99.7664 70.9606 2.5
      vertex 99.5673 71.6172 2.5
    endloop
  endfacet
  facet normal 0 0 1
    outer loop
      vertex 82.5 66.9 2.5
      vertex 99.5673 71.6172 2.5
      vertex 99.5 72.3 2.5
    endloop
  endfacet
  facet normal 0 0 1
    outer loop
      vertex 100.09 70.3555 2.5
      vertex 99.3787 65.9213 2.5
      vertex 99.8333 66.2944 2.5
    endloop
  endfacet
  facet normal 0 0 1
    outer loop
      vertex 105.91 7.9445 2.5
      vertex 104.442 14.2147 2.5
      vertex 105.475 8.47487 2.5
    endloop
  endfacet
  facet normal -0 0 1
    outer loop
      vertex 104.272 13.652 2.5
      vertex 105.475 8.47487 2.5
      vertex 104.442 14.2147 2.5
    endloop
  endfacet
  facet normal 0 0 1
    outer loop
      vertex 105.475 8.47487 2.5
      vertex 104.272 13.652 2.5
      vertex 104.944 8.91014 2.5
    endloop
  endfacet
  facet normal -0 0 1
    outer loop
      vertex 103.994 13.1333 2.5
      vertex 104.944 8.91014 2.5
      vertex 104.272 13.652 2.5
    endloop
  endfacet
  facet normal 0 0 1
    outer loop
      vertex 104.944 8.91014 2.5
      vertex 103.994 13.1333 2.5
      vertex 104.339 9.23358 2.5
    endloop
  endfacet
  facet normal -0 0 1
    outer loop
      vertex 103.621 12.6787 2.5
      vertex 104.339 9.23358 2.5
      vertex 103.994 13.1333 2.5
    endloop
  endfacet
  facet normal 0 0 1
    outer loop
      vertex 104.339 9.23358 2.5
      vertex 103.621 12.6787 2.5
      vertex 103.683 9.43275 2.5
    endloop
  endfacet
  facet normal -0 0 1
    outer loop
      vertex 103.167 12.3056 2.5
      vertex 103.683 9.43275 2.5
      vertex 103.621 12.6787 2.5
    endloop
  endfacet
  facet normal -0 0 1
    outer loop
      vertex 102.648 12.0284 2.5
      vertex 103.683 9.43275 2.5
      vertex 103.167 12.3056 2.5
    endloop
  endfacet
  facet normal 0 0 1
    outer loop
      vertex 103.683 9.43275 2.5
      vertex 102.648 12.0284 2.5
      vertex 103 9.5 2.5
    endloop
  endfacet
  facet normal -0 0 1
    outer loop
      vertex 102.085 11.8576 2.5
      vertex 103 9.5 2.5
      vertex 102.648 12.0284 2.5
    endloop
  endfacet
  facet normal 0 0 1
    outer loop
      vertex 103 9.5 2.5
      vertex 102.085 11.8576 2.5
      vertex 102.317 9.43275 2.5
    endloop
  endfacet
  facet normal -0 0 1
    outer loop
      vertex 101.5 11.8 2.5
      vertex 102.317 9.43275 2.5
      vertex 102.085 11.8576 2.5
    endloop
  endfacet
  facet normal 0 0 1
    outer loop
      vertex 102.317 9.43275 2.5
      vertex 101.5 11.8 2.5
      vertex 101.661 9.23358 2.5
    endloop
  endfacet
  facet normal 0 0 1
    outer loop
      vertex 100.915 11.8576 2.5
      vertex 101.661 9.23358 2.5
      vertex 101.5 11.8 2.5
    endloop
  endfacet
  facet normal 0 0 1
    outer loop
      vertex 101.661 9.23358 2.5
      vertex 100.915 11.8576 2.5
      vertex 101.056 8.91014 2.5
    endloop
  endfacet
  facet normal 0 0 1
    outer loop
      vertex 100.352 12.0284 2.5
      vertex 101.056 8.91014 2.5
      vertex 100.915 11.8576 2.5
    endloop
  endfacet
  facet normal 0 0 1
    outer loop
      vertex 101.056 8.91014 2.5
      vertex 100.352 12.0284 2.5
      vertex 100.525 8.47487 2.5
    endloop
  endfacet
  facet normal 0 0 1
    outer loop
      vertex 99.8333 12.3056 2.5
      vertex 100.525 8.47487 2.5
      vertex 100.352 12.0284 2.5
    endloop
  endfacet
  facet normal 0 0 1
    outer loop
      vertex 100.525 8.47487 2.5
      vertex 99.8333 12.3056 2.5
      vertex 100.09 7.9445 2.5
    endloop
  endfacet
  facet normal 0 0 1
    outer loop
      vertex 99.3787 12.6787 2.5
      vertex 100.09 7.9445 2.5
      vertex 99.8333 12.3056 2.5
    endloop
  endfacet
  facet normal 0 0 1
    outer loop
      vertex 100.09 7.9445 2.5
      vertex 99.3787 12.6787 2.5
      vertex 99.7664 7.33939 2.5
    endloop
  endfacet
  facet normal 0 0 1
    outer loop
      vertex 99.0056 13.1333 2.5
      vertex 99.7664 7.33939 2.5
      vertex 99.3787 12.6787 2.5
    endloop
  endfacet
  facet normal 0 0 1
    outer loop
      vertex 99.7664 7.33939 2.5
      vertex 99.0056 13.1333 2.5
      vertex 99.5673 6.68282 2.5
    endloop
  endfacet
  facet normal 0 0 1
    outer loop
      vertex 98.7284 13.652 2.5
      vertex 99.5673 6.68282 2.5
      vertex 99.0056 13.1333 2.5
    endloop
  endfacet
  facet normal 0 0 1
    outer loop
      vertex 99.5673 6.68282 2.5
      vertex 98.7284 13.652 2.5
      vertex 99.5 6 2.5
    endloop
  endfacet
  facet normal -0 0 1
    outer loop
      vertex 62.5 11.7 2.5
      vertex 99.5 6 2.5
      vertex 98.7284 13.652 2.5
    endloop
  endfacet
  facet normal 0 0 1
    outer loop
      vertex 62.5 11.7 2.5
      vertex 98.7284 13.652 2.5
      vertex 98.5576 14.2147 2.5
    endloop
  endfacet
  facet normal 0 0 1
    outer loop
      vertex 98.7284 15.948 2.5
      vertex 62.5 13.7 2.5
      vertex 98.5576 15.3853 2.5
    endloop
  endfacet
  facet normal 0 0 1
    outer loop
      vertex 98.5576 15.3853 2.5
      vertex 62.5 13.7 2.5
      vertex 98.5 14.8 2.5
    endloop
  endfacet
  facet normal 0 0 1
    outer loop
      vertex 98.5 14.8 2.5
      vertex 62.5 13.7 2.5
      vertex 98.5576 14.2147 2.5
    endloop
  endfacet
  facet normal 0 0 1
    outer loop
      vertex 62.5 13.7 2.5
      vertex 82.5 64.9 2.5
      vertex 74.5 64.9 2.5
    endloop
  endfacet
  facet normal 0 0 1
    outer loop
      vertex 62.5 11.7 2.5
      vertex 98.5576 14.2147 2.5
      vertex 62.5 13.7 2.5
    endloop
  endfacet
  facet normal 0 0 1
    outer loop
      vertex 99.5 6 2.5
      vertex 62.5 11.7 2.5
      vertex 99.5673 5.31718 2.5
    endloop
  endfacet
  facet normal 0 0 1
    outer loop
      vertex 99.5673 5.31718 2.5
      vertex 62.5 11.7 2.5
      vertex 99.7664 4.66061 2.5
    endloop
  endfacet
  facet normal 0 0 1
    outer loop
      vertex 99.7664 4.66061 2.5
      vertex 62.5 11.7 2.5
      vertex 100.09 4.0555 2.5
    endloop
  endfacet
  facet normal 0 0 1
    outer loop
      vertex 100.09 4.0555 2.5
      vertex 62.5 11.7 2.5
      vertex 100.525 3.52513 2.5
    endloop
  endfacet
  facet normal 0 0 1
    outer loop
      vertex 100.525 3.52513 2.5
      vertex 62.5 11.7 2.5
      vertex 101.056 3.08986 2.5
    endloop
  endfacet
  facet normal 0 0 1
    outer loop
      vertex 101.056 3.08986 2.5
      vertex 62.5 11.7 2.5
      vertex 101.661 2.76642 2.5
    endloop
  endfacet
  facet normal -0 0 1
    outer loop
      vertex 54.5 11.7 2.5
      vertex 101.661 2.76642 2.5
      vertex 62.5 11.7 2.5
    endloop
  endfacet
  facet normal 0 0 1
    outer loop
      vertex 7.33939 2.76642 2.5
      vertex 101.661 2.76642 2.5
      vertex 54.5 11.7 2.5
    endloop
  endfacet
  facet normal -0 0 1
    outer loop
      vertex 10.4 38.3 2.5
      vertex 54.5 13.7 2.5
      vertex 32.5 64.9 2.5
    endloop
  endfacet
  facet normal 0 0 1
    outer loop
      vertex 10.4 38.3 2.5
      vertex 32.5 64.9 2.5
      vertex 24.5 64.9 2.5
    endloop
  endfacet
  facet normal -0 0 1
    outer loop
      vertex 10.3424 37.7147 2.5
      vertex 54.5 13.7 2.5
      vertex 10.4 38.3 2.5
    endloop
  endfacet
  facet normal -0 0 1
    outer loop
      vertex 10.1716 37.152 2.5
      vertex 54.5 13.7 2.5
      vertex 10.3424 37.7147 2.5
    endloop
  endfacet
  facet normal -0 0 1
    outer loop
      vertex 9.89441 36.6333 2.5
      vertex 54.5 13.7 2.5
      vertex 10.1716 37.152 2.5
    endloop
  endfacet
  facet normal 0 0 1
    outer loop
      vertex 8.91014 7.9445 2.5
      vertex 54.5 13.7 2.5
      vertex 9.89441 36.6333 2.5
    endloop
  endfacet
  facet normal 0 0 1
    outer loop
      vertex 8.91014 7.9445 2.5
      vertex 9.89441 36.6333 2.5
      vertex 9.52132 36.1787 2.5
    endloop
  endfacet
  facet normal 0 -0 1
    outer loop
      vertex 9.23358 7.33939 2.5
      vertex 54.5 13.7 2.5
      vertex 8.91014 7.9445 2.5
    endloop
  endfacet
  facet normal 0 0 1
    outer loop
      vertex 9.43275 5.31718 2.5
      vertex 54.5 11.7 2.5
      vertex 9.5 6 2.5
    endloop
  endfacet
  facet normal 0 0 1
    outer loop
      vertex 9.23358 4.66061 2.5
      vertex 54.5 11.7 2.5
      vertex 9.43275 5.31718 2.5
    endloop
  endfacet
  facet normal 0 0 1
    outer loop
      vertex 8.91014 4.0555 2.5
      vertex 54.5 11.7 2.5
      vertex 9.23358 4.66061 2.5
    endloop
  endfacet
  facet normal 0 0 1
    outer loop
      vertex 8.47487 3.52513 2.5
      vertex 54.5 11.7 2.5
      vertex 8.91014 4.0555 2.5
    endloop
  endfacet
  facet normal 0 0 1
    outer loop
      vertex 7.9445 3.08986 2.5
      vertex 54.5 11.7 2.5
      vertex 8.47487 3.52513 2.5
    endloop
  endfacet
  facet normal 0 0 1
    outer loop
      vertex 7.33939 2.76642 2.5
      vertex 54.5 11.7 2.5
      vertex 7.9445 3.08986 2.5
    endloop
  endfacet
  facet normal 0 0 1
    outer loop
      vertex 101.661 2.76642 2.5
      vertex 7.33939 2.76642 2.5
      vertex 102.317 2.56725 2.5
    endloop
  endfacet
  facet normal 0 0 1
    outer loop
      vertex 6.68282 2.56725 2.5
      vertex 102.317 2.56725 2.5
      vertex 7.33939 2.76642 2.5
    endloop
  endfacet
  facet normal 0 0 1
    outer loop
      vertex 102.317 2.56725 2.5
      vertex 6.68282 2.56725 2.5
      vertex 103 2.5 2.5
    endloop
  endfacet
  facet normal 0 0 1
    outer loop
      vertex 103 2.5 2.5
      vertex 6.68282 2.56725 2.5
      vertex 6 2.5 2.5
    endloop
  endfacet
  facet normal 0 0 1
    outer loop
      vertex 54.5 11.7 2.5
      vertex 9.43275 6.68282 2.5
      vertex 9.5 6 2.5
    endloop
  endfacet
  facet normal 0 0 1
    outer loop
      vertex 54.5 13.7 2.5
      vertex 9.43275 6.68282 2.5
      vertex 54.5 11.7 2.5
    endloop
  endfacet
  facet normal 0 0 1
    outer loop
      vertex 8.47487 8.47487 2.5
      vertex 9.52132 36.1787 2.5
      vertex 9.06671 35.8056 2.5
    endloop
  endfacet
  facet normal 0 -0 1
    outer loop
      vertex 9.43275 6.68282 2.5
      vertex 54.5 13.7 2.5
      vertex 9.23358 7.33939 2.5
    endloop
  endfacet
  facet normal 0 0 1
    outer loop
      vertex 7.9445 8.91014 2.5
      vertex 9.06671 35.8056 2.5
      vertex 8.54805 35.5284 2.5
    endloop
  endfacet
  facet normal 0 0 1
    outer loop
      vertex 9.52132 36.1787 2.5
      vertex 8.47487 8.47487 2.5
      vertex 8.91014 7.9445 2.5
    endloop
  endfacet
  facet normal 0 0 1
    outer loop
      vertex 7.33939 9.23358 2.5
      vertex 8.54805 35.5284 2.5
      vertex 7.98527 35.3576 2.5
    endloop
  endfacet
  facet normal 0 0 1
    outer loop
      vertex 9.06671 35.8056 2.5
      vertex 7.9445 8.91014 2.5
      vertex 8.47487 8.47487 2.5
    endloop
  endfacet
  facet normal 0 0 1
    outer loop
      vertex 6.68282 9.43275 2.5
      vertex 7.98527 35.3576 2.5
      vertex 7.4 35.3 2.5
    endloop
  endfacet
  facet normal 0 0 1
    outer loop
      vertex 8.54805 35.5284 2.5
      vertex 7.33939 9.23358 2.5
      vertex 7.9445 8.91014 2.5
    endloop
  endfacet
  facet normal 0 0 1
    outer loop
      vertex 6 9.5 2.5
      vertex 7.4 35.3 2.5
      vertex 6.81473 35.3576 2.5
    endloop
  endfacet
  facet normal 0 0 1
    outer loop
      vertex 7.98527 35.3576 2.5
      vertex 6.68282 9.43275 2.5
      vertex 7.33939 9.23358 2.5
    endloop
  endfacet
  facet normal 0 0 1
    outer loop
      vertex 5.31718 9.43275 2.5
      vertex 6.81473 35.3576 2.5
      vertex 6.25195 35.5284 2.5
    endloop
  endfacet
  facet normal 0 0 1
    outer loop
      vertex 7.4 35.3 2.5
      vertex 6 9.5 2.5
      vertex 6.68282 9.43275 2.5
    endloop
  endfacet
  facet normal 0 0 1
    outer loop
      vertex 4.66061 9.23358 2.5
      vertex 6.25195 35.5284 2.5
      vertex 5.73329 35.8056 2.5
    endloop
  endfacet
  facet normal 0 0 1
    outer loop
      vertex 6.81473 35.3576 2.5
      vertex 5.31718 9.43275 2.5
      vertex 6 9.5 2.5
    endloop
  endfacet
  facet normal 0 0 1
    outer loop
      vertex 4.0555 8.91014 2.5
      vertex 5.73329 35.8056 2.5
      vertex 5.27868 36.1787 2.5
    endloop
  endfacet
  facet normal 0 0 1
    outer loop
      vertex 3.52513 8.47487 2.5
      vertex 5.27868 36.1787 2.5
      vertex 4.90559 36.6333 2.5
    endloop
  endfacet
  facet normal 0 0 1
    outer loop
      vertex 6.25195 35.5284 2.5
      vertex 4.66061 9.23358 2.5
      vertex 5.31718 9.43275 2.5
    endloop
  endfacet
  facet normal 0 0 1
    outer loop
      vertex 3.08986 7.9445 2.5
      vertex 4.90559 36.6333 2.5
      vertex 4.62836 37.152 2.5
    endloop
  endfacet
  facet normal 0 0 1
    outer loop
      vertex 2.76642 7.33939 2.5
      vertex 4.62836 37.152 2.5
      vertex 4.45764 37.7147 2.5
    endloop
  endfacet
  facet normal 0 0 1
    outer loop
      vertex 2.56725 6.68282 2.5
      vertex 4.45764 37.7147 2.5
      vertex 4.4 38.3 2.5
    endloop
  endfacet
  facet normal 0 0 1
    outer loop
      vertex 2.76642 70.9606 2.5
      vertex 4.62836 39.448 2.5
      vertex 3.08986 70.3555 2.5
    endloop
  endfacet
  facet normal 0 0 1
    outer loop
      vertex 5.73329 35.8056 2.5
      vertex 4.0555 8.91014 2.5
      vertex 4.66061 9.23358 2.5
    endloop
  endfacet
  facet normal 0 0 1
    outer loop
      vertex 4.62836 39.448 2.5
      vertex 2.76642 70.9606 2.5
      vertex 4.45764 38.8853 2.5
    endloop
  endfacet
  facet normal 0 0 1
    outer loop
      vertex 5.27868 36.1787 2.5
      vertex 3.52513 8.47487 2.5
      vertex 4.0555 8.91014 2.5
    endloop
  endfacet
  facet normal 0 0 1
    outer loop
      vertex 2.56725 71.6172 2.5
      vertex 4.45764 38.8853 2.5
      vertex 2.76642 70.9606 2.5
    endloop
  endfacet
  facet normal 0 0 1
    outer loop
      vertex 4.90559 36.6333 2.5
      vertex 3.08986 7.9445 2.5
      vertex 3.52513 8.47487 2.5
    endloop
  endfacet
  facet normal 0 0 1
    outer loop
      vertex 4.45764 38.8853 2.5
      vertex 2.56725 71.6172 2.5
      vertex 4.4 38.3 2.5
    endloop
  endfacet
  facet normal 0 0 1
    outer loop
      vertex 4.62836 37.152 2.5
      vertex 2.76642 7.33939 2.5
      vertex 3.08986 7.9445 2.5
    endloop
  endfacet
  facet normal 0 0 1
    outer loop
      vertex 2.56725 6.68282 2.5
      vertex 4.4 38.3 2.5
      vertex 2.56725 71.6172 2.5
    endloop
  endfacet
  facet normal 0 0 1
    outer loop
      vertex 4.45764 37.7147 2.5
      vertex 2.56725 6.68282 2.5
      vertex 2.76642 7.33939 2.5
    endloop
  endfacet
  facet normal 0 0 1
    outer loop
      vertex 2.5 72.3 2.5
      vertex 2.56725 6.68282 2.5
      vertex 2.56725 71.6172 2.5
    endloop
  endfacet
  facet normal 0 0 1
    outer loop
      vertex 2.56725 6.68282 2.5
      vertex 2.5 72.3 2.5
      vertex 2.5 6 2.5
    endloop
  endfacet
  facet normal -0 0 1
    outer loop
      vertex 9.23358 70.9606 2.5
      vertex 24.5 66.9 2.5
      vertex 9.43275 71.6172 2.5
    endloop
  endfacet
  facet normal -0 0 1
    outer loop
      vertex 8.91014 70.3555 2.5
      vertex 24.5 66.9 2.5
      vertex 9.23358 70.9606 2.5
    endloop
  endfacet
  facet normal 0 0 1
    outer loop
      vertex 24.5 64.9 2.5
      vertex 8.91014 70.3555 2.5
      vertex 8.47487 69.8251 2.5
    endloop
  endfacet
  facet normal 0 0 1
    outer loop
      vertex 24.5 64.9 2.5
      vertex 8.47487 69.8251 2.5
      vertex 7.9445 69.3899 2.5
    endloop
  endfacet
  facet normal 0 0 1
    outer loop
      vertex 24.5 64.9 2.5
      vertex 9.06671 40.7944 2.5
      vertex 9.52132 40.4213 2.5
    endloop
  endfacet
  facet normal 0 0 1
    outer loop
      vertex 24.5 64.9 2.5
      vertex 7.9445 69.3899 2.5
      vertex 7.33939 69.0664 2.5
    endloop
  endfacet
  facet normal 0 0 1
    outer loop
      vertex 24.5 64.9 2.5
      vertex 8.54805 41.0716 2.5
      vertex 9.06671 40.7944 2.5
    endloop
  endfacet
  facet normal 0 0 1
    outer loop
      vertex 24.5 64.9 2.5
      vertex 7.33939 69.0664 2.5
      vertex 8.54805 41.0716 2.5
    endloop
  endfacet
  facet normal 0 0 1
    outer loop
      vertex 8.54805 41.0716 2.5
      vertex 7.33939 69.0664 2.5
      vertex 7.98527 41.2424 2.5
    endloop
  endfacet
  facet normal -0 0 1
    outer loop
      vertex 6.68282 68.8672 2.5
      vertex 7.98527 41.2424 2.5
      vertex 7.33939 69.0664 2.5
    endloop
  endfacet
  facet normal 0 0 1
    outer loop
      vertex 7.98527 41.2424 2.5
      vertex 6.68282 68.8672 2.5
      vertex 7.4 41.3 2.5
    endloop
  endfacet
  facet normal -0 0 1
    outer loop
      vertex 6 68.8 2.5
      vertex 7.4 41.3 2.5
      vertex 6.68282 68.8672 2.5
    endloop
  endfacet
  facet normal 0 0 1
    outer loop
      vertex 7.4 41.3 2.5
      vertex 6 68.8 2.5
      vertex 6.81473 41.2424 2.5
    endloop
  endfacet
  facet normal 0 0 1
    outer loop
      vertex 5.31718 68.8672 2.5
      vertex 6.81473 41.2424 2.5
      vertex 6 68.8 2.5
    endloop
  endfacet
  facet normal 0 0 1
    outer loop
      vertex 6.81473 41.2424 2.5
      vertex 5.31718 68.8672 2.5
      vertex 6.25195 41.0716 2.5
    endloop
  endfacet
  facet normal 0 0 1
    outer loop
      vertex 4.66061 69.0664 2.5
      vertex 6.25195 41.0716 2.5
      vertex 5.31718 68.8672 2.5
    endloop
  endfacet
  facet normal 0 0 1
    outer loop
      vertex 6.25195 41.0716 2.5
      vertex 4.66061 69.0664 2.5
      vertex 5.73329 40.7944 2.5
    endloop
  endfacet
  facet normal 0 0 1
    outer loop
      vertex 4.0555 69.3899 2.5
      vertex 5.73329 40.7944 2.5
      vertex 4.66061 69.0664 2.5
    endloop
  endfacet
  facet normal 0 0 1
    outer loop
      vertex 5.73329 40.7944 2.5
      vertex 4.0555 69.3899 2.5
      vertex 5.27868 40.4213 2.5
    endloop
  endfacet
  facet normal 0 0 1
    outer loop
      vertex 3.52513 69.8251 2.5
      vertex 5.27868 40.4213 2.5
      vertex 4.0555 69.3899 2.5
    endloop
  endfacet
  facet normal 0 0 1
    outer loop
      vertex 5.27868 40.4213 2.5
      vertex 3.52513 69.8251 2.5
      vertex 4.90559 39.9667 2.5
    endloop
  endfacet
  facet normal 0 0 1
    outer loop
      vertex 3.08986 70.3555 2.5
      vertex 4.90559 39.9667 2.5
      vertex 3.52513 69.8251 2.5
    endloop
  endfacet
  facet normal 0 0 1
    outer loop
      vertex 4.90559 39.9667 2.5
      vertex 3.08986 70.3555 2.5
      vertex 4.62836 39.448 2.5
    endloop
  endfacet
  facet normal 0 0 1
    outer loop
      vertex 5.31718 2.56725 2.5
      vertex 4.5 2.5 2.5
      vertex 6 2.5 2.5
    endloop
  endfacet
  facet normal 0 0 1
    outer loop
      vertex 4.66061 2.76642 2.5
      vertex 4.5 2.5 2.5
      vertex 5.31718 2.56725 2.5
    endloop
  endfacet
  facet normal 0 0 1
    outer loop
      vertex 4.66061 2.76642 2.5
      vertex 4.10982 2.53843 2.5
      vertex 4.5 2.5 2.5
    endloop
  endfacet
  facet normal 0 0 1
    outer loop
      vertex 4.0555 3.08986 2.5
      vertex 4.10982 2.53843 2.5
      vertex 4.66061 2.76642 2.5
    endloop
  endfacet
  facet normal 0 0 1
    outer loop
      vertex 4.0555 3.08986 2.5
      vertex 3.73463 2.65224 2.5
      vertex 4.10982 2.53843 2.5
    endloop
  endfacet
  facet normal 0 0 1
    outer loop
      vertex 3.38886 2.83706 2.5
      vertex 4.0555 3.08986 2.5
      vertex 3.52513 3.52513 2.5
    endloop
  endfacet
  facet normal 0 0 1
    outer loop
      vertex 4.0555 3.08986 2.5
      vertex 3.38886 2.83706 2.5
      vertex 3.73463 2.65224 2.5
    endloop
  endfacet
  facet normal 0 0 1
    outer loop
      vertex 2.83706 3.38886 2.5
      vertex 3.52513 3.52513 2.5
      vertex 3.08986 4.0555 2.5
    endloop
  endfacet
  facet normal 0 0 1
    outer loop
      vertex 3.52513 3.52513 2.5
      vertex 3.08579 3.08579 2.5
      vertex 3.38886 2.83706 2.5
    endloop
  endfacet
  facet normal 0 0 1
    outer loop
      vertex 3.52513 3.52513 2.5
      vertex 2.83706 3.38886 2.5
      vertex 3.08579 3.08579 2.5
    endloop
  endfacet
  facet normal -0 0 1
    outer loop
      vertex 2.53843 4.10982 2.5
      vertex 3.08986 4.0555 2.5
      vertex 2.76642 4.66061 2.5
    endloop
  endfacet
  facet normal 0 0 1
    outer loop
      vertex 3.08986 4.0555 2.5
      vertex 2.65224 3.73463 2.5
      vertex 2.83706 3.38886 2.5
    endloop
  endfacet
  facet normal 0 0 1
    outer loop
      vertex 2.5 4.5 2.5
      vertex 2.76642 4.66061 2.5
      vertex 2.56725 5.31718 2.5
    endloop
  endfacet
  facet normal 0 -0 1
    outer loop
      vertex 2.53843 4.10982 2.5
      vertex 2.76642 4.66061 2.5
      vertex 2.5 4.5 2.5
    endloop
  endfacet
  facet normal 0 0 1
    outer loop
      vertex 2.5 4.5 2.5
      vertex 2.56725 5.31718 2.5
      vertex 2.5 6 2.5
    endloop
  endfacet
  facet normal 0 0 1
    outer loop
      vertex 3.08986 4.0555 2.5
      vertex 2.53843 4.10982 2.5
      vertex 2.65224 3.73463 2.5
    endloop
  endfacet
  facet normal -0 0 1
    outer loop
      vertex 4.5 75.8 2.5
      vertex 5.31718 75.7327 2.5
      vertex 5.99999 75.8 2.5
    endloop
  endfacet
  facet normal 0 0 1
    outer loop
      vertex 4.5 75.8 2.5
      vertex 4.66061 75.5336 2.5
      vertex 5.31718 75.7327 2.5
    endloop
  endfacet
  facet normal -0 0 1
    outer loop
      vertex 4.10982 75.7616 2.5
      vertex 4.66061 75.5336 2.5
      vertex 4.5 75.8 2.5
    endloop
  endfacet
  facet normal 0 0 1
    outer loop
      vertex 4.10982 75.7616 2.5
      vertex 4.0555 75.2101 2.5
      vertex 4.66061 75.5336 2.5
    endloop
  endfacet
  facet normal -0 0 1
    outer loop
      vertex 3.73463 75.6478 2.5
      vertex 4.0555 75.2101 2.5
      vertex 4.10982 75.7616 2.5
    endloop
  endfacet
  facet normal -0 0 1
    outer loop
      vertex 3.38886 75.4629 2.5
      vertex 4.0555 75.2101 2.5
      vertex 3.73463 75.6478 2.5
    endloop
  endfacet
  facet normal 0 0 1
    outer loop
      vertex 4.0555 75.2101 2.5
      vertex 3.38886 75.4629 2.5
      vertex 3.52513 74.7749 2.5
    endloop
  endfacet
  facet normal -0 0 1
    outer loop
      vertex 3.08579 75.2142 2.5
      vertex 3.52513 74.7749 2.5
      vertex 3.38886 75.4629 2.5
    endloop
  endfacet
  facet normal -0 0 1
    outer loop
      vertex 2.83706 74.9111 2.5
      vertex 3.52513 74.7749 2.5
      vertex 3.08579 75.2142 2.5
    endloop
  endfacet
  facet normal 0 0 1
    outer loop
      vertex 3.52513 74.7749 2.5
      vertex 2.83706 74.9111 2.5
      vertex 3.08986 74.2445 2.5
    endloop
  endfacet
  facet normal -0 0 1
    outer loop
      vertex 2.65224 74.5654 2.5
      vertex 3.08986 74.2445 2.5
      vertex 2.83706 74.9111 2.5
    endloop
  endfacet
  facet normal 0 0 1
    outer loop
      vertex 2.53843 74.1902 2.5
      vertex 3.08986 74.2445 2.5
      vertex 2.65224 74.5654 2.5
    endloop
  endfacet
  facet normal 0 0 1
    outer loop
      vertex 3.08986 74.2445 2.5
      vertex 2.53843 74.1902 2.5
      vertex 2.76642 73.6394 2.5
    endloop
  endfacet
  facet normal 0 0 1
    outer loop
      vertex 2.76642 73.6394 2.5
      vertex 2.53843 74.1902 2.5
      vertex 2.5 73.8 2.5
    endloop
  endfacet
  facet normal 0 0 1
    outer loop
      vertex 2.76642 73.6394 2.5
      vertex 2.5 73.8 2.5
      vertex 2.56725 72.9828 2.5
    endloop
  endfacet
  facet normal 0 0 1
    outer loop
      vertex 2.56725 72.9828 2.5
      vertex 2.5 73.8 2.5
      vertex 2.5 72.3 2.5
    endloop
  endfacet
  facet normal -0 0 1
    outer loop
      vertex 106.433 5.31718 2.5
      vertex 106.5 4.5 2.5
      vertex 106.5 6 2.5
    endloop
  endfacet
  facet normal -0 0 1
    outer loop
      vertex 106.234 4.66061 2.5
      vertex 106.5 4.5 2.5
      vertex 106.433 5.31718 2.5
    endloop
  endfacet
  facet normal 0 0 1
    outer loop
      vertex 106.5 4.5 2.5
      vertex 106.234 4.66061 2.5
      vertex 106.462 4.10982 2.5
    endloop
  endfacet
  facet normal 0 0 1
    outer loop
      vertex 105.91 4.0555 2.5
      vertex 106.462 4.10982 2.5
      vertex 106.234 4.66061 2.5
    endloop
  endfacet
  facet normal 0 0 1
    outer loop
      vertex 106.462 4.10982 2.5
      vertex 105.91 4.0555 2.5
      vertex 106.348 3.73463 2.5
    endloop
  endfacet
  facet normal 0 0 1
    outer loop
      vertex 106.348 3.73463 2.5
      vertex 105.91 4.0555 2.5
      vertex 106.163 3.38886 2.5
    endloop
  endfacet
  facet normal -0 0 1
    outer loop
      vertex 105.475 3.52513 2.5
      vertex 106.163 3.38886 2.5
      vertex 105.91 4.0555 2.5
    endloop
  endfacet
  facet normal 0 0 1
    outer loop
      vertex 106.163 3.38886 2.5
      vertex 105.475 3.52513 2.5
      vertex 105.914 3.08579 2.5
    endloop
  endfacet
  facet normal 0 0 1
    outer loop
      vertex 105.914 3.08579 2.5
      vertex 105.475 3.52513 2.5
      vertex 105.611 2.83706 2.5
    endloop
  endfacet
  facet normal -0 0 1
    outer loop
      vertex 104.944 3.08986 2.5
      vertex 105.611 2.83706 2.5
      vertex 105.475 3.52513 2.5
    endloop
  endfacet
  facet normal 0 0 1
    outer loop
      vertex 105.611 2.83706 2.5
      vertex 104.944 3.08986 2.5
      vertex 105.265 2.65224 2.5
    endloop
  endfacet
  facet normal 0 0 1
    outer loop
      vertex 104.944 3.08986 2.5
      vertex 104.89 2.53843 2.5
      vertex 105.265 2.65224 2.5
    endloop
  endfacet
  facet normal -0 0 1
    outer loop
      vertex 104.339 2.76642 2.5
      vertex 104.89 2.53843 2.5
      vertex 104.944 3.08986 2.5
    endloop
  endfacet
  facet normal 0 0 1
    outer loop
      vertex 104.89 2.53843 2.5
      vertex 104.339 2.76642 2.5
      vertex 104.5 2.5 2.5
    endloop
  endfacet
  facet normal -0 0 1
    outer loop
      vertex 103.683 2.56725 2.5
      vertex 104.5 2.5 2.5
      vertex 104.339 2.76642 2.5
    endloop
  endfacet
  facet normal 0 0 1
    outer loop
      vertex 104.5 2.5 2.5
      vertex 103.683 2.56725 2.5
      vertex 103 2.5 2.5
    endloop
  endfacet
  facet normal 0 0 1
    outer loop
      vertex 106.234 73.6394 2.5
      vertex 106.5 73.8 2.5
      vertex 106.462 74.1902 2.5
    endloop
  endfacet
  facet normal 0 0 1
    outer loop
      vertex 106.5 73.8 2.5
      vertex 106.433 72.9828 2.5
      vertex 106.5 72.3 2.5
    endloop
  endfacet
  facet normal -0 0 1
    outer loop
      vertex 105.91 74.2445 2.5
      vertex 106.462 74.1902 2.5
      vertex 106.348 74.5654 2.5
    endloop
  endfacet
  facet normal 0 0 1
    outer loop
      vertex 106.5 73.8 2.5
      vertex 106.234 73.6394 2.5
      vertex 106.433 72.9828 2.5
    endloop
  endfacet
  facet normal 0 0 1
    outer loop
      vertex 105.91 74.2445 2.5
      vertex 106.348 74.5654 2.5
      vertex 106.163 74.9111 2.5
    endloop
  endfacet
  facet normal 0 0 1
    outer loop
      vertex 105.475 74.7749 2.5
      vertex 106.163 74.9111 2.5
      vertex 105.914 75.2142 2.5
    endloop
  endfacet
  facet normal 0 0 1
    outer loop
      vertex 106.462 74.1902 2.5
      vertex 105.91 74.2445 2.5
      vertex 106.234 73.6394 2.5
    endloop
  endfacet
  facet normal 0 0 1
    outer loop
      vertex 105.475 74.7749 2.5
      vertex 105.914 75.2142 2.5
      vertex 105.611 75.4629 2.5
    endloop
  endfacet
  facet normal 0 0 1
    outer loop
      vertex 106.163 74.9111 2.5
      vertex 105.475 74.7749 2.5
      vertex 105.91 74.2445 2.5
    endloop
  endfacet
  facet normal 0 0 1
    outer loop
      vertex 104.944 75.2101 2.5
      vertex 105.611 75.4629 2.5
      vertex 105.265 75.6478 2.5
    endloop
  endfacet
  facet normal 0 0 1
    outer loop
      vertex 105.611 75.4629 2.5
      vertex 104.944 75.2101 2.5
      vertex 105.475 74.7749 2.5
    endloop
  endfacet
  facet normal 0 0 1
    outer loop
      vertex 104.89 75.7616 2.5
      vertex 104.944 75.2101 2.5
      vertex 105.265 75.6478 2.5
    endloop
  endfacet
  facet normal 0 0 1
    outer loop
      vertex 104.339 75.5336 2.5
      vertex 104.89 75.7616 2.5
      vertex 104.5 75.8 2.5
    endloop
  endfacet
  facet normal 0 0 1
    outer loop
      vertex 104.89 75.7616 2.5
      vertex 104.339 75.5336 2.5
      vertex 104.944 75.2101 2.5
    endloop
  endfacet
  facet normal 0 0 1
    outer loop
      vertex 104.5 75.8 2.5
      vertex 103.683 75.7327 2.5
      vertex 104.339 75.5336 2.5
    endloop
  endfacet
  facet normal 0 -0 1
    outer loop
      vertex 103.683 75.7327 2.5
      vertex 104.5 75.8 2.5
      vertex 103 75.8 2.5
    endloop
  endfacet
  facet normal 0 0 1
    outer loop
      vertex 102.481 63.9951 2.5
      vertex 102.481 63.6049 2.5
      vertex 102.5 63.8 2.5
    endloop
  endfacet
  facet normal 0 0 1
    outer loop
      vertex 102.424 64.1827 2.5
      vertex 102.481 63.6049 2.5
      vertex 102.481 63.9951 2.5
    endloop
  endfacet
  facet normal 0 0 1
    outer loop
      vertex 102.424 64.1827 2.5
      vertex 102.424 63.4173 2.5
      vertex 102.481 63.6049 2.5
    endloop
  endfacet
  facet normal 0 0 1
    outer loop
      vertex 102.331 64.3556 2.5
      vertex 102.424 63.4173 2.5
      vertex 102.424 64.1827 2.5
    endloop
  endfacet
  facet normal 0 0 1
    outer loop
      vertex 102.331 64.3556 2.5
      vertex 102.331 63.2444 2.5
      vertex 102.424 63.4173 2.5
    endloop
  endfacet
  facet normal 0 0 1
    outer loop
      vertex 102.207 64.5071 2.5
      vertex 102.331 63.2444 2.5
      vertex 102.331 64.3556 2.5
    endloop
  endfacet
  facet normal 0 0 1
    outer loop
      vertex 102.207 64.5071 2.5
      vertex 102.207 63.0929 2.5
      vertex 102.331 63.2444 2.5
    endloop
  endfacet
  facet normal 0 0 1
    outer loop
      vertex 102.056 64.6315 2.5
      vertex 102.207 63.0929 2.5
      vertex 102.207 64.5071 2.5
    endloop
  endfacet
  facet normal 0 0 1
    outer loop
      vertex 102.056 64.6315 2.5
      vertex 102.056 62.9685 2.5
      vertex 102.207 63.0929 2.5
    endloop
  endfacet
  facet normal 0 0 1
    outer loop
      vertex 101.883 64.7239 2.5
      vertex 102.056 62.9685 2.5
      vertex 102.056 64.6315 2.5
    endloop
  endfacet
  facet normal 0 0 1
    outer loop
      vertex 101.883 64.7239 2.5
      vertex 101.883 62.8761 2.5
      vertex 102.056 62.9685 2.5
    endloop
  endfacet
  facet normal 0 0 1
    outer loop
      vertex 101.695 64.7808 2.5
      vertex 101.883 62.8761 2.5
      vertex 101.883 64.7239 2.5
    endloop
  endfacet
  facet normal 0 0 1
    outer loop
      vertex 101.695 64.7808 2.5
      vertex 101.695 62.8192 2.5
      vertex 101.883 62.8761 2.5
    endloop
  endfacet
  facet normal 0 0 1
    outer loop
      vertex 101.5 64.8 2.5
      vertex 101.695 62.8192 2.5
      vertex 101.695 64.7808 2.5
    endloop
  endfacet
  facet normal 0 0 1
    outer loop
      vertex 101.5 64.8 2.5
      vertex 101.5 62.8 2.5
      vertex 101.695 62.8192 2.5
    endloop
  endfacet
  facet normal -0 0 1
    outer loop
      vertex 101.305 64.7808 2.5
      vertex 101.5 62.8 2.5
      vertex 101.5 64.8 2.5
    endloop
  endfacet
  facet normal 0 0 1
    outer loop
      vertex 101.305 64.7808 2.5
      vertex 101.305 62.8192 2.5
      vertex 101.5 62.8 2.5
    endloop
  endfacet
  facet normal -0 0 1
    outer loop
      vertex 101.117 64.7239 2.5
      vertex 101.305 62.8192 2.5
      vertex 101.305 64.7808 2.5
    endloop
  endfacet
  facet normal 0 0 1
    outer loop
      vertex 101.117 64.7239 2.5
      vertex 101.117 62.8761 2.5
      vertex 101.305 62.8192 2.5
    endloop
  endfacet
  facet normal -0 0 1
    outer loop
      vertex 100.944 64.6315 2.5
      vertex 101.117 62.8761 2.5
      vertex 101.117 64.7239 2.5
    endloop
  endfacet
  facet normal 0 0 1
    outer loop
      vertex 100.944 64.6315 2.5
      vertex 100.944 62.9685 2.5
      vertex 101.117 62.8761 2.5
    endloop
  endfacet
  facet normal -0 0 1
    outer loop
      vertex 100.793 64.5071 2.5
      vertex 100.944 62.9685 2.5
      vertex 100.944 64.6315 2.5
    endloop
  endfacet
  facet normal 0 0 1
    outer loop
      vertex 100.793 64.5071 2.5
      vertex 100.793 63.0929 2.5
      vertex 100.944 62.9685 2.5
    endloop
  endfacet
  facet normal -0 0 1
    outer loop
      vertex 100.669 64.3556 2.5
      vertex 100.793 63.0929 2.5
      vertex 100.793 64.5071 2.5
    endloop
  endfacet
  facet normal 0 0 1
    outer loop
      vertex 100.669 64.3556 2.5
      vertex 100.669 63.2444 2.5
      vertex 100.793 63.0929 2.5
    endloop
  endfacet
  facet normal -0 0 1
    outer loop
      vertex 100.576 64.1827 2.5
      vertex 100.669 63.2444 2.5
      vertex 100.669 64.3556 2.5
    endloop
  endfacet
  facet normal 0 0 1
    outer loop
      vertex 100.576 64.1827 2.5
      vertex 100.576 63.4173 2.5
      vertex 100.669 63.2444 2.5
    endloop
  endfacet
  facet normal -0 0 1
    outer loop
      vertex 100.519 63.9951 2.5
      vertex 100.576 63.4173 2.5
      vertex 100.576 64.1827 2.5
    endloop
  endfacet
  facet normal 0 0 1
    outer loop
      vertex 100.519 63.9951 2.5
      vertex 100.519 63.6049 2.5
      vertex 100.576 63.4173 2.5
    endloop
  endfacet
  facet normal 0 -0 1
    outer loop
      vertex 100.519 63.6049 2.5
      vertex 100.519 63.9951 2.5
      vertex 100.5 63.8 2.5
    endloop
  endfacet
  facet normal 0 0 1
    outer loop
      vertex 8.38078 38.4951 2.5
      vertex 8.38078 38.1049 2.5
      vertex 8.4 38.3 2.5
    endloop
  endfacet
  facet normal 0 0 1
    outer loop
      vertex 8.32388 38.6827 2.5
      vertex 8.38078 38.1049 2.5
      vertex 8.38078 38.4951 2.5
    endloop
  endfacet
  facet normal 0 0 1
    outer loop
      vertex 8.32388 38.6827 2.5
      vertex 8.32388 37.9173 2.5
      vertex 8.38078 38.1049 2.5
    endloop
  endfacet
  facet normal 0 0 1
    outer loop
      vertex 8.23147 38.8556 2.5
      vertex 8.32388 37.9173 2.5
      vertex 8.32388 38.6827 2.5
    endloop
  endfacet
  facet normal 0 0 1
    outer loop
      vertex 8.23147 38.8556 2.5
      vertex 8.23147 37.7444 2.5
      vertex 8.32388 37.9173 2.5
    endloop
  endfacet
  facet normal 0 0 1
    outer loop
      vertex 8.10711 39.0071 2.5
      vertex 8.23147 37.7444 2.5
      vertex 8.23147 38.8556 2.5
    endloop
  endfacet
  facet normal 0 0 1
    outer loop
      vertex 8.10711 39.0071 2.5
      vertex 8.10711 37.5929 2.5
      vertex 8.23147 37.7444 2.5
    endloop
  endfacet
  facet normal 0 0 1
    outer loop
      vertex 7.95557 39.1315 2.5
      vertex 8.10711 37.5929 2.5
      vertex 8.10711 39.0071 2.5
    endloop
  endfacet
  facet normal 0 0 1
    outer loop
      vertex 7.95557 39.1315 2.5
      vertex 7.95557 37.4685 2.5
      vertex 8.10711 37.5929 2.5
    endloop
  endfacet
  facet normal 0 0 1
    outer loop
      vertex 7.78268 39.2239 2.5
      vertex 7.95557 37.4685 2.5
      vertex 7.95557 39.1315 2.5
    endloop
  endfacet
  facet normal 0 0 1
    outer loop
      vertex 7.78268 39.2239 2.5
      vertex 7.78268 37.3761 2.5
      vertex 7.95557 37.4685 2.5
    endloop
  endfacet
  facet normal 0 0 1
    outer loop
      vertex 7.59509 39.2808 2.5
      vertex 7.78268 37.3761 2.5
      vertex 7.78268 39.2239 2.5
    endloop
  endfacet
  facet normal 0 0 1
    outer loop
      vertex 7.59509 39.2808 2.5
      vertex 7.59509 37.3192 2.5
      vertex 7.78268 37.3761 2.5
    endloop
  endfacet
  facet normal 0 0 1
    outer loop
      vertex 7.4 39.3 2.5
      vertex 7.59509 37.3192 2.5
      vertex 7.59509 39.2808 2.5
    endloop
  endfacet
  facet normal 0 0 1
    outer loop
      vertex 7.4 39.3 2.5
      vertex 7.4 37.3 2.5
      vertex 7.59509 37.3192 2.5
    endloop
  endfacet
  facet normal -0 0 1
    outer loop
      vertex 7.20491 39.2808 2.5
      vertex 7.4 37.3 2.5
      vertex 7.4 39.3 2.5
    endloop
  endfacet
  facet normal 0 0 1
    outer loop
      vertex 7.20491 39.2808 2.5
      vertex 7.20491 37.3192 2.5
      vertex 7.4 37.3 2.5
    endloop
  endfacet
  facet normal -0 0 1
    outer loop
      vertex 7.01732 39.2239 2.5
      vertex 7.20491 37.3192 2.5
      vertex 7.20491 39.2808 2.5
    endloop
  endfacet
  facet normal 0 0 1
    outer loop
      vertex 7.01732 39.2239 2.5
      vertex 7.01732 37.3761 2.5
      vertex 7.20491 37.3192 2.5
    endloop
  endfacet
  facet normal -0 0 1
    outer loop
      vertex 6.84443 39.1315 2.5
      vertex 7.01732 37.3761 2.5
      vertex 7.01732 39.2239 2.5
    endloop
  endfacet
  facet normal 0 0 1
    outer loop
      vertex 6.84443 39.1315 2.5
      vertex 6.84443 37.4685 2.5
      vertex 7.01732 37.3761 2.5
    endloop
  endfacet
  facet normal -0 0 1
    outer loop
      vertex 6.69289 39.0071 2.5
      vertex 6.84443 37.4685 2.5
      vertex 6.84443 39.1315 2.5
    endloop
  endfacet
  facet normal 0 0 1
    outer loop
      vertex 6.69289 39.0071 2.5
      vertex 6.69289 37.5929 2.5
      vertex 6.84443 37.4685 2.5
    endloop
  endfacet
  facet normal -0 0 1
    outer loop
      vertex 6.56853 38.8556 2.5
      vertex 6.69289 37.5929 2.5
      vertex 6.69289 39.0071 2.5
    endloop
  endfacet
  facet normal 0 0 1
    outer loop
      vertex 6.56853 38.8556 2.5
      vertex 6.56853 37.7444 2.5
      vertex 6.69289 37.5929 2.5
    endloop
  endfacet
  facet normal -0 0 1
    outer loop
      vertex 6.47612 38.6827 2.5
      vertex 6.56853 37.7444 2.5
      vertex 6.56853 38.8556 2.5
    endloop
  endfacet
  facet normal 0 0 1
    outer loop
      vertex 6.47612 38.6827 2.5
      vertex 6.47612 37.9173 2.5
      vertex 6.56853 37.7444 2.5
    endloop
  endfacet
  facet normal -0 0 1
    outer loop
      vertex 6.41922 38.4951 2.5
      vertex 6.47612 37.9173 2.5
      vertex 6.47612 38.6827 2.5
    endloop
  endfacet
  facet normal 0 0 1
    outer loop
      vertex 6.41922 38.4951 2.5
      vertex 6.41922 38.1049 2.5
      vertex 6.47612 37.9173 2.5
    endloop
  endfacet
  facet normal 0 -0 1
    outer loop
      vertex 6.41922 38.1049 2.5
      vertex 6.41922 38.4951 2.5
      vertex 6.4 38.3 2.5
    endloop
  endfacet
  facet normal 0 0 1
    outer loop
      vertex 102.481 14.9951 2.5
      vertex 102.481 14.6049 2.5
      vertex 102.5 14.8 2.5
    endloop
  endfacet
  facet normal 0 0 1
    outer loop
      vertex 102.424 15.1827 2.5
      vertex 102.481 14.6049 2.5
      vertex 102.481 14.9951 2.5
    endloop
  endfacet
  facet normal 0 0 1
    outer loop
      vertex 102.424 15.1827 2.5
      vertex 102.424 14.4173 2.5
      vertex 102.481 14.6049 2.5
    endloop
  endfacet
  facet normal 0 0 1
    outer loop
      vertex 102.331 15.3556 2.5
      vertex 102.424 14.4173 2.5
      vertex 102.424 15.1827 2.5
    endloop
  endfacet
  facet normal 0 0 1
    outer loop
      vertex 102.331 15.3556 2.5
      vertex 102.331 14.2444 2.5
      vertex 102.424 14.4173 2.5
    endloop
  endfacet
  facet normal 0 0 1
    outer loop
      vertex 102.207 15.5071 2.5
      vertex 102.331 14.2444 2.5
      vertex 102.331 15.3556 2.5
    endloop
  endfacet
  facet normal 0 0 1
    outer loop
      vertex 102.207 15.5071 2.5
      vertex 102.207 14.0929 2.5
      vertex 102.331 14.2444 2.5
    endloop
  endfacet
  facet normal 0 0 1
    outer loop
      vertex 102.056 15.6315 2.5
      vertex 102.207 14.0929 2.5
      vertex 102.207 15.5071 2.5
    endloop
  endfacet
  facet normal 0 0 1
    outer loop
      vertex 102.056 15.6315 2.5
      vertex 102.056 13.9685 2.5
      vertex 102.207 14.0929 2.5
    endloop
  endfacet
  facet normal 0 0 1
    outer loop
      vertex 101.883 15.7239 2.5
      vertex 102.056 13.9685 2.5
      vertex 102.056 15.6315 2.5
    endloop
  endfacet
  facet normal 0 0 1
    outer loop
      vertex 101.883 15.7239 2.5
      vertex 101.883 13.8761 2.5
      vertex 102.056 13.9685 2.5
    endloop
  endfacet
  facet normal 0 0 1
    outer loop
      vertex 101.695 15.7808 2.5
      vertex 101.883 13.8761 2.5
      vertex 101.883 15.7239 2.5
    endloop
  endfacet
  facet normal 0 0 1
    outer loop
      vertex 101.695 15.7808 2.5
      vertex 101.695 13.8192 2.5
      vertex 101.883 13.8761 2.5
    endloop
  endfacet
  facet normal 0 0 1
    outer loop
      vertex 101.5 15.8 2.5
      vertex 101.695 13.8192 2.5
      vertex 101.695 15.7808 2.5
    endloop
  endfacet
  facet normal 0 0 1
    outer loop
      vertex 101.5 15.8 2.5
      vertex 101.5 13.8 2.5
      vertex 101.695 13.8192 2.5
    endloop
  endfacet
  facet normal -0 0 1
    outer loop
      vertex 101.305 15.7808 2.5
      vertex 101.5 13.8 2.5
      vertex 101.5 15.8 2.5
    endloop
  endfacet
  facet normal 0 0 1
    outer loop
      vertex 101.305 15.7808 2.5
      vertex 101.305 13.8192 2.5
      vertex 101.5 13.8 2.5
    endloop
  endfacet
  facet normal -0 0 1
    outer loop
      vertex 101.117 15.7239 2.5
      vertex 101.305 13.8192 2.5
      vertex 101.305 15.7808 2.5
    endloop
  endfacet
  facet normal 0 0 1
    outer loop
      vertex 101.117 15.7239 2.5
      vertex 101.117 13.8761 2.5
      vertex 101.305 13.8192 2.5
    endloop
  endfacet
  facet normal -0 0 1
    outer loop
      vertex 100.944 15.6315 2.5
      vertex 101.117 13.8761 2.5
      vertex 101.117 15.7239 2.5
    endloop
  endfacet
  facet normal 0 0 1
    outer loop
      vertex 100.944 15.6315 2.5
      vertex 100.944 13.9685 2.5
      vertex 101.117 13.8761 2.5
    endloop
  endfacet
  facet normal -0 0 1
    outer loop
      vertex 100.793 15.5071 2.5
      vertex 100.944 13.9685 2.5
      vertex 100.944 15.6315 2.5
    endloop
  endfacet
  facet normal 0 0 1
    outer loop
      vertex 100.793 15.5071 2.5
      vertex 100.793 14.0929 2.5
      vertex 100.944 13.9685 2.5
    endloop
  endfacet
  facet normal -0 0 1
    outer loop
      vertex 100.669 15.3556 2.5
      vertex 100.793 14.0929 2.5
      vertex 100.793 15.5071 2.5
    endloop
  endfacet
  facet normal 0 0 1
    outer loop
      vertex 100.669 15.3556 2.5
      vertex 100.669 14.2444 2.5
      vertex 100.793 14.0929 2.5
    endloop
  endfacet
  facet normal -0 0 1
    outer loop
      vertex 100.576 15.1827 2.5
      vertex 100.669 14.2444 2.5
      vertex 100.669 15.3556 2.5
    endloop
  endfacet
  facet normal 0 0 1
    outer loop
      vertex 100.576 15.1827 2.5
      vertex 100.576 14.4173 2.5
      vertex 100.669 14.2444 2.5
    endloop
  endfacet
  facet normal -0 0 1
    outer loop
      vertex 100.519 14.9951 2.5
      vertex 100.576 14.4173 2.5
      vertex 100.576 15.1827 2.5
    endloop
  endfacet
  facet normal 0 0 1
    outer loop
      vertex 100.519 14.9951 2.5
      vertex 100.519 14.6049 2.5
      vertex 100.576 14.4173 2.5
    endloop
  endfacet
  facet normal 0 -0 1
    outer loop
      vertex 100.519 14.6049 2.5
      vertex 100.519 14.9951 2.5
      vertex 100.5 14.8 2.5
    endloop
  endfacet
  facet normal -0.881688 -0.471832 0
    outer loop
      vertex 106.348 74.5654 2.5
      vertex 106.163 74.9111 23.6
      vertex 106.163 74.9111 2.5
    endloop
  endfacet
  facet normal -0.881688 -0.471832 0
    outer loop
      vertex 106.163 74.9111 23.6
      vertex 106.348 74.5654 2.5
      vertex 106.348 74.5654 23.6
    endloop
  endfacet
  facet normal -0.471316 -0.881965 0
    outer loop
      vertex 105.265 75.6478 2.5
      vertex 105.611 75.4629 23.6
      vertex 105.265 75.6478 23.6
    endloop
  endfacet
  facet normal -0.471316 -0.881965 -0
    outer loop
      vertex 105.611 75.4629 23.6
      vertex 105.265 75.6478 2.5
      vertex 105.611 75.4629 2.5
    endloop
  endfacet
  facet normal -0.634446 -0.772968 0
    outer loop
      vertex 105.611 75.4629 2.5
      vertex 105.914 75.2142 23.6
      vertex 105.611 75.4629 23.6
    endloop
  endfacet
  facet normal -0.634446 -0.772968 -0
    outer loop
      vertex 105.914 75.2142 23.6
      vertex 105.611 75.4629 2.5
      vertex 105.914 75.2142 2.5
    endloop
  endfacet
  facet normal 0.634358 -0.773039 0
    outer loop
      vertex 3.08579 75.2142 2.5
      vertex 3.38886 75.4629 23.6
      vertex 3.08579 75.2142 23.6
    endloop
  endfacet
  facet normal 0.634358 -0.773039 0
    outer loop
      vertex 3.38886 75.4629 23.6
      vertex 3.08579 75.2142 2.5
      vertex 3.38886 75.4629 2.5
    endloop
  endfacet
  facet normal 0.881919 0.471401 0
    outer loop
      vertex 2.83706 3.38886 23.6
      vertex 2.65224 3.73463 2.5
      vertex 2.65224 3.73463 23.6
    endloop
  endfacet
  facet normal 0.881919 0.471401 0
    outer loop
      vertex 2.65224 3.73463 2.5
      vertex 2.83706 3.38886 23.6
      vertex 2.83706 3.38886 2.5
    endloop
  endfacet
  facet normal 0.956942 0.290279 0
    outer loop
      vertex 2.65224 3.73463 23.6
      vertex 2.53843 4.10982 2.5
      vertex 2.53843 4.10982 23.6
    endloop
  endfacet
  facet normal 0.956942 0.290279 0
    outer loop
      vertex 2.53843 4.10982 2.5
      vertex 2.65224 3.73463 23.6
      vertex 2.65224 3.73463 2.5
    endloop
  endfacet
  facet normal 0.773033 -0.634366 0
    outer loop
      vertex 2.83706 74.9111 23.6
      vertex 3.08579 75.2142 2.5
      vertex 3.08579 75.2142 23.6
    endloop
  endfacet
  facet normal 0.773033 -0.634366 0
    outer loop
      vertex 3.08579 75.2142 2.5
      vertex 2.83706 74.9111 23.6
      vertex 2.83706 74.9111 2.5
    endloop
  endfacet
  facet normal -0.995291 -0.0969274 0
    outer loop
      vertex 106.5 73.8 2.5
      vertex 106.462 74.1902 23.6
      vertex 106.462 74.1902 2.5
    endloop
  endfacet
  facet normal -0.995291 -0.0969274 0
    outer loop
      vertex 106.462 74.1902 23.6
      vertex 106.5 73.8 2.5
      vertex 106.5 73.8 23.6
    endloop
  endfacet
  facet normal -0.95681 -0.290715 0
    outer loop
      vertex 106.462 74.1902 2.5
      vertex 106.348 74.5654 23.6
      vertex 106.348 74.5654 2.5
    endloop
  endfacet
  facet normal -0.95681 -0.290715 0
    outer loop
      vertex 106.348 74.5654 23.6
      vertex 106.462 74.1902 2.5
      vertex 106.462 74.1902 23.6
    endloop
  endfacet
  facet normal -0.772664 0.634815 0
    outer loop
      vertex 105.914 3.08579 2.5
      vertex 106.163 3.38886 23.6
      vertex 106.163 3.38886 2.5
    endloop
  endfacet
  facet normal -0.772664 0.634815 0
    outer loop
      vertex 106.163 3.38886 23.6
      vertex 105.914 3.08579 2.5
      vertex 105.914 3.08579 23.6
    endloop
  endfacet
  facet normal 0 0 -1
    outer loop
      vertex 106.5 41.8 12.8
      vertex 109 54.8 12.8
      vertex 109 41.8 12.8
    endloop
  endfacet
  facet normal -0 0 -1
    outer loop
      vertex 109 54.8 12.8
      vertex 106.5 41.8 12.8
      vertex 106.5 54.8 12.8
    endloop
  endfacet
  facet normal -0 0 1
    outer loop
      vertex 106.5 54.8 4.8
      vertex 109 41.8 4.8
      vertex 109 54.8 4.8
    endloop
  endfacet
  facet normal 0 0 1
    outer loop
      vertex 109 41.8 4.8
      vertex 106.5 54.8 4.8
      vertex 106.5 41.8 4.8
    endloop
  endfacet
  facet normal 0 -1 0
    outer loop
      vertex 106.5 54.8 4.8
      vertex 109 54.8 12.8
      vertex 106.5 54.8 12.8
    endloop
  endfacet
  facet normal 0 -1 -0
    outer loop
      vertex 109 54.8 12.8
      vertex 106.5 54.8 4.8
      vertex 109 54.8 4.8
    endloop
  endfacet
  facet normal 0 1 -0
    outer loop
      vertex 109 41.8 4.8
      vertex 106.5 41.8 12.8
      vertex 109 41.8 12.8
    endloop
  endfacet
  facet normal 0 1 0
    outer loop
      vertex 106.5 41.8 12.8
      vertex 109 41.8 4.8
      vertex 106.5 41.8 4.8
    endloop
  endfacet
  facet normal -0.471358 0.881942 0
    outer loop
      vertex 6.25195 41.0716 2.5
      vertex 5.73329 40.7944 5.5
      vertex 6.25195 41.0716 5.5
    endloop
  endfacet
  facet normal -0.471358 0.881942 0
    outer loop
      vertex 5.73329 40.7944 5.5
      vertex 6.25195 41.0716 2.5
      vertex 5.73329 40.7944 2.5
    endloop
  endfacet
  facet normal 0.471358 0.881942 -0
    outer loop
      vertex 9.06671 40.7944 2.5
      vertex 8.54805 41.0716 5.5
      vertex 9.06671 40.7944 5.5
    endloop
  endfacet
  facet normal 0.471358 0.881942 0
    outer loop
      vertex 8.54805 41.0716 5.5
      vertex 9.06671 40.7944 2.5
      vertex 8.54805 41.0716 2.5
    endloop
  endfacet
  facet normal 0.95689 0.290451 0
    outer loop
      vertex 10.3424 38.8853 5.5
      vertex 10.1716 39.448 2.5
      vertex 10.1716 39.448 5.5
    endloop
  endfacet
  facet normal 0.95689 0.290451 0
    outer loop
      vertex 10.1716 39.448 2.5
      vertex 10.3424 38.8853 5.5
      vertex 10.3424 38.8853 2.5
    endloop
  endfacet
  facet normal 0.995193 0.097938 0
    outer loop
      vertex 10.4 38.3 5.5
      vertex 10.3424 38.8853 2.5
      vertex 10.3424 38.8853 5.5
    endloop
  endfacet
  facet normal 0.995193 0.097938 0
    outer loop
      vertex 10.3424 38.8853 2.5
      vertex 10.4 38.3 5.5
      vertex 10.4 38.3 2.5
    endloop
  endfacet
  facet normal 0.881964 0.471316 0
    outer loop
      vertex 10.1716 39.448 5.5
      vertex 9.89441 39.9667 2.5
      vertex 9.89441 39.9667 5.5
    endloop
  endfacet
  facet normal 0.881964 0.471316 0
    outer loop
      vertex 9.89441 39.9667 2.5
      vertex 10.1716 39.448 5.5
      vertex 10.1716 39.448 2.5
    endloop
  endfacet
  facet normal 0.0979429 0.995192 -0
    outer loop
      vertex 7.98527 41.2424 2.5
      vertex 7.4 41.3 5.5
      vertex 7.98527 41.2424 5.5
    endloop
  endfacet
  facet normal 0.0979429 0.995192 0
    outer loop
      vertex 7.4 41.3 5.5
      vertex 7.98527 41.2424 2.5
      vertex 7.4 41.3 2.5
    endloop
  endfacet
  facet normal 0.0979429 -0.995192 0
    outer loop
      vertex 7.4 35.3 2.5
      vertex 7.98527 35.3576 5.5
      vertex 7.4 35.3 5.5
    endloop
  endfacet
  facet normal 0.0979429 -0.995192 0
    outer loop
      vertex 7.98527 35.3576 5.5
      vertex 7.4 35.3 2.5
      vertex 7.98527 35.3576 2.5
    endloop
  endfacet
  facet normal 0.290413 0.956901 -0
    outer loop
      vertex 8.54805 41.0716 2.5
      vertex 7.98527 41.2424 5.5
      vertex 8.54805 41.0716 5.5
    endloop
  endfacet
  facet normal 0.290413 0.956901 0
    outer loop
      vertex 7.98527 41.2424 5.5
      vertex 8.54805 41.0716 2.5
      vertex 7.98527 41.2424 2.5
    endloop
  endfacet
  facet normal 0.634405 0.773001 -0
    outer loop
      vertex 9.52132 40.4213 2.5
      vertex 9.06671 40.7944 5.5
      vertex 9.52132 40.4213 5.5
    endloop
  endfacet
  facet normal 0.634405 0.773001 0
    outer loop
      vertex 9.06671 40.7944 5.5
      vertex 9.52132 40.4213 2.5
      vertex 9.06671 40.7944 2.5
    endloop
  endfacet
  facet normal 0.773003 -0.634403 0
    outer loop
      vertex 9.52132 36.1787 5.5
      vertex 9.89441 36.6333 2.5
      vertex 9.89441 36.6333 5.5
    endloop
  endfacet
  facet normal 0.773003 -0.634403 0
    outer loop
      vertex 9.89441 36.6333 2.5
      vertex 9.52132 36.1787 5.5
      vertex 9.52132 36.1787 2.5
    endloop
  endfacet
  facet normal -0.634405 0.773001 0
    outer loop
      vertex 5.73329 40.7944 2.5
      vertex 5.27868 40.4213 5.5
      vertex 5.73329 40.7944 5.5
    endloop
  endfacet
  facet normal -0.634405 0.773001 0
    outer loop
      vertex 5.27868 40.4213 5.5
      vertex 5.73329 40.7944 2.5
      vertex 5.27868 40.4213 2.5
    endloop
  endfacet
  facet normal 0.471358 -0.881942 0
    outer loop
      vertex 8.54805 35.5284 2.5
      vertex 9.06671 35.8056 5.5
      vertex 8.54805 35.5284 5.5
    endloop
  endfacet
  facet normal 0.471358 -0.881942 0
    outer loop
      vertex 9.06671 35.8056 5.5
      vertex 8.54805 35.5284 2.5
      vertex 9.06671 35.8056 2.5
    endloop
  endfacet
  facet normal -0.881936 -0.471369 0
    outer loop
      vertex 4.90559 36.6333 2.5
      vertex 4.62836 37.152 5.5
      vertex 4.62836 37.152 2.5
    endloop
  endfacet
  facet normal -0.881936 -0.471369 0
    outer loop
      vertex 4.62836 37.152 5.5
      vertex 4.90559 36.6333 2.5
      vertex 4.90559 36.6333 5.5
    endloop
  endfacet
  facet normal 0.995193 -0.097938 0
    outer loop
      vertex 10.3424 37.7147 5.5
      vertex 10.4 38.3 2.5
      vertex 10.4 38.3 5.5
    endloop
  endfacet
  facet normal 0.995193 -0.097938 0
    outer loop
      vertex 10.4 38.3 2.5
      vertex 10.3424 37.7147 5.5
      vertex 10.3424 37.7147 2.5
    endloop
  endfacet
  facet normal -0.471358 -0.881942 0
    outer loop
      vertex 5.73329 35.8056 2.5
      vertex 6.25195 35.5284 5.5
      vertex 5.73329 35.8056 5.5
    endloop
  endfacet
  facet normal -0.471358 -0.881942 -0
    outer loop
      vertex 6.25195 35.5284 5.5
      vertex 5.73329 35.8056 2.5
      vertex 6.25195 35.5284 2.5
    endloop
  endfacet
  facet normal -0.290413 0.956901 0
    outer loop
      vertex 6.81473 41.2424 2.5
      vertex 6.25195 41.0716 5.5
      vertex 6.81473 41.2424 5.5
    endloop
  endfacet
  facet normal -0.290413 0.956901 0
    outer loop
      vertex 6.25195 41.0716 5.5
      vertex 6.81473 41.2424 2.5
      vertex 6.25195 41.0716 2.5
    endloop
  endfacet
  facet normal -0.0979429 -0.995192 0
    outer loop
      vertex 6.81473 35.3576 2.5
      vertex 7.4 35.3 5.5
      vertex 6.81473 35.3576 5.5
    endloop
  endfacet
  facet normal -0.0979429 -0.995192 -0
    outer loop
      vertex 7.4 35.3 5.5
      vertex 6.81473 35.3576 2.5
      vertex 7.4 35.3 2.5
    endloop
  endfacet
  facet normal -0.881936 0.471369 0
    outer loop
      vertex 4.62836 39.448 2.5
      vertex 4.90559 39.9667 5.5
      vertex 4.90559 39.9667 2.5
    endloop
  endfacet
  facet normal -0.881936 0.471369 0
    outer loop
      vertex 4.90559 39.9667 5.5
      vertex 4.62836 39.448 2.5
      vertex 4.62836 39.448 5.5
    endloop
  endfacet
  facet normal 0.290413 -0.956901 0
    outer loop
      vertex 7.98527 35.3576 2.5
      vertex 8.54805 35.5284 5.5
      vertex 7.98527 35.3576 5.5
    endloop
  endfacet
  facet normal 0.290413 -0.956901 0
    outer loop
      vertex 8.54805 35.5284 5.5
      vertex 7.98527 35.3576 2.5
      vertex 8.54805 35.5284 2.5
    endloop
  endfacet
  facet normal 0 0 1
    outer loop
      vertex 8.4 38.3 5.5
      vertex 10.4 38.3 5.5
      vertex 10.3424 38.8853 5.5
    endloop
  endfacet
  facet normal 0 0 1
    outer loop
      vertex 8.38078 38.4951 5.5
      vertex 10.3424 38.8853 5.5
      vertex 10.1716 39.448 5.5
    endloop
  endfacet
  facet normal 0 0 1
    outer loop
      vertex 10.4 38.3 5.5
      vertex 8.4 38.3 5.5
      vertex 10.3424 37.7147 5.5
    endloop
  endfacet
  facet normal 0 0 1
    outer loop
      vertex 8.32388 38.6827 5.5
      vertex 10.1716 39.448 5.5
      vertex 9.89441 39.9667 5.5
    endloop
  endfacet
  facet normal -0 0 1
    outer loop
      vertex 8.38078 38.1049 5.5
      vertex 10.3424 37.7147 5.5
      vertex 8.4 38.3 5.5
    endloop
  endfacet
  facet normal 0 0 1
    outer loop
      vertex 8.23147 38.8556 5.5
      vertex 9.89441 39.9667 5.5
      vertex 9.52132 40.4213 5.5
    endloop
  endfacet
  facet normal 0 0 1
    outer loop
      vertex 10.3424 37.7147 5.5
      vertex 8.38078 38.1049 5.5
      vertex 10.1716 37.152 5.5
    endloop
  endfacet
  facet normal 0 0 1
    outer loop
      vertex 8.10711 39.0071 5.5
      vertex 9.52132 40.4213 5.5
      vertex 9.06671 40.7944 5.5
    endloop
  endfacet
  facet normal -0 0 1
    outer loop
      vertex 8.32388 37.9173 5.5
      vertex 10.1716 37.152 5.5
      vertex 8.38078 38.1049 5.5
    endloop
  endfacet
  facet normal 0 0 1
    outer loop
      vertex 7.95557 39.1315 5.5
      vertex 9.06671 40.7944 5.5
      vertex 8.54805 41.0716 5.5
    endloop
  endfacet
  facet normal 0 0 1
    outer loop
      vertex 10.1716 37.152 5.5
      vertex 8.32388 37.9173 5.5
      vertex 9.89441 36.6333 5.5
    endloop
  endfacet
  facet normal -0 0 1
    outer loop
      vertex 8.23147 37.7444 5.5
      vertex 9.89441 36.6333 5.5
      vertex 8.32388 37.9173 5.5
    endloop
  endfacet
  facet normal 0 0 1
    outer loop
      vertex 10.3424 38.8853 5.5
      vertex 8.38078 38.4951 5.5
      vertex 8.4 38.3 5.5
    endloop
  endfacet
  facet normal 0 0 1
    outer loop
      vertex 10.1716 39.448 5.5
      vertex 8.32388 38.6827 5.5
      vertex 8.38078 38.4951 5.5
    endloop
  endfacet
  facet normal 0 0 1
    outer loop
      vertex 9.89441 39.9667 5.5
      vertex 8.23147 38.8556 5.5
      vertex 8.32388 38.6827 5.5
    endloop
  endfacet
  facet normal 0 0 1
    outer loop
      vertex 9.52132 40.4213 5.5
      vertex 8.10711 39.0071 5.5
      vertex 8.23147 38.8556 5.5
    endloop
  endfacet
  facet normal 0 0 1
    outer loop
      vertex 7.78268 39.2239 5.5
      vertex 8.54805 41.0716 5.5
      vertex 7.98527 41.2424 5.5
    endloop
  endfacet
  facet normal 0 0 1
    outer loop
      vertex 9.06671 40.7944 5.5
      vertex 7.95557 39.1315 5.5
      vertex 8.10711 39.0071 5.5
    endloop
  endfacet
  facet normal 0 0 1
    outer loop
      vertex 8.54805 41.0716 5.5
      vertex 7.78268 39.2239 5.5
      vertex 7.95557 39.1315 5.5
    endloop
  endfacet
  facet normal 0 0 1
    outer loop
      vertex 7.98527 41.2424 5.5
      vertex 7.59509 39.2808 5.5
      vertex 7.78268 39.2239 5.5
    endloop
  endfacet
  facet normal 0 0 1
    outer loop
      vertex 7.4 41.3 5.5
      vertex 7.59509 39.2808 5.5
      vertex 7.98527 41.2424 5.5
    endloop
  endfacet
  facet normal 0 0 1
    outer loop
      vertex 7.4 41.3 5.5
      vertex 7.4 39.3 5.5
      vertex 7.59509 39.2808 5.5
    endloop
  endfacet
  facet normal 0 0 1
    outer loop
      vertex 7.4 41.3 5.5
      vertex 7.20491 39.2808 5.5
      vertex 7.4 39.3 5.5
    endloop
  endfacet
  facet normal -0 0 1
    outer loop
      vertex 6.81473 41.2424 5.5
      vertex 7.20491 39.2808 5.5
      vertex 7.4 41.3 5.5
    endloop
  endfacet
  facet normal 0 0 1
    outer loop
      vertex 7.20491 39.2808 5.5
      vertex 6.81473 41.2424 5.5
      vertex 7.01732 39.2239 5.5
    endloop
  endfacet
  facet normal -0 0 1
    outer loop
      vertex 6.25195 41.0716 5.5
      vertex 7.01732 39.2239 5.5
      vertex 6.81473 41.2424 5.5
    endloop
  endfacet
  facet normal 0 0 1
    outer loop
      vertex 7.01732 39.2239 5.5
      vertex 6.25195 41.0716 5.5
      vertex 6.84443 39.1315 5.5
    endloop
  endfacet
  facet normal -0 0 1
    outer loop
      vertex 5.73329 40.7944 5.5
      vertex 6.84443 39.1315 5.5
      vertex 6.25195 41.0716 5.5
    endloop
  endfacet
  facet normal 0 0 1
    outer loop
      vertex 6.84443 39.1315 5.5
      vertex 5.73329 40.7944 5.5
      vertex 6.69289 39.0071 5.5
    endloop
  endfacet
  facet normal -0 0 1
    outer loop
      vertex 5.27868 40.4213 5.5
      vertex 6.69289 39.0071 5.5
      vertex 5.73329 40.7944 5.5
    endloop
  endfacet
  facet normal -0 0 1
    outer loop
      vertex 4.90559 39.9667 5.5
      vertex 6.56853 38.8556 5.5
      vertex 5.27868 40.4213 5.5
    endloop
  endfacet
  facet normal 0 0 1
    outer loop
      vertex 6.69289 39.0071 5.5
      vertex 5.27868 40.4213 5.5
      vertex 6.56853 38.8556 5.5
    endloop
  endfacet
  facet normal 0 0 1
    outer loop
      vertex 9.89441 36.6333 5.5
      vertex 8.23147 37.7444 5.5
      vertex 9.52132 36.1787 5.5
    endloop
  endfacet
  facet normal -0 0 1
    outer loop
      vertex 8.10711 37.5929 5.5
      vertex 9.52132 36.1787 5.5
      vertex 8.23147 37.7444 5.5
    endloop
  endfacet
  facet normal 0 0 1
    outer loop
      vertex 9.52132 36.1787 5.5
      vertex 8.10711 37.5929 5.5
      vertex 9.06671 35.8056 5.5
    endloop
  endfacet
  facet normal -0 0 1
    outer loop
      vertex 7.95557 37.4685 5.5
      vertex 9.06671 35.8056 5.5
      vertex 8.10711 37.5929 5.5
    endloop
  endfacet
  facet normal 0 0 1
    outer loop
      vertex 9.06671 35.8056 5.5
      vertex 7.95557 37.4685 5.5
      vertex 8.54805 35.5284 5.5
    endloop
  endfacet
  facet normal -0 0 1
    outer loop
      vertex 7.78268 37.3761 5.5
      vertex 8.54805 35.5284 5.5
      vertex 7.95557 37.4685 5.5
    endloop
  endfacet
  facet normal 0 0 1
    outer loop
      vertex 8.54805 35.5284 5.5
      vertex 7.78268 37.3761 5.5
      vertex 7.98527 35.3576 5.5
    endloop
  endfacet
  facet normal -0 0 1
    outer loop
      vertex 7.59509 37.3192 5.5
      vertex 7.98527 35.3576 5.5
      vertex 7.78268 37.3761 5.5
    endloop
  endfacet
  facet normal -0 0 1
    outer loop
      vertex 7.4 37.3 5.5
      vertex 7.98527 35.3576 5.5
      vertex 7.59509 37.3192 5.5
    endloop
  endfacet
  facet normal 0 0 1
    outer loop
      vertex 7.4 37.3 5.5
      vertex 7.4 35.3 5.5
      vertex 7.98527 35.3576 5.5
    endloop
  endfacet
  facet normal 0 0 1
    outer loop
      vertex 7.20491 37.3192 5.5
      vertex 7.4 35.3 5.5
      vertex 7.4 37.3 5.5
    endloop
  endfacet
  facet normal 0 0 1
    outer loop
      vertex 6.81473 35.3576 5.5
      vertex 7.20491 37.3192 5.5
      vertex 7.01732 37.3761 5.5
    endloop
  endfacet
  facet normal 0 0 1
    outer loop
      vertex 6.25195 35.5284 5.5
      vertex 7.01732 37.3761 5.5
      vertex 6.84443 37.4685 5.5
    endloop
  endfacet
  facet normal 0 0 1
    outer loop
      vertex 7.20491 37.3192 5.5
      vertex 6.81473 35.3576 5.5
      vertex 7.4 35.3 5.5
    endloop
  endfacet
  facet normal 0 0 1
    outer loop
      vertex 5.73329 35.8056 5.5
      vertex 6.84443 37.4685 5.5
      vertex 6.69289 37.5929 5.5
    endloop
  endfacet
  facet normal 0 0 1
    outer loop
      vertex 5.27868 36.1787 5.5
      vertex 6.69289 37.5929 5.5
      vertex 6.56853 37.7444 5.5
    endloop
  endfacet
  facet normal 0 0 1
    outer loop
      vertex 4.90559 36.6333 5.5
      vertex 6.56853 37.7444 5.5
      vertex 6.47612 37.9173 5.5
    endloop
  endfacet
  facet normal 0 0 1
    outer loop
      vertex 4.62836 37.152 5.5
      vertex 6.47612 37.9173 5.5
      vertex 6.41922 38.1049 5.5
    endloop
  endfacet
  facet normal 0 0 1
    outer loop
      vertex 7.01732 37.3761 5.5
      vertex 6.25195 35.5284 5.5
      vertex 6.81473 35.3576 5.5
    endloop
  endfacet
  facet normal 0 0 1
    outer loop
      vertex 4.45764 37.7147 5.5
      vertex 6.41922 38.1049 5.5
      vertex 6.4 38.3 5.5
    endloop
  endfacet
  facet normal 0 0 1
    outer loop
      vertex 6.56853 38.8556 5.5
      vertex 4.90559 39.9667 5.5
      vertex 6.47612 38.6827 5.5
    endloop
  endfacet
  facet normal -0 0 1
    outer loop
      vertex 4.62836 39.448 5.5
      vertex 6.47612 38.6827 5.5
      vertex 4.90559 39.9667 5.5
    endloop
  endfacet
  facet normal 0 0 1
    outer loop
      vertex 6.84443 37.4685 5.5
      vertex 5.73329 35.8056 5.5
      vertex 6.25195 35.5284 5.5
    endloop
  endfacet
  facet normal 0 0 1
    outer loop
      vertex 6.47612 38.6827 5.5
      vertex 4.62836 39.448 5.5
      vertex 6.41922 38.4951 5.5
    endloop
  endfacet
  facet normal 0 0 1
    outer loop
      vertex 6.69289 37.5929 5.5
      vertex 5.27868 36.1787 5.5
      vertex 5.73329 35.8056 5.5
    endloop
  endfacet
  facet normal -0 0 1
    outer loop
      vertex 4.45764 38.8853 5.5
      vertex 6.41922 38.4951 5.5
      vertex 4.62836 39.448 5.5
    endloop
  endfacet
  facet normal 0 0 1
    outer loop
      vertex 6.56853 37.7444 5.5
      vertex 4.90559 36.6333 5.5
      vertex 5.27868 36.1787 5.5
    endloop
  endfacet
  facet normal 0 0 1
    outer loop
      vertex 6.41922 38.4951 5.5
      vertex 4.45764 38.8853 5.5
      vertex 6.4 38.3 5.5
    endloop
  endfacet
  facet normal 0 0 1
    outer loop
      vertex 6.47612 37.9173 5.5
      vertex 4.62836 37.152 5.5
      vertex 4.90559 36.6333 5.5
    endloop
  endfacet
  facet normal 0 0 1
    outer loop
      vertex 4.4 38.3 5.5
      vertex 6.4 38.3 5.5
      vertex 4.45764 38.8853 5.5
    endloop
  endfacet
  facet normal 0 0 1
    outer loop
      vertex 6.41922 38.1049 5.5
      vertex 4.45764 37.7147 5.5
      vertex 4.62836 37.152 5.5
    endloop
  endfacet
  facet normal 0 0 1
    outer loop
      vertex 6.4 38.3 5.5
      vertex 4.4 38.3 5.5
      vertex 4.45764 37.7147 5.5
    endloop
  endfacet
  facet normal -0.290413 -0.956901 0
    outer loop
      vertex 6.25195 35.5284 2.5
      vertex 6.81473 35.3576 5.5
      vertex 6.25195 35.5284 5.5
    endloop
  endfacet
  facet normal -0.290413 -0.956901 -0
    outer loop
      vertex 6.81473 35.3576 5.5
      vertex 6.25195 35.5284 2.5
      vertex 6.81473 35.3576 2.5
    endloop
  endfacet
  facet normal 0.95689 -0.290451 0
    outer loop
      vertex 10.1716 37.152 5.5
      vertex 10.3424 37.7147 2.5
      vertex 10.3424 37.7147 5.5
    endloop
  endfacet
  facet normal 0.95689 -0.290451 0
    outer loop
      vertex 10.3424 37.7147 2.5
      vertex 10.1716 37.152 5.5
      vertex 10.1716 37.152 2.5
    endloop
  endfacet
  facet normal 0.773003 0.634403 0
    outer loop
      vertex 9.89441 39.9667 5.5
      vertex 9.52132 40.4213 2.5
      vertex 9.52132 40.4213 5.5
    endloop
  endfacet
  facet normal 0.773003 0.634403 0
    outer loop
      vertex 9.52132 40.4213 2.5
      vertex 9.89441 39.9667 5.5
      vertex 9.89441 39.9667 2.5
    endloop
  endfacet
  facet normal 0.634405 -0.773001 0
    outer loop
      vertex 9.06671 35.8056 2.5
      vertex 9.52132 36.1787 5.5
      vertex 9.06671 35.8056 5.5
    endloop
  endfacet
  facet normal 0.634405 -0.773001 0
    outer loop
      vertex 9.52132 36.1787 5.5
      vertex 9.06671 35.8056 2.5
      vertex 9.52132 36.1787 2.5
    endloop
  endfacet
  facet normal -0.634405 -0.773001 0
    outer loop
      vertex 5.27868 36.1787 2.5
      vertex 5.73329 35.8056 5.5
      vertex 5.27868 36.1787 5.5
    endloop
  endfacet
  facet normal -0.634405 -0.773001 -0
    outer loop
      vertex 5.73329 35.8056 5.5
      vertex 5.27868 36.1787 2.5
      vertex 5.73329 35.8056 2.5
    endloop
  endfacet
  facet normal -0.0979429 0.995192 0
    outer loop
      vertex 7.4 41.3 2.5
      vertex 6.81473 41.2424 5.5
      vertex 7.4 41.3 5.5
    endloop
  endfacet
  facet normal -0.0979429 0.995192 0
    outer loop
      vertex 6.81473 41.2424 5.5
      vertex 7.4 41.3 2.5
      vertex 6.81473 41.2424 2.5
    endloop
  endfacet
  facet normal 0.881964 -0.471316 0
    outer loop
      vertex 9.89441 36.6333 5.5
      vertex 10.1716 37.152 2.5
      vertex 10.1716 37.152 5.5
    endloop
  endfacet
  facet normal 0.881964 -0.471316 0
    outer loop
      vertex 10.1716 37.152 2.5
      vertex 9.89441 36.6333 5.5
      vertex 9.89441 36.6333 2.5
    endloop
  endfacet
  facet normal -0.956928 -0.290326 0
    outer loop
      vertex 4.62836 37.152 2.5
      vertex 4.45764 37.7147 5.5
      vertex 4.45764 37.7147 2.5
    endloop
  endfacet
  facet normal -0.956928 -0.290326 0
    outer loop
      vertex 4.45764 37.7147 5.5
      vertex 4.62836 37.152 2.5
      vertex 4.62836 37.152 5.5
    endloop
  endfacet
  facet normal -0.995186 -0.0980053 0
    outer loop
      vertex 4.45764 37.7147 2.5
      vertex 4.4 38.3 5.5
      vertex 4.4 38.3 2.5
    endloop
  endfacet
  facet normal -0.995186 -0.0980053 0
    outer loop
      vertex 4.4 38.3 5.5
      vertex 4.45764 37.7147 2.5
      vertex 4.45764 37.7147 5.5
    endloop
  endfacet
  facet normal -0.773003 -0.634403 0
    outer loop
      vertex 5.27868 36.1787 2.5
      vertex 4.90559 36.6333 5.5
      vertex 4.90559 36.6333 2.5
    endloop
  endfacet
  facet normal -0.773003 -0.634403 0
    outer loop
      vertex 4.90559 36.6333 5.5
      vertex 5.27868 36.1787 2.5
      vertex 5.27868 36.1787 5.5
    endloop
  endfacet
  facet normal -0.773003 0.634403 0
    outer loop
      vertex 4.90559 39.9667 2.5
      vertex 5.27868 40.4213 5.5
      vertex 5.27868 40.4213 2.5
    endloop
  endfacet
  facet normal -0.773003 0.634403 0
    outer loop
      vertex 5.27868 40.4213 5.5
      vertex 4.90559 39.9667 2.5
      vertex 4.90559 39.9667 5.5
    endloop
  endfacet
  facet normal -0.956928 0.290326 0
    outer loop
      vertex 4.45764 38.8853 2.5
      vertex 4.62836 39.448 5.5
      vertex 4.62836 39.448 2.5
    endloop
  endfacet
  facet normal -0.956928 0.290326 0
    outer loop
      vertex 4.62836 39.448 5.5
      vertex 4.45764 38.8853 2.5
      vertex 4.45764 38.8853 5.5
    endloop
  endfacet
  facet normal -0.995186 0.0980053 0
    outer loop
      vertex 4.4 38.3 2.5
      vertex 4.45764 38.8853 5.5
      vertex 4.45764 38.8853 2.5
    endloop
  endfacet
  facet normal -0.995186 0.0980053 0
    outer loop
      vertex 4.45764 38.8853 5.5
      vertex 4.4 38.3 2.5
      vertex 4.4 38.3 5.5
    endloop
  endfacet
  facet normal -0.956951 -0.290248 0
    outer loop
      vertex 8.38078 38.4951 2.5
      vertex 8.32388 38.6827 5.5
      vertex 8.32388 38.6827 2.5
    endloop
  endfacet
  facet normal -0.956951 -0.290248 0
    outer loop
      vertex 8.32388 38.6827 5.5
      vertex 8.38078 38.4951 2.5
      vertex 8.38078 38.4951 5.5
    endloop
  endfacet
  facet normal -0.995183 -0.098039 0
    outer loop
      vertex 8.4 38.3 2.5
      vertex 8.38078 38.4951 5.5
      vertex 8.38078 38.4951 2.5
    endloop
  endfacet
  facet normal -0.995183 -0.098039 0
    outer loop
      vertex 8.38078 38.4951 5.5
      vertex 8.4 38.3 2.5
      vertex 8.4 38.3 5.5
    endloop
  endfacet
  facet normal -0.881936 -0.471369 0
    outer loop
      vertex 8.32388 38.6827 2.5
      vertex 8.23147 38.8556 5.5
      vertex 8.23147 38.8556 2.5
    endloop
  endfacet
  facet normal -0.881936 -0.471369 0
    outer loop
      vertex 8.23147 38.8556 5.5
      vertex 8.32388 38.6827 2.5
      vertex 8.32388 38.6827 5.5
    endloop
  endfacet
  facet normal 0.634498 -0.772925 0
    outer loop
      vertex 6.69289 39.0071 2.5
      vertex 6.84443 39.1315 5.5
      vertex 6.69289 39.0071 5.5
    endloop
  endfacet
  facet normal 0.634498 -0.772925 0
    outer loop
      vertex 6.84443 39.1315 5.5
      vertex 6.69289 39.0071 2.5
      vertex 6.84443 39.1315 2.5
    endloop
  endfacet
  facet normal -0.290262 -0.956947 0
    outer loop
      vertex 7.59509 39.2808 2.5
      vertex 7.78268 39.2239 5.5
      vertex 7.59509 39.2808 5.5
    endloop
  endfacet
  facet normal -0.290262 -0.956947 -0
    outer loop
      vertex 7.78268 39.2239 5.5
      vertex 7.59509 39.2808 2.5
      vertex 7.78268 39.2239 2.5
    endloop
  endfacet
  facet normal -0.772942 -0.634476 0
    outer loop
      vertex 8.23147 38.8556 2.5
      vertex 8.10711 39.0071 5.5
      vertex 8.10711 39.0071 2.5
    endloop
  endfacet
  facet normal -0.772942 -0.634476 0
    outer loop
      vertex 8.10711 39.0071 5.5
      vertex 8.23147 38.8556 2.5
      vertex 8.23147 38.8556 5.5
    endloop
  endfacet
  facet normal 0.772942 -0.634476 0
    outer loop
      vertex 6.56853 38.8556 5.5
      vertex 6.69289 39.0071 2.5
      vertex 6.69289 39.0071 5.5
    endloop
  endfacet
  facet normal 0.772942 -0.634476 0
    outer loop
      vertex 6.69289 39.0071 2.5
      vertex 6.56853 38.8556 5.5
      vertex 6.56853 38.8556 2.5
    endloop
  endfacet
  facet normal 0.881936 0.471369 0
    outer loop
      vertex 6.56853 37.7444 5.5
      vertex 6.47612 37.9173 2.5
      vertex 6.47612 37.9173 5.5
    endloop
  endfacet
  facet normal 0.881936 0.471369 0
    outer loop
      vertex 6.47612 37.9173 2.5
      vertex 6.56853 37.7444 5.5
      vertex 6.56853 37.7444 2.5
    endloop
  endfacet
  facet normal -0.881936 0.471369 0
    outer loop
      vertex 8.23147 37.7444 2.5
      vertex 8.32388 37.9173 5.5
      vertex 8.32388 37.9173 2.5
    endloop
  endfacet
  facet normal -0.881936 0.471369 0
    outer loop
      vertex 8.32388 37.9173 5.5
      vertex 8.23147 37.7444 2.5
      vertex 8.23147 37.7444 5.5
    endloop
  endfacet
  facet normal 0.290262 -0.956947 0
    outer loop
      vertex 7.01732 39.2239 2.5
      vertex 7.20491 39.2808 5.5
      vertex 7.01732 39.2239 5.5
    endloop
  endfacet
  facet normal 0.290262 -0.956947 0
    outer loop
      vertex 7.20491 39.2808 5.5
      vertex 7.01732 39.2239 2.5
      vertex 7.20491 39.2808 2.5
    endloop
  endfacet
  facet normal -0.290262 0.956947 0
    outer loop
      vertex 7.78268 37.3761 2.5
      vertex 7.59509 37.3192 5.5
      vertex 7.78268 37.3761 5.5
    endloop
  endfacet
  facet normal -0.290262 0.956947 0
    outer loop
      vertex 7.59509 37.3192 5.5
      vertex 7.78268 37.3761 2.5
      vertex 7.59509 37.3192 2.5
    endloop
  endfacet
  facet normal -0.0979429 -0.995192 0
    outer loop
      vertex 7.4 39.3 2.5
      vertex 7.59509 39.2808 5.5
      vertex 7.4 39.3 5.5
    endloop
  endfacet
  facet normal -0.0979429 -0.995192 -0
    outer loop
      vertex 7.59509 39.2808 5.5
      vertex 7.4 39.3 2.5
      vertex 7.59509 39.2808 2.5
    endloop
  endfacet
  facet normal -0.634498 -0.772925 0
    outer loop
      vertex 7.95557 39.1315 2.5
      vertex 8.10711 39.0071 5.5
      vertex 7.95557 39.1315 5.5
    endloop
  endfacet
  facet normal -0.634498 -0.772925 -0
    outer loop
      vertex 8.10711 39.0071 5.5
      vertex 7.95557 39.1315 2.5
      vertex 8.10711 39.0071 2.5
    endloop
  endfacet
  facet normal 0.0979429 -0.995192 0
    outer loop
      vertex 7.20491 39.2808 2.5
      vertex 7.4 39.3 5.5
      vertex 7.20491 39.2808 5.5
    endloop
  endfacet
  facet normal 0.0979429 -0.995192 0
    outer loop
      vertex 7.4 39.3 5.5
      vertex 7.20491 39.2808 2.5
      vertex 7.4 39.3 2.5
    endloop
  endfacet
  facet normal -0.634498 0.772925 0
    outer loop
      vertex 8.10711 37.5929 2.5
      vertex 7.95557 37.4685 5.5
      vertex 8.10711 37.5929 5.5
    endloop
  endfacet
  facet normal -0.634498 0.772925 0
    outer loop
      vertex 7.95557 37.4685 5.5
      vertex 8.10711 37.5929 2.5
      vertex 7.95557 37.4685 2.5
    endloop
  endfacet
  facet normal -0.471351 0.881946 0
    outer loop
      vertex 7.95557 37.4685 2.5
      vertex 7.78268 37.3761 5.5
      vertex 7.95557 37.4685 5.5
    endloop
  endfacet
  facet normal -0.471351 0.881946 0
    outer loop
      vertex 7.78268 37.3761 5.5
      vertex 7.95557 37.4685 2.5
      vertex 7.78268 37.3761 2.5
    endloop
  endfacet
  facet normal 0.634498 0.772925 -0
    outer loop
      vertex 6.84443 37.4685 2.5
      vertex 6.69289 37.5929 5.5
      vertex 6.84443 37.4685 5.5
    endloop
  endfacet
  facet normal 0.634498 0.772925 0
    outer loop
      vertex 6.69289 37.5929 5.5
      vertex 6.84443 37.4685 2.5
      vertex 6.69289 37.5929 2.5
    endloop
  endfacet
  facet normal -0.772942 0.634476 0
    outer loop
      vertex 8.10711 37.5929 2.5
      vertex 8.23147 37.7444 5.5
      vertex 8.23147 37.7444 2.5
    endloop
  endfacet
  facet normal -0.772942 0.634476 0
    outer loop
      vertex 8.23147 37.7444 5.5
      vertex 8.10711 37.5929 2.5
      vertex 8.10711 37.5929 5.5
    endloop
  endfacet
  facet normal -0.995183 0.098039 0
    outer loop
      vertex 8.38078 38.1049 2.5
      vertex 8.4 38.3 5.5
      vertex 8.4 38.3 2.5
    endloop
  endfacet
  facet normal -0.995183 0.098039 0
    outer loop
      vertex 8.4 38.3 5.5
      vertex 8.38078 38.1049 2.5
      vertex 8.38078 38.1049 5.5
    endloop
  endfacet
  facet normal -0.956951 0.290248 0
    outer loop
      vertex 8.32388 37.9173 2.5
      vertex 8.38078 38.1049 5.5
      vertex 8.38078 38.1049 2.5
    endloop
  endfacet
  facet normal -0.956951 0.290248 0
    outer loop
      vertex 8.38078 38.1049 5.5
      vertex 8.32388 37.9173 2.5
      vertex 8.32388 37.9173 5.5
    endloop
  endfacet
  facet normal 0.471351 -0.881946 0
    outer loop
      vertex 6.84443 39.1315 2.5
      vertex 7.01732 39.2239 5.5
      vertex 6.84443 39.1315 5.5
    endloop
  endfacet
  facet normal 0.471351 -0.881946 0
    outer loop
      vertex 7.01732 39.2239 5.5
      vertex 6.84443 39.1315 2.5
      vertex 7.01732 39.2239 2.5
    endloop
  endfacet
  facet normal -0.471351 -0.881946 0
    outer loop
      vertex 7.78268 39.2239 2.5
      vertex 7.95557 39.1315 5.5
      vertex 7.78268 39.2239 5.5
    endloop
  endfacet
  facet normal -0.471351 -0.881946 -0
    outer loop
      vertex 7.95557 39.1315 5.5
      vertex 7.78268 39.2239 2.5
      vertex 7.95557 39.1315 2.5
    endloop
  endfacet
  facet normal 0.956951 -0.290248 0
    outer loop
      vertex 6.41922 38.4951 5.5
      vertex 6.47612 38.6827 2.5
      vertex 6.47612 38.6827 5.5
    endloop
  endfacet
  facet normal 0.956951 -0.290248 0
    outer loop
      vertex 6.47612 38.6827 2.5
      vertex 6.41922 38.4951 5.5
      vertex 6.41922 38.4951 2.5
    endloop
  endfacet
  facet normal -0.0979429 0.995192 0
    outer loop
      vertex 7.59509 37.3192 2.5
      vertex 7.4 37.3 5.5
      vertex 7.59509 37.3192 5.5
    endloop
  endfacet
  facet normal -0.0979429 0.995192 0
    outer loop
      vertex 7.4 37.3 5.5
      vertex 7.59509 37.3192 2.5
      vertex 7.4 37.3 2.5
    endloop
  endfacet
  facet normal 0.881936 -0.471369 0
    outer loop
      vertex 6.47612 38.6827 5.5
      vertex 6.56853 38.8556 2.5
      vertex 6.56853 38.8556 5.5
    endloop
  endfacet
  facet normal 0.881936 -0.471369 0
    outer loop
      vertex 6.56853 38.8556 2.5
      vertex 6.47612 38.6827 5.5
      vertex 6.47612 38.6827 2.5
    endloop
  endfacet
  facet normal 0.956951 0.290248 0
    outer loop
      vertex 6.47612 37.9173 5.5
      vertex 6.41922 38.1049 2.5
      vertex 6.41922 38.1049 5.5
    endloop
  endfacet
  facet normal 0.956951 0.290248 0
    outer loop
      vertex 6.41922 38.1049 2.5
      vertex 6.47612 37.9173 5.5
      vertex 6.47612 37.9173 2.5
    endloop
  endfacet
  facet normal 0.995183 0.098039 0
    outer loop
      vertex 6.41922 38.1049 5.5
      vertex 6.4 38.3 2.5
      vertex 6.4 38.3 5.5
    endloop
  endfacet
  facet normal 0.995183 0.098039 0
    outer loop
      vertex 6.4 38.3 2.5
      vertex 6.41922 38.1049 5.5
      vertex 6.41922 38.1049 2.5
    endloop
  endfacet
  facet normal 0.772942 0.634476 0
    outer loop
      vertex 6.69289 37.5929 5.5
      vertex 6.56853 37.7444 2.5
      vertex 6.56853 37.7444 5.5
    endloop
  endfacet
  facet normal 0.772942 0.634476 0
    outer loop
      vertex 6.56853 37.7444 2.5
      vertex 6.69289 37.5929 5.5
      vertex 6.69289 37.5929 2.5
    endloop
  endfacet
  facet normal 0.471351 0.881946 -0
    outer loop
      vertex 7.01732 37.3761 2.5
      vertex 6.84443 37.4685 5.5
      vertex 7.01732 37.3761 5.5
    endloop
  endfacet
  facet normal 0.471351 0.881946 0
    outer loop
      vertex 6.84443 37.4685 5.5
      vertex 7.01732 37.3761 2.5
      vertex 6.84443 37.4685 2.5
    endloop
  endfacet
  facet normal 0.995183 -0.098039 0
    outer loop
      vertex 6.4 38.3 5.5
      vertex 6.41922 38.4951 2.5
      vertex 6.41922 38.4951 5.5
    endloop
  endfacet
  facet normal 0.995183 -0.098039 0
    outer loop
      vertex 6.41922 38.4951 2.5
      vertex 6.4 38.3 5.5
      vertex 6.4 38.3 2.5
    endloop
  endfacet
  facet normal 0.0979429 0.995192 -0
    outer loop
      vertex 7.4 37.3 2.5
      vertex 7.20491 37.3192 5.5
      vertex 7.4 37.3 5.5
    endloop
  endfacet
  facet normal 0.0979429 0.995192 0
    outer loop
      vertex 7.20491 37.3192 5.5
      vertex 7.4 37.3 2.5
      vertex 7.20491 37.3192 2.5
    endloop
  endfacet
  facet normal 0.290262 0.956947 -0
    outer loop
      vertex 7.20491 37.3192 2.5
      vertex 7.01732 37.3761 5.5
      vertex 7.20491 37.3192 5.5
    endloop
  endfacet
  facet normal 0.290262 0.956947 0
    outer loop
      vertex 7.01732 37.3761 5.5
      vertex 7.20491 37.3192 2.5
      vertex 7.01732 37.3761 2.5
    endloop
  endfacet
  facet normal -0.471329 0.881957 0
    outer loop
      vertex 100.352 17.5716 2.5
      vertex 99.8333 17.2944 5.5
      vertex 100.352 17.5716 5.5
    endloop
  endfacet
  facet normal -0.471329 0.881957 0
    outer loop
      vertex 99.8333 17.2944 5.5
      vertex 100.352 17.5716 2.5
      vertex 99.8333 17.2944 2.5
    endloop
  endfacet
  facet normal 0.471117 0.882071 -0
    outer loop
      vertex 103.167 17.2944 2.5
      vertex 102.648 17.5716 5.5
      vertex 103.167 17.2944 5.5
    endloop
  endfacet
  facet normal 0.471117 0.882071 0
    outer loop
      vertex 102.648 17.5716 5.5
      vertex 103.167 17.2944 2.5
      vertex 102.648 17.5716 2.5
    endloop
  endfacet
  facet normal 0.957267 0.289205 0
    outer loop
      vertex 104.442 15.3853 5.5
      vertex 104.272 15.948 2.5
      vertex 104.272 15.948 5.5
    endloop
  endfacet
  facet normal 0.957267 0.289205 0
    outer loop
      vertex 104.272 15.948 2.5
      vertex 104.442 15.3853 5.5
      vertex 104.442 15.3853 2.5
    endloop
  endfacet
  facet normal 0.995126 0.0986115 0
    outer loop
      vertex 104.5 14.8 5.5
      vertex 104.442 15.3853 2.5
      vertex 104.442 15.3853 5.5
    endloop
  endfacet
  facet normal 0.995126 0.0986115 0
    outer loop
      vertex 104.442 15.3853 2.5
      vertex 104.5 14.8 5.5
      vertex 104.5 14.8 2.5
    endloop
  endfacet
  facet normal 0.881392 0.472386 0
    outer loop
      vertex 104.272 15.948 5.5
      vertex 103.994 16.4667 2.5
      vertex 103.994 16.4667 5.5
    endloop
  endfacet
  facet normal 0.881392 0.472386 0
    outer loop
      vertex 103.994 16.4667 2.5
      vertex 104.272 15.948 5.5
      vertex 104.272 15.948 2.5
    endloop
  endfacet
  facet normal 0.0979877 0.995188 -0
    outer loop
      vertex 102.085 17.7424 2.5
      vertex 101.5 17.8 5.5
      vertex 102.085 17.7424 5.5
    endloop
  endfacet
  facet normal 0.0979877 0.995188 0
    outer loop
      vertex 101.5 17.8 5.5
      vertex 102.085 17.7424 2.5
      vertex 101.5 17.8 2.5
    endloop
  endfacet
  facet normal 0.0979877 -0.995188 0
    outer loop
      vertex 101.5 11.8 2.5
      vertex 102.085 11.8576 5.5
      vertex 101.5 11.8 5.5
    endloop
  endfacet
  facet normal 0.0979877 -0.995188 0
    outer loop
      vertex 102.085 11.8576 5.5
      vertex 101.5 11.8 2.5
      vertex 102.085 11.8576 2.5
    endloop
  endfacet
  facet normal 0.290309 0.956933 -0
    outer loop
      vertex 102.648 17.5716 2.5
      vertex 102.085 17.7424 5.5
      vertex 102.648 17.5716 5.5
    endloop
  endfacet
  facet normal 0.290309 0.956933 0
    outer loop
      vertex 102.085 17.7424 5.5
      vertex 102.648 17.5716 2.5
      vertex 102.085 17.7424 2.5
    endloop
  endfacet
  facet normal 0.634914 0.772583 -0
    outer loop
      vertex 103.621 16.9213 2.5
      vertex 103.167 17.2944 5.5
      vertex 103.621 16.9213 5.5
    endloop
  endfacet
  facet normal 0.634914 0.772583 0
    outer loop
      vertex 103.167 17.2944 5.5
      vertex 103.621 16.9213 2.5
      vertex 103.167 17.2944 2.5
    endloop
  endfacet
  facet normal 0.773078 -0.634311 0
    outer loop
      vertex 103.621 12.6787 5.5
      vertex 103.994 13.1333 2.5
      vertex 103.994 13.1333 5.5
    endloop
  endfacet
  facet normal 0.773078 -0.634311 0
    outer loop
      vertex 103.994 13.1333 2.5
      vertex 103.621 12.6787 5.5
      vertex 103.621 12.6787 2.5
    endloop
  endfacet
  facet normal -0.634413 0.772994 0
    outer loop
      vertex 99.8333 17.2944 2.5
      vertex 99.3787 16.9213 5.5
      vertex 99.8333 17.2944 5.5
    endloop
  endfacet
  facet normal -0.634413 0.772994 0
    outer loop
      vertex 99.3787 16.9213 5.5
      vertex 99.8333 17.2944 2.5
      vertex 99.3787 16.9213 2.5
    endloop
  endfacet
  facet normal 0.471117 -0.882071 0
    outer loop
      vertex 102.648 12.0284 2.5
      vertex 103.167 12.3056 5.5
      vertex 102.648 12.0284 5.5
    endloop
  endfacet
  facet normal 0.471117 -0.882071 0
    outer loop
      vertex 103.167 12.3056 5.5
      vertex 102.648 12.0284 2.5
      vertex 103.167 12.3056 2.5
    endloop
  endfacet
  facet normal -0.881957 -0.471329 0
    outer loop
      vertex 99.0056 13.1333 2.5
      vertex 98.7284 13.652 5.5
      vertex 98.7284 13.652 2.5
    endloop
  endfacet
  facet normal -0.881957 -0.471329 0
    outer loop
      vertex 98.7284 13.652 5.5
      vertex 99.0056 13.1333 2.5
      vertex 99.0056 13.1333 5.5
    endloop
  endfacet
  facet normal 0.995126 -0.0986115 0
    outer loop
      vertex 104.442 14.2147 5.5
      vertex 104.5 14.8 2.5
      vertex 104.5 14.8 5.5
    endloop
  endfacet
  facet normal 0.995126 -0.0986115 0
    outer loop
      vertex 104.5 14.8 2.5
      vertex 104.442 14.2147 5.5
      vertex 104.442 14.2147 2.5
    endloop
  endfacet
  facet normal -0.471329 -0.881957 0
    outer loop
      vertex 99.8333 12.3056 2.5
      vertex 100.352 12.0284 5.5
      vertex 99.8333 12.3056 5.5
    endloop
  endfacet
  facet normal -0.471329 -0.881957 -0
    outer loop
      vertex 100.352 12.0284 5.5
      vertex 99.8333 12.3056 2.5
      vertex 100.352 12.0284 2.5
    endloop
  endfacet
  facet normal -0.290309 0.956933 0
    outer loop
      vertex 100.915 17.7424 2.5
      vertex 100.352 17.5716 5.5
      vertex 100.915 17.7424 5.5
    endloop
  endfacet
  facet normal -0.290309 0.956933 0
    outer loop
      vertex 100.352 17.5716 5.5
      vertex 100.915 17.7424 2.5
      vertex 100.352 17.5716 2.5
    endloop
  endfacet
  facet normal -0.0979877 -0.995188 0
    outer loop
      vertex 100.915 11.8576 2.5
      vertex 101.5 11.8 5.5
      vertex 100.915 11.8576 5.5
    endloop
  endfacet
  facet normal -0.0979877 -0.995188 -0
    outer loop
      vertex 101.5 11.8 5.5
      vertex 100.915 11.8576 2.5
      vertex 101.5 11.8 2.5
    endloop
  endfacet
  facet normal -0.881957 0.471329 0
    outer loop
      vertex 98.7284 15.948 2.5
      vertex 99.0056 16.4667 5.5
      vertex 99.0056 16.4667 2.5
    endloop
  endfacet
  facet normal -0.881957 0.471329 0
    outer loop
      vertex 99.0056 16.4667 5.5
      vertex 98.7284 15.948 2.5
      vertex 98.7284 15.948 5.5
    endloop
  endfacet
  facet normal 0.290309 -0.956933 0
    outer loop
      vertex 102.085 11.8576 2.5
      vertex 102.648 12.0284 5.5
      vertex 102.085 11.8576 5.5
    endloop
  endfacet
  facet normal 0.290309 -0.956933 0
    outer loop
      vertex 102.648 12.0284 5.5
      vertex 102.085 11.8576 2.5
      vertex 102.648 12.0284 2.5
    endloop
  endfacet
  facet normal 0 0 1
    outer loop
      vertex 102.5 14.8 5.5
      vertex 104.5 14.8 5.5
      vertex 104.442 15.3853 5.5
    endloop
  endfacet
  facet normal 0 0 1
    outer loop
      vertex 102.481 14.9951 5.5
      vertex 104.442 15.3853 5.5
      vertex 104.272 15.948 5.5
    endloop
  endfacet
  facet normal 0 0 1
    outer loop
      vertex 104.5 14.8 5.5
      vertex 102.5 14.8 5.5
      vertex 104.442 14.2147 5.5
    endloop
  endfacet
  facet normal 0 0 1
    outer loop
      vertex 102.424 15.1827 5.5
      vertex 104.272 15.948 5.5
      vertex 103.994 16.4667 5.5
    endloop
  endfacet
  facet normal -0 0 1
    outer loop
      vertex 102.481 14.6049 5.5
      vertex 104.442 14.2147 5.5
      vertex 102.5 14.8 5.5
    endloop
  endfacet
  facet normal 0 0 1
    outer loop
      vertex 102.331 15.3556 5.5
      vertex 103.994 16.4667 5.5
      vertex 103.621 16.9213 5.5
    endloop
  endfacet
  facet normal 0 0 1
    outer loop
      vertex 104.442 14.2147 5.5
      vertex 102.481 14.6049 5.5
      vertex 104.272 13.652 5.5
    endloop
  endfacet
  facet normal 0 0 1
    outer loop
      vertex 102.207 15.5071 5.5
      vertex 103.621 16.9213 5.5
      vertex 103.167 17.2944 5.5
    endloop
  endfacet
  facet normal -0 0 1
    outer loop
      vertex 102.424 14.4173 5.5
      vertex 104.272 13.652 5.5
      vertex 102.481 14.6049 5.5
    endloop
  endfacet
  facet normal 0 0 1
    outer loop
      vertex 102.056 15.6315 5.5
      vertex 103.167 17.2944 5.5
      vertex 102.648 17.5716 5.5
    endloop
  endfacet
  facet normal 0 0 1
    outer loop
      vertex 104.272 13.652 5.5
      vertex 102.424 14.4173 5.5
      vertex 103.994 13.1333 5.5
    endloop
  endfacet
  facet normal -0 0 1
    outer loop
      vertex 102.331 14.2444 5.5
      vertex 103.994 13.1333 5.5
      vertex 102.424 14.4173 5.5
    endloop
  endfacet
  facet normal 0 0 1
    outer loop
      vertex 104.442 15.3853 5.5
      vertex 102.481 14.9951 5.5
      vertex 102.5 14.8 5.5
    endloop
  endfacet
  facet normal 0 0 1
    outer loop
      vertex 104.272 15.948 5.5
      vertex 102.424 15.1827 5.5
      vertex 102.481 14.9951 5.5
    endloop
  endfacet
  facet normal 0 0 1
    outer loop
      vertex 103.994 16.4667 5.5
      vertex 102.331 15.3556 5.5
      vertex 102.424 15.1827 5.5
    endloop
  endfacet
  facet normal 0 0 1
    outer loop
      vertex 103.621 16.9213 5.5
      vertex 102.207 15.5071 5.5
      vertex 102.331 15.3556 5.5
    endloop
  endfacet
  facet normal 0 0 1
    outer loop
      vertex 101.883 15.7239 5.5
      vertex 102.648 17.5716 5.5
      vertex 102.085 17.7424 5.5
    endloop
  endfacet
  facet normal 0 0 1
    outer loop
      vertex 103.167 17.2944 5.5
      vertex 102.056 15.6315 5.5
      vertex 102.207 15.5071 5.5
    endloop
  endfacet
  facet normal 0 0 1
    outer loop
      vertex 102.648 17.5716 5.5
      vertex 101.883 15.7239 5.5
      vertex 102.056 15.6315 5.5
    endloop
  endfacet
  facet normal 0 0 1
    outer loop
      vertex 102.085 17.7424 5.5
      vertex 101.695 15.7808 5.5
      vertex 101.883 15.7239 5.5
    endloop
  endfacet
  facet normal 0 0 1
    outer loop
      vertex 101.5 17.8 5.5
      vertex 101.695 15.7808 5.5
      vertex 102.085 17.7424 5.5
    endloop
  endfacet
  facet normal 0 0 1
    outer loop
      vertex 101.5 17.8 5.5
      vertex 101.5 15.8 5.5
      vertex 101.695 15.7808 5.5
    endloop
  endfacet
  facet normal 0 0 1
    outer loop
      vertex 101.5 17.8 5.5
      vertex 101.305 15.7808 5.5
      vertex 101.5 15.8 5.5
    endloop
  endfacet
  facet normal -0 0 1
    outer loop
      vertex 100.915 17.7424 5.5
      vertex 101.305 15.7808 5.5
      vertex 101.5 17.8 5.5
    endloop
  endfacet
  facet normal 0 0 1
    outer loop
      vertex 101.305 15.7808 5.5
      vertex 100.915 17.7424 5.5
      vertex 101.117 15.7239 5.5
    endloop
  endfacet
  facet normal -0 0 1
    outer loop
      vertex 100.352 17.5716 5.5
      vertex 101.117 15.7239 5.5
      vertex 100.915 17.7424 5.5
    endloop
  endfacet
  facet normal 0 0 1
    outer loop
      vertex 101.117 15.7239 5.5
      vertex 100.352 17.5716 5.5
      vertex 100.944 15.6315 5.5
    endloop
  endfacet
  facet normal -0 0 1
    outer loop
      vertex 99.8333 17.2944 5.5
      vertex 100.944 15.6315 5.5
      vertex 100.352 17.5716 5.5
    endloop
  endfacet
  facet normal 0 0 1
    outer loop
      vertex 100.944 15.6315 5.5
      vertex 99.8333 17.2944 5.5
      vertex 100.793 15.5071 5.5
    endloop
  endfacet
  facet normal -0 0 1
    outer loop
      vertex 99.3787 16.9213 5.5
      vertex 100.793 15.5071 5.5
      vertex 99.8333 17.2944 5.5
    endloop
  endfacet
  facet normal -0 0 1
    outer loop
      vertex 99.0056 16.4667 5.5
      vertex 100.669 15.3556 5.5
      vertex 99.3787 16.9213 5.5
    endloop
  endfacet
  facet normal 0 0 1
    outer loop
      vertex 100.793 15.5071 5.5
      vertex 99.3787 16.9213 5.5
      vertex 100.669 15.3556 5.5
    endloop
  endfacet
  facet normal 0 0 1
    outer loop
      vertex 103.994 13.1333 5.5
      vertex 102.331 14.2444 5.5
      vertex 103.621 12.6787 5.5
    endloop
  endfacet
  facet normal -0 0 1
    outer loop
      vertex 102.207 14.0929 5.5
      vertex 103.621 12.6787 5.5
      vertex 102.331 14.2444 5.5
    endloop
  endfacet
  facet normal 0 0 1
    outer loop
      vertex 103.621 12.6787 5.5
      vertex 102.207 14.0929 5.5
      vertex 103.167 12.3056 5.5
    endloop
  endfacet
  facet normal -0 0 1
    outer loop
      vertex 102.056 13.9685 5.5
      vertex 103.167 12.3056 5.5
      vertex 102.207 14.0929 5.5
    endloop
  endfacet
  facet normal 0 0 1
    outer loop
      vertex 103.167 12.3056 5.5
      vertex 102.056 13.9685 5.5
      vertex 102.648 12.0284 5.5
    endloop
  endfacet
  facet normal -0 0 1
    outer loop
      vertex 101.883 13.8761 5.5
      vertex 102.648 12.0284 5.5
      vertex 102.056 13.9685 5.5
    endloop
  endfacet
  facet normal 0 0 1
    outer loop
      vertex 102.648 12.0284 5.5
      vertex 101.883 13.8761 5.5
      vertex 102.085 11.8576 5.5
    endloop
  endfacet
  facet normal -0 0 1
    outer loop
      vertex 101.695 13.8192 5.5
      vertex 102.085 11.8576 5.5
      vertex 101.883 13.8761 5.5
    endloop
  endfacet
  facet normal -0 0 1
    outer loop
      vertex 101.5 13.8 5.5
      vertex 102.085 11.8576 5.5
      vertex 101.695 13.8192 5.5
    endloop
  endfacet
  facet normal 0 0 1
    outer loop
      vertex 101.5 13.8 5.5
      vertex 101.5 11.8 5.5
      vertex 102.085 11.8576 5.5
    endloop
  endfacet
  facet normal 0 0 1
    outer loop
      vertex 101.305 13.8192 5.5
      vertex 101.5 11.8 5.5
      vertex 101.5 13.8 5.5
    endloop
  endfacet
  facet normal 0 0 1
    outer loop
      vertex 100.915 11.8576 5.5
      vertex 101.305 13.8192 5.5
      vertex 101.117 13.8761 5.5
    endloop
  endfacet
  facet normal 0 0 1
    outer loop
      vertex 100.352 12.0284 5.5
      vertex 101.117 13.8761 5.5
      vertex 100.944 13.9685 5.5
    endloop
  endfacet
  facet normal 0 0 1
    outer loop
      vertex 101.305 13.8192 5.5
      vertex 100.915 11.8576 5.5
      vertex 101.5 11.8 5.5
    endloop
  endfacet
  facet normal 0 0 1
    outer loop
      vertex 99.8333 12.3056 5.5
      vertex 100.944 13.9685 5.5
      vertex 100.793 14.0929 5.5
    endloop
  endfacet
  facet normal 0 0 1
    outer loop
      vertex 99.3787 12.6787 5.5
      vertex 100.793 14.0929 5.5
      vertex 100.669 14.2444 5.5
    endloop
  endfacet
  facet normal 0 0 1
    outer loop
      vertex 99.0056 13.1333 5.5
      vertex 100.669 14.2444 5.5
      vertex 100.576 14.4173 5.5
    endloop
  endfacet
  facet normal 0 0 1
    outer loop
      vertex 98.7284 13.652 5.5
      vertex 100.576 14.4173 5.5
      vertex 100.519 14.6049 5.5
    endloop
  endfacet
  facet normal 0 0 1
    outer loop
      vertex 101.117 13.8761 5.5
      vertex 100.352 12.0284 5.5
      vertex 100.915 11.8576 5.5
    endloop
  endfacet
  facet normal 0 0 1
    outer loop
      vertex 98.5576 14.2147 5.5
      vertex 100.519 14.6049 5.5
      vertex 100.5 14.8 5.5
    endloop
  endfacet
  facet normal 0 0 1
    outer loop
      vertex 100.669 15.3556 5.5
      vertex 99.0056 16.4667 5.5
      vertex 100.576 15.1827 5.5
    endloop
  endfacet
  facet normal -0 0 1
    outer loop
      vertex 98.7284 15.948 5.5
      vertex 100.576 15.1827 5.5
      vertex 99.0056 16.4667 5.5
    endloop
  endfacet
  facet normal 0 0 1
    outer loop
      vertex 100.944 13.9685 5.5
      vertex 99.8333 12.3056 5.5
      vertex 100.352 12.0284 5.5
    endloop
  endfacet
  facet normal 0 0 1
    outer loop
      vertex 100.576 15.1827 5.5
      vertex 98.7284 15.948 5.5
      vertex 100.519 14.9951 5.5
    endloop
  endfacet
  facet normal 0 0 1
    outer loop
      vertex 100.793 14.0929 5.5
      vertex 99.3787 12.6787 5.5
      vertex 99.8333 12.3056 5.5
    endloop
  endfacet
  facet normal -0 0 1
    outer loop
      vertex 98.5576 15.3853 5.5
      vertex 100.519 14.9951 5.5
      vertex 98.7284 15.948 5.5
    endloop
  endfacet
  facet normal 0 0 1
    outer loop
      vertex 100.669 14.2444 5.5
      vertex 99.0056 13.1333 5.5
      vertex 99.3787 12.6787 5.5
    endloop
  endfacet
  facet normal 0 0 1
    outer loop
      vertex 100.519 14.9951 5.5
      vertex 98.5576 15.3853 5.5
      vertex 100.5 14.8 5.5
    endloop
  endfacet
  facet normal 0 0 1
    outer loop
      vertex 100.576 14.4173 5.5
      vertex 98.7284 13.652 5.5
      vertex 99.0056 13.1333 5.5
    endloop
  endfacet
  facet normal 0 0 1
    outer loop
      vertex 98.5 14.8 5.5
      vertex 100.5 14.8 5.5
      vertex 98.5576 15.3853 5.5
    endloop
  endfacet
  facet normal 0 0 1
    outer loop
      vertex 100.519 14.6049 5.5
      vertex 98.5576 14.2147 5.5
      vertex 98.7284 13.652 5.5
    endloop
  endfacet
  facet normal 0 0 1
    outer loop
      vertex 100.5 14.8 5.5
      vertex 98.5 14.8 5.5
      vertex 98.5576 14.2147 5.5
    endloop
  endfacet
  facet normal -0.290309 -0.956933 0
    outer loop
      vertex 100.352 12.0284 2.5
      vertex 100.915 11.8576 5.5
      vertex 100.352 12.0284 5.5
    endloop
  endfacet
  facet normal -0.290309 -0.956933 -0
    outer loop
      vertex 100.915 11.8576 5.5
      vertex 100.352 12.0284 2.5
      vertex 100.915 11.8576 2.5
    endloop
  endfacet
  facet normal 0.957267 -0.289205 0
    outer loop
      vertex 104.272 13.652 5.5
      vertex 104.442 14.2147 2.5
      vertex 104.442 14.2147 5.5
    endloop
  endfacet
  facet normal 0.957267 -0.289205 0
    outer loop
      vertex 104.442 14.2147 2.5
      vertex 104.272 13.652 5.5
      vertex 104.272 13.652 2.5
    endloop
  endfacet
  facet normal 0.773078 0.634311 0
    outer loop
      vertex 103.994 16.4667 5.5
      vertex 103.621 16.9213 2.5
      vertex 103.621 16.9213 5.5
    endloop
  endfacet
  facet normal 0.773078 0.634311 0
    outer loop
      vertex 103.621 16.9213 2.5
      vertex 103.994 16.4667 5.5
      vertex 103.994 16.4667 2.5
    endloop
  endfacet
  facet normal 0.634914 -0.772583 0
    outer loop
      vertex 103.167 12.3056 2.5
      vertex 103.621 12.6787 5.5
      vertex 103.167 12.3056 5.5
    endloop
  endfacet
  facet normal 0.634914 -0.772583 0
    outer loop
      vertex 103.621 12.6787 5.5
      vertex 103.167 12.3056 2.5
      vertex 103.621 12.6787 2.5
    endloop
  endfacet
  facet normal -0.634413 -0.772994 0
    outer loop
      vertex 99.3787 12.6787 2.5
      vertex 99.8333 12.3056 5.5
      vertex 99.3787 12.6787 5.5
    endloop
  endfacet
  facet normal -0.634413 -0.772994 -0
    outer loop
      vertex 99.8333 12.3056 5.5
      vertex 99.3787 12.6787 2.5
      vertex 99.8333 12.3056 2.5
    endloop
  endfacet
  facet normal -0.0979877 0.995188 0
    outer loop
      vertex 101.5 17.8 2.5
      vertex 100.915 17.7424 5.5
      vertex 101.5 17.8 5.5
    endloop
  endfacet
  facet normal -0.0979877 0.995188 0
    outer loop
      vertex 100.915 17.7424 5.5
      vertex 101.5 17.8 2.5
      vertex 100.915 17.7424 2.5
    endloop
  endfacet
  facet normal 0.881392 -0.472386 0
    outer loop
      vertex 103.994 13.1333 5.5
      vertex 104.272 13.652 2.5
      vertex 104.272 13.652 5.5
    endloop
  endfacet
  facet normal 0.881392 -0.472386 0
    outer loop
      vertex 104.272 13.652 2.5
      vertex 103.994 13.1333 5.5
      vertex 103.994 13.1333 2.5
    endloop
  endfacet
  facet normal -0.95689 -0.290451 0
    outer loop
      vertex 98.7284 13.652 2.5
      vertex 98.5576 14.2147 5.5
      vertex 98.5576 14.2147 2.5
    endloop
  endfacet
  facet normal -0.95689 -0.290451 0
    outer loop
      vertex 98.5576 14.2147 5.5
      vertex 98.7284 13.652 2.5
      vertex 98.7284 13.652 5.5
    endloop
  endfacet
  facet normal -0.995193 -0.097938 0
    outer loop
      vertex 98.5576 14.2147 2.5
      vertex 98.5 14.8 5.5
      vertex 98.5 14.8 2.5
    endloop
  endfacet
  facet normal -0.995193 -0.097938 0
    outer loop
      vertex 98.5 14.8 5.5
      vertex 98.5576 14.2147 2.5
      vertex 98.5576 14.2147 5.5
    endloop
  endfacet
  facet normal -0.772994 -0.634413 0
    outer loop
      vertex 99.3787 12.6787 2.5
      vertex 99.0056 13.1333 5.5
      vertex 99.0056 13.1333 2.5
    endloop
  endfacet
  facet normal -0.772994 -0.634413 0
    outer loop
      vertex 99.0056 13.1333 5.5
      vertex 99.3787 12.6787 2.5
      vertex 99.3787 12.6787 5.5
    endloop
  endfacet
  facet normal -0.772994 0.634413 0
    outer loop
      vertex 99.0056 16.4667 2.5
      vertex 99.3787 16.9213 5.5
      vertex 99.3787 16.9213 2.5
    endloop
  endfacet
  facet normal -0.772994 0.634413 0
    outer loop
      vertex 99.3787 16.9213 5.5
      vertex 99.0056 16.4667 2.5
      vertex 99.0056 16.4667 5.5
    endloop
  endfacet
  facet normal -0.95689 0.290451 0
    outer loop
      vertex 98.5576 15.3853 2.5
      vertex 98.7284 15.948 5.5
      vertex 98.7284 15.948 2.5
    endloop
  endfacet
  facet normal -0.95689 0.290451 0
    outer loop
      vertex 98.7284 15.948 5.5
      vertex 98.5576 15.3853 2.5
      vertex 98.5576 15.3853 5.5
    endloop
  endfacet
  facet normal -0.995193 0.097938 0
    outer loop
      vertex 98.5 14.8 2.5
      vertex 98.5576 15.3853 5.5
      vertex 98.5576 15.3853 2.5
    endloop
  endfacet
  facet normal -0.995193 0.097938 0
    outer loop
      vertex 98.5576 15.3853 5.5
      vertex 98.5 14.8 2.5
      vertex 98.5 14.8 5.5
    endloop
  endfacet
  facet normal -0.95681 -0.290715 0
    outer loop
      vertex 102.481 14.9951 2.5
      vertex 102.424 15.1827 5.5
      vertex 102.424 15.1827 2.5
    endloop
  endfacet
  facet normal -0.95681 -0.290715 0
    outer loop
      vertex 102.424 15.1827 5.5
      vertex 102.481 14.9951 2.5
      vertex 102.481 14.9951 5.5
    endloop
  endfacet
  facet normal -0.995291 -0.0969274 0
    outer loop
      vertex 102.5 14.8 2.5
      vertex 102.481 14.9951 5.5
      vertex 102.481 14.9951 2.5
    endloop
  endfacet
  facet normal -0.995291 -0.0969274 0
    outer loop
      vertex 102.481 14.9951 5.5
      vertex 102.5 14.8 2.5
      vertex 102.5 14.8 5.5
    endloop
  endfacet
  facet normal -0.880684 -0.473705 0
    outer loop
      vertex 102.424 15.1827 2.5
      vertex 102.331 15.3556 5.5
      vertex 102.331 15.3556 2.5
    endloop
  endfacet
  facet normal -0.880684 -0.473705 0
    outer loop
      vertex 102.331 15.3556 5.5
      vertex 102.424 15.1827 2.5
      vertex 102.424 15.1827 5.5
    endloop
  endfacet
  facet normal 0.635851 -0.771812 0
    outer loop
      vertex 100.793 15.5071 2.5
      vertex 100.944 15.6315 5.5
      vertex 100.793 15.5071 5.5
    endloop
  endfacet
  facet normal 0.635851 -0.771812 0
    outer loop
      vertex 100.944 15.6315 5.5
      vertex 100.793 15.5071 2.5
      vertex 100.944 15.6315 2.5
    endloop
  endfacet
  facet normal -0.289682 -0.957123 0
    outer loop
      vertex 101.695 15.7808 2.5
      vertex 101.883 15.7239 5.5
      vertex 101.695 15.7808 5.5
    endloop
  endfacet
  facet normal -0.289682 -0.957123 -0
    outer loop
      vertex 101.883 15.7239 5.5
      vertex 101.695 15.7808 2.5
      vertex 101.883 15.7239 2.5
    endloop
  endfacet
  facet normal -0.773843 -0.633377 0
    outer loop
      vertex 102.331 15.3556 2.5
      vertex 102.207 15.5071 5.5
      vertex 102.207 15.5071 2.5
    endloop
  endfacet
  facet normal -0.773843 -0.633377 0
    outer loop
      vertex 102.207 15.5071 5.5
      vertex 102.331 15.3556 2.5
      vertex 102.331 15.3556 5.5
    endloop
  endfacet
  facet normal 0.773843 -0.633377 0
    outer loop
      vertex 100.669 15.3556 5.5
      vertex 100.793 15.5071 2.5
      vertex 100.793 15.5071 5.5
    endloop
  endfacet
  facet normal 0.773843 -0.633377 0
    outer loop
      vertex 100.793 15.5071 2.5
      vertex 100.669 15.3556 5.5
      vertex 100.669 15.3556 2.5
    endloop
  endfacet
  facet normal 0.880684 0.473705 0
    outer loop
      vertex 100.669 14.2444 5.5
      vertex 100.576 14.4173 2.5
      vertex 100.576 14.4173 5.5
    endloop
  endfacet
  facet normal 0.880684 0.473705 0
    outer loop
      vertex 100.576 14.4173 2.5
      vertex 100.669 14.2444 5.5
      vertex 100.669 14.2444 2.5
    endloop
  endfacet
  facet normal -0.880684 0.473705 0
    outer loop
      vertex 102.331 14.2444 2.5
      vertex 102.424 14.4173 5.5
      vertex 102.424 14.4173 2.5
    endloop
  endfacet
  facet normal -0.880684 0.473705 0
    outer loop
      vertex 102.424 14.4173 5.5
      vertex 102.331 14.2444 2.5
      vertex 102.331 14.2444 5.5
    endloop
  endfacet
  facet normal 0.289682 -0.957123 0
    outer loop
      vertex 101.117 15.7239 2.5
      vertex 101.305 15.7808 5.5
      vertex 101.117 15.7239 5.5
    endloop
  endfacet
  facet normal 0.289682 -0.957123 0
    outer loop
      vertex 101.305 15.7808 5.5
      vertex 101.117 15.7239 2.5
      vertex 101.305 15.7808 2.5
    endloop
  endfacet
  facet normal -0.289682 0.957123 0
    outer loop
      vertex 101.883 13.8761 2.5
      vertex 101.695 13.8192 5.5
      vertex 101.883 13.8761 5.5
    endloop
  endfacet
  facet normal -0.289682 0.957123 0
    outer loop
      vertex 101.695 13.8192 5.5
      vertex 101.883 13.8761 2.5
      vertex 101.695 13.8192 2.5
    endloop
  endfacet
  facet normal -0.0979877 -0.995188 0
    outer loop
      vertex 101.5 15.8 2.5
      vertex 101.695 15.7808 5.5
      vertex 101.5 15.8 5.5
    endloop
  endfacet
  facet normal -0.0979877 -0.995188 -0
    outer loop
      vertex 101.695 15.7808 5.5
      vertex 101.5 15.8 2.5
      vertex 101.695 15.7808 2.5
    endloop
  endfacet
  facet normal -0.635851 -0.771812 0
    outer loop
      vertex 102.056 15.6315 2.5
      vertex 102.207 15.5071 5.5
      vertex 102.056 15.6315 5.5
    endloop
  endfacet
  facet normal -0.635851 -0.771812 -0
    outer loop
      vertex 102.207 15.5071 5.5
      vertex 102.056 15.6315 2.5
      vertex 102.207 15.5071 2.5
    endloop
  endfacet
  facet normal 0.0979877 -0.995188 0
    outer loop
      vertex 101.305 15.7808 2.5
      vertex 101.5 15.8 5.5
      vertex 101.305 15.7808 5.5
    endloop
  endfacet
  facet normal 0.0979877 -0.995188 0
    outer loop
      vertex 101.5 15.8 5.5
      vertex 101.305 15.7808 2.5
      vertex 101.5 15.8 2.5
    endloop
  endfacet
  facet normal -0.635851 0.771812 0
    outer loop
      vertex 102.207 14.0929 2.5
      vertex 102.056 13.9685 5.5
      vertex 102.207 14.0929 5.5
    endloop
  endfacet
  facet normal -0.635851 0.771812 0
    outer loop
      vertex 102.056 13.9685 5.5
      vertex 102.207 14.0929 2.5
      vertex 102.056 13.9685 2.5
    endloop
  endfacet
  facet normal -0.471117 0.882071 0
    outer loop
      vertex 102.056 13.9685 2.5
      vertex 101.883 13.8761 5.5
      vertex 102.056 13.9685 5.5
    endloop
  endfacet
  facet normal -0.471117 0.882071 0
    outer loop
      vertex 101.883 13.8761 5.5
      vertex 102.056 13.9685 2.5
      vertex 101.883 13.8761 2.5
    endloop
  endfacet
  facet normal 0.635851 0.771812 -0
    outer loop
      vertex 100.944 13.9685 2.5
      vertex 100.793 14.0929 5.5
      vertex 100.944 13.9685 5.5
    endloop
  endfacet
  facet normal 0.635851 0.771812 0
    outer loop
      vertex 100.793 14.0929 5.5
      vertex 100.944 13.9685 2.5
      vertex 100.793 14.0929 2.5
    endloop
  endfacet
  facet normal -0.773843 0.633377 0
    outer loop
      vertex 102.207 14.0929 2.5
      vertex 102.331 14.2444 5.5
      vertex 102.331 14.2444 2.5
    endloop
  endfacet
  facet normal -0.773843 0.633377 0
    outer loop
      vertex 102.331 14.2444 5.5
      vertex 102.207 14.0929 2.5
      vertex 102.207 14.0929 5.5
    endloop
  endfacet
  facet normal -0.995291 0.0969274 0
    outer loop
      vertex 102.481 14.6049 2.5
      vertex 102.5 14.8 5.5
      vertex 102.5 14.8 2.5
    endloop
  endfacet
  facet normal -0.995291 0.0969274 0
    outer loop
      vertex 102.5 14.8 5.5
      vertex 102.481 14.6049 2.5
      vertex 102.481 14.6049 5.5
    endloop
  endfacet
  facet normal -0.95681 0.290715 0
    outer loop
      vertex 102.424 14.4173 2.5
      vertex 102.481 14.6049 5.5
      vertex 102.481 14.6049 2.5
    endloop
  endfacet
  facet normal -0.95681 0.290715 0
    outer loop
      vertex 102.481 14.6049 5.5
      vertex 102.424 14.4173 2.5
      vertex 102.424 14.4173 5.5
    endloop
  endfacet
  facet normal 0.471117 -0.882071 0
    outer loop
      vertex 100.944 15.6315 2.5
      vertex 101.117 15.7239 5.5
      vertex 100.944 15.6315 5.5
    endloop
  endfacet
  facet normal 0.471117 -0.882071 0
    outer loop
      vertex 101.117 15.7239 5.5
      vertex 100.944 15.6315 2.5
      vertex 101.117 15.7239 2.5
    endloop
  endfacet
  facet normal -0.471117 -0.882071 0
    outer loop
      vertex 101.883 15.7239 2.5
      vertex 102.056 15.6315 5.5
      vertex 101.883 15.7239 5.5
    endloop
  endfacet
  facet normal -0.471117 -0.882071 -0
    outer loop
      vertex 102.056 15.6315 5.5
      vertex 101.883 15.7239 2.5
      vertex 102.056 15.6315 2.5
    endloop
  endfacet
  facet normal 0.95681 -0.290715 0
    outer loop
      vertex 100.519 14.9951 5.5
      vertex 100.576 15.1827 2.5
      vertex 100.576 15.1827 5.5
    endloop
  endfacet
  facet normal 0.95681 -0.290715 0
    outer loop
      vertex 100.576 15.1827 2.5
      vertex 100.519 14.9951 5.5
      vertex 100.519 14.9951 2.5
    endloop
  endfacet
  facet normal -0.0979877 0.995188 0
    outer loop
      vertex 101.695 13.8192 2.5
      vertex 101.5 13.8 5.5
      vertex 101.695 13.8192 5.5
    endloop
  endfacet
  facet normal -0.0979877 0.995188 0
    outer loop
      vertex 101.5 13.8 5.5
      vertex 101.695 13.8192 2.5
      vertex 101.5 13.8 2.5
    endloop
  endfacet
  facet normal 0.880684 -0.473705 0
    outer loop
      vertex 100.576 15.1827 5.5
      vertex 100.669 15.3556 2.5
      vertex 100.669 15.3556 5.5
    endloop
  endfacet
  facet normal 0.880684 -0.473705 0
    outer loop
      vertex 100.669 15.3556 2.5
      vertex 100.576 15.1827 5.5
      vertex 100.576 15.1827 2.5
    endloop
  endfacet
  facet normal 0.95681 0.290715 0
    outer loop
      vertex 100.576 14.4173 5.5
      vertex 100.519 14.6049 2.5
      vertex 100.519 14.6049 5.5
    endloop
  endfacet
  facet normal 0.95681 0.290715 0
    outer loop
      vertex 100.519 14.6049 2.5
      vertex 100.576 14.4173 5.5
      vertex 100.576 14.4173 2.5
    endloop
  endfacet
  facet normal 0.995291 0.0969274 0
    outer loop
      vertex 100.519 14.6049 5.5
      vertex 100.5 14.8 2.5
      vertex 100.5 14.8 5.5
    endloop
  endfacet
  facet normal 0.995291 0.0969274 0
    outer loop
      vertex 100.5 14.8 2.5
      vertex 100.519 14.6049 5.5
      vertex 100.519 14.6049 2.5
    endloop
  endfacet
  facet normal 0.773843 0.633377 0
    outer loop
      vertex 100.793 14.0929 5.5
      vertex 100.669 14.2444 2.5
      vertex 100.669 14.2444 5.5
    endloop
  endfacet
  facet normal 0.773843 0.633377 0
    outer loop
      vertex 100.669 14.2444 2.5
      vertex 100.793 14.0929 5.5
      vertex 100.793 14.0929 2.5
    endloop
  endfacet
  facet normal 0.471117 0.882071 -0
    outer loop
      vertex 101.117 13.8761 2.5
      vertex 100.944 13.9685 5.5
      vertex 101.117 13.8761 5.5
    endloop
  endfacet
  facet normal 0.471117 0.882071 0
    outer loop
      vertex 100.944 13.9685 5.5
      vertex 101.117 13.8761 2.5
      vertex 100.944 13.9685 2.5
    endloop
  endfacet
  facet normal 0.995291 -0.0969274 0
    outer loop
      vertex 100.5 14.8 5.5
      vertex 100.519 14.9951 2.5
      vertex 100.519 14.9951 5.5
    endloop
  endfacet
  facet normal 0.995291 -0.0969274 0
    outer loop
      vertex 100.519 14.9951 2.5
      vertex 100.5 14.8 5.5
      vertex 100.5 14.8 2.5
    endloop
  endfacet
  facet normal 0.0979877 0.995188 -0
    outer loop
      vertex 101.5 13.8 2.5
      vertex 101.305 13.8192 5.5
      vertex 101.5 13.8 5.5
    endloop
  endfacet
  facet normal 0.0979877 0.995188 0
    outer loop
      vertex 101.305 13.8192 5.5
      vertex 101.5 13.8 2.5
      vertex 101.305 13.8192 2.5
    endloop
  endfacet
  facet normal 0.289682 0.957123 -0
    outer loop
      vertex 101.305 13.8192 2.5
      vertex 101.117 13.8761 5.5
      vertex 101.305 13.8192 5.5
    endloop
  endfacet
  facet normal 0.289682 0.957123 0
    outer loop
      vertex 101.117 13.8761 5.5
      vertex 101.305 13.8192 2.5
      vertex 101.117 13.8761 2.5
    endloop
  endfacet
  facet normal -0.471329 0.881957 0
    outer loop
      vertex 100.352 66.5716 2.5
      vertex 99.8333 66.2944 5.5
      vertex 100.352 66.5716 5.5
    endloop
  endfacet
  facet normal -0.471329 0.881957 0
    outer loop
      vertex 99.8333 66.2944 5.5
      vertex 100.352 66.5716 2.5
      vertex 99.8333 66.2944 2.5
    endloop
  endfacet
  facet normal 0.471117 0.882071 -0
    outer loop
      vertex 103.167 66.2944 2.5
      vertex 102.648 66.5716 5.5
      vertex 103.167 66.2944 5.5
    endloop
  endfacet
  facet normal 0.471117 0.882071 0
    outer loop
      vertex 102.648 66.5716 5.5
      vertex 103.167 66.2944 2.5
      vertex 102.648 66.5716 2.5
    endloop
  endfacet
  facet normal 0.957282 0.289158 0
    outer loop
      vertex 104.442 64.3853 5.5
      vertex 104.272 64.9481 2.5
      vertex 104.272 64.9481 5.5
    endloop
  endfacet
  facet normal 0.957282 0.289158 0
    outer loop
      vertex 104.272 64.9481 2.5
      vertex 104.442 64.3853 5.5
      vertex 104.442 64.3853 2.5
    endloop
  endfacet
  facet normal 0.995126 0.0986115 0
    outer loop
      vertex 104.5 63.8 5.5
      vertex 104.442 64.3853 2.5
      vertex 104.442 64.3853 5.5
    endloop
  endfacet
  facet normal 0.995126 0.0986115 0
    outer loop
      vertex 104.442 64.3853 2.5
      vertex 104.5 63.8 5.5
      vertex 104.5 63.8 2.5
    endloop
  endfacet
  facet normal 0.881354 0.472457 0
    outer loop
      vertex 104.272 64.9481 5.5
      vertex 103.994 65.4667 2.5
      vertex 103.994 65.4667 5.5
    endloop
  endfacet
  facet normal 0.881354 0.472457 0
    outer loop
      vertex 103.994 65.4667 2.5
      vertex 104.272 64.9481 5.5
      vertex 104.272 64.9481 2.5
    endloop
  endfacet
  facet normal 0.0979877 0.995188 -0
    outer loop
      vertex 102.085 66.7424 2.5
      vertex 101.5 66.8 5.5
      vertex 102.085 66.7424 5.5
    endloop
  endfacet
  facet normal 0.0979877 0.995188 0
    outer loop
      vertex 101.5 66.8 5.5
      vertex 102.085 66.7424 2.5
      vertex 101.5 66.8 2.5
    endloop
  endfacet
  facet normal 0.0979877 -0.995188 0
    outer loop
      vertex 101.5 60.8 2.5
      vertex 102.085 60.8576 5.5
      vertex 101.5 60.8 5.5
    endloop
  endfacet
  facet normal 0.0979877 -0.995188 0
    outer loop
      vertex 102.085 60.8576 5.5
      vertex 101.5 60.8 2.5
      vertex 102.085 60.8576 2.5
    endloop
  endfacet
  facet normal 0.290309 0.956933 -0
    outer loop
      vertex 102.648 66.5716 2.5
      vertex 102.085 66.7424 5.5
      vertex 102.648 66.5716 5.5
    endloop
  endfacet
  facet normal 0.290309 0.956933 0
    outer loop
      vertex 102.085 66.7424 5.5
      vertex 102.648 66.5716 2.5
      vertex 102.085 66.7424 2.5
    endloop
  endfacet
  facet normal 0.634914 0.772583 -0
    outer loop
      vertex 103.621 65.9213 2.5
      vertex 103.167 66.2944 5.5
      vertex 103.621 65.9213 5.5
    endloop
  endfacet
  facet normal 0.634914 0.772583 0
    outer loop
      vertex 103.167 66.2944 5.5
      vertex 103.621 65.9213 2.5
      vertex 103.167 66.2944 2.5
    endloop
  endfacet
  facet normal 0.773078 -0.634311 0
    outer loop
      vertex 103.621 61.6787 5.5
      vertex 103.994 62.1333 2.5
      vertex 103.994 62.1333 5.5
    endloop
  endfacet
  facet normal 0.773078 -0.634311 0
    outer loop
      vertex 103.994 62.1333 2.5
      vertex 103.621 61.6787 5.5
      vertex 103.621 61.6787 2.5
    endloop
  endfacet
  facet normal -0.634413 0.772994 0
    outer loop
      vertex 99.8333 66.2944 2.5
      vertex 99.3787 65.9213 5.5
      vertex 99.8333 66.2944 5.5
    endloop
  endfacet
  facet normal -0.634413 0.772994 0
    outer loop
      vertex 99.3787 65.9213 5.5
      vertex 99.8333 66.2944 2.5
      vertex 99.3787 65.9213 2.5
    endloop
  endfacet
  facet normal 0.471117 -0.882071 0
    outer loop
      vertex 102.648 61.0284 2.5
      vertex 103.167 61.3056 5.5
      vertex 102.648 61.0284 5.5
    endloop
  endfacet
  facet normal 0.471117 -0.882071 0
    outer loop
      vertex 103.167 61.3056 5.5
      vertex 102.648 61.0284 2.5
      vertex 103.167 61.3056 2.5
    endloop
  endfacet
  facet normal -0.881957 -0.471329 0
    outer loop
      vertex 99.0056 62.1333 2.5
      vertex 98.7284 62.652 5.5
      vertex 98.7284 62.652 2.5
    endloop
  endfacet
  facet normal -0.881957 -0.471329 0
    outer loop
      vertex 98.7284 62.652 5.5
      vertex 99.0056 62.1333 2.5
      vertex 99.0056 62.1333 5.5
    endloop
  endfacet
  facet normal 0.995126 -0.0986115 0
    outer loop
      vertex 104.442 63.2147 5.5
      vertex 104.5 63.8 2.5
      vertex 104.5 63.8 5.5
    endloop
  endfacet
  facet normal 0.995126 -0.0986115 0
    outer loop
      vertex 104.5 63.8 2.5
      vertex 104.442 63.2147 5.5
      vertex 104.442 63.2147 2.5
    endloop
  endfacet
  facet normal -0.471329 -0.881957 0
    outer loop
      vertex 99.8333 61.3056 2.5
      vertex 100.352 61.0284 5.5
      vertex 99.8333 61.3056 5.5
    endloop
  endfacet
  facet normal -0.471329 -0.881957 -0
    outer loop
      vertex 100.352 61.0284 5.5
      vertex 99.8333 61.3056 2.5
      vertex 100.352 61.0284 2.5
    endloop
  endfacet
  facet normal -0.290309 0.956933 0
    outer loop
      vertex 100.915 66.7424 2.5
      vertex 100.352 66.5716 5.5
      vertex 100.915 66.7424 5.5
    endloop
  endfacet
  facet normal -0.290309 0.956933 0
    outer loop
      vertex 100.352 66.5716 5.5
      vertex 100.915 66.7424 2.5
      vertex 100.352 66.5716 2.5
    endloop
  endfacet
  facet normal -0.0979877 -0.995188 0
    outer loop
      vertex 100.915 60.8576 2.5
      vertex 101.5 60.8 5.5
      vertex 100.915 60.8576 5.5
    endloop
  endfacet
  facet normal -0.0979877 -0.995188 -0
    outer loop
      vertex 101.5 60.8 5.5
      vertex 100.915 60.8576 2.5
      vertex 101.5 60.8 2.5
    endloop
  endfacet
  facet normal -0.881919 0.4714 0
    outer loop
      vertex 98.7284 64.9481 2.5
      vertex 99.0056 65.4667 5.5
      vertex 99.0056 65.4667 2.5
    endloop
  endfacet
  facet normal -0.881919 0.4714 0
    outer loop
      vertex 99.0056 65.4667 5.5
      vertex 98.7284 64.9481 2.5
      vertex 98.7284 64.9481 5.5
    endloop
  endfacet
  facet normal 0.290309 -0.956933 0
    outer loop
      vertex 102.085 60.8576 2.5
      vertex 102.648 61.0284 5.5
      vertex 102.085 60.8576 5.5
    endloop
  endfacet
  facet normal 0.290309 -0.956933 0
    outer loop
      vertex 102.648 61.0284 5.5
      vertex 102.085 60.8576 2.5
      vertex 102.648 61.0284 2.5
    endloop
  endfacet
  facet normal 0 0 1
    outer loop
      vertex 102.5 63.8 5.5
      vertex 104.5 63.8 5.5
      vertex 104.442 64.3853 5.5
    endloop
  endfacet
  facet normal 0 0 1
    outer loop
      vertex 102.481 63.9951 5.5
      vertex 104.442 64.3853 5.5
      vertex 104.272 64.9481 5.5
    endloop
  endfacet
  facet normal 0 0 1
    outer loop
      vertex 104.5 63.8 5.5
      vertex 102.5 63.8 5.5
      vertex 104.442 63.2147 5.5
    endloop
  endfacet
  facet normal 0 0 1
    outer loop
      vertex 102.424 64.1827 5.5
      vertex 104.272 64.9481 5.5
      vertex 103.994 65.4667 5.5
    endloop
  endfacet
  facet normal -0 0 1
    outer loop
      vertex 102.481 63.6049 5.5
      vertex 104.442 63.2147 5.5
      vertex 102.5 63.8 5.5
    endloop
  endfacet
  facet normal 0 0 1
    outer loop
      vertex 102.331 64.3556 5.5
      vertex 103.994 65.4667 5.5
      vertex 103.621 65.9213 5.5
    endloop
  endfacet
  facet normal 0 0 1
    outer loop
      vertex 104.442 63.2147 5.5
      vertex 102.481 63.6049 5.5
      vertex 104.272 62.652 5.5
    endloop
  endfacet
  facet normal 0 0 1
    outer loop
      vertex 102.207 64.5071 5.5
      vertex 103.621 65.9213 5.5
      vertex 103.167 66.2944 5.5
    endloop
  endfacet
  facet normal -0 0 1
    outer loop
      vertex 102.424 63.4173 5.5
      vertex 104.272 62.652 5.5
      vertex 102.481 63.6049 5.5
    endloop
  endfacet
  facet normal 0 0 1
    outer loop
      vertex 102.056 64.6315 5.5
      vertex 103.167 66.2944 5.5
      vertex 102.648 66.5716 5.5
    endloop
  endfacet
  facet normal 0 0 1
    outer loop
      vertex 104.272 62.652 5.5
      vertex 102.424 63.4173 5.5
      vertex 103.994 62.1333 5.5
    endloop
  endfacet
  facet normal -0 0 1
    outer loop
      vertex 102.331 63.2444 5.5
      vertex 103.994 62.1333 5.5
      vertex 102.424 63.4173 5.5
    endloop
  endfacet
  facet normal 0 0 1
    outer loop
      vertex 104.442 64.3853 5.5
      vertex 102.481 63.9951 5.5
      vertex 102.5 63.8 5.5
    endloop
  endfacet
  facet normal 0 0 1
    outer loop
      vertex 104.272 64.9481 5.5
      vertex 102.424 64.1827 5.5
      vertex 102.481 63.9951 5.5
    endloop
  endfacet
  facet normal 0 0 1
    outer loop
      vertex 103.994 65.4667 5.5
      vertex 102.331 64.3556 5.5
      vertex 102.424 64.1827 5.5
    endloop
  endfacet
  facet normal 0 0 1
    outer loop
      vertex 103.621 65.9213 5.5
      vertex 102.207 64.5071 5.5
      vertex 102.331 64.3556 5.5
    endloop
  endfacet
  facet normal 0 0 1
    outer loop
      vertex 101.883 64.7239 5.5
      vertex 102.648 66.5716 5.5
      vertex 102.085 66.7424 5.5
    endloop
  endfacet
  facet normal 0 0 1
    outer loop
      vertex 103.167 66.2944 5.5
      vertex 102.056 64.6315 5.5
      vertex 102.207 64.5071 5.5
    endloop
  endfacet
  facet normal 0 0 1
    outer loop
      vertex 102.648 66.5716 5.5
      vertex 101.883 64.7239 5.5
      vertex 102.056 64.6315 5.5
    endloop
  endfacet
  facet normal 0 0 1
    outer loop
      vertex 102.085 66.7424 5.5
      vertex 101.695 64.7808 5.5
      vertex 101.883 64.7239 5.5
    endloop
  endfacet
  facet normal 0 0 1
    outer loop
      vertex 101.5 66.8 5.5
      vertex 101.695 64.7808 5.5
      vertex 102.085 66.7424 5.5
    endloop
  endfacet
  facet normal 0 0 1
    outer loop
      vertex 101.5 66.8 5.5
      vertex 101.5 64.8 5.5
      vertex 101.695 64.7808 5.5
    endloop
  endfacet
  facet normal 0 0 1
    outer loop
      vertex 101.5 66.8 5.5
      vertex 101.305 64.7808 5.5
      vertex 101.5 64.8 5.5
    endloop
  endfacet
  facet normal -0 0 1
    outer loop
      vertex 100.915 66.7424 5.5
      vertex 101.305 64.7808 5.5
      vertex 101.5 66.8 5.5
    endloop
  endfacet
  facet normal 0 0 1
    outer loop
      vertex 101.305 64.7808 5.5
      vertex 100.915 66.7424 5.5
      vertex 101.117 64.7239 5.5
    endloop
  endfacet
  facet normal -0 0 1
    outer loop
      vertex 100.352 66.5716 5.5
      vertex 101.117 64.7239 5.5
      vertex 100.915 66.7424 5.5
    endloop
  endfacet
  facet normal 0 0 1
    outer loop
      vertex 101.117 64.7239 5.5
      vertex 100.352 66.5716 5.5
      vertex 100.944 64.6315 5.5
    endloop
  endfacet
  facet normal -0 0 1
    outer loop
      vertex 99.8333 66.2944 5.5
      vertex 100.944 64.6315 5.5
      vertex 100.352 66.5716 5.5
    endloop
  endfacet
  facet normal 0 0 1
    outer loop
      vertex 100.944 64.6315 5.5
      vertex 99.8333 66.2944 5.5
      vertex 100.793 64.5071 5.5
    endloop
  endfacet
  facet normal -0 0 1
    outer loop
      vertex 99.3787 65.9213 5.5
      vertex 100.793 64.5071 5.5
      vertex 99.8333 66.2944 5.5
    endloop
  endfacet
  facet normal -0 0 1
    outer loop
      vertex 99.0056 65.4667 5.5
      vertex 100.669 64.3556 5.5
      vertex 99.3787 65.9213 5.5
    endloop
  endfacet
  facet normal 0 0 1
    outer loop
      vertex 100.793 64.5071 5.5
      vertex 99.3787 65.9213 5.5
      vertex 100.669 64.3556 5.5
    endloop
  endfacet
  facet normal 0 0 1
    outer loop
      vertex 103.994 62.1333 5.5
      vertex 102.331 63.2444 5.5
      vertex 103.621 61.6787 5.5
    endloop
  endfacet
  facet normal -0 0 1
    outer loop
      vertex 102.207 63.0929 5.5
      vertex 103.621 61.6787 5.5
      vertex 102.331 63.2444 5.5
    endloop
  endfacet
  facet normal 0 0 1
    outer loop
      vertex 103.621 61.6787 5.5
      vertex 102.207 63.0929 5.5
      vertex 103.167 61.3056 5.5
    endloop
  endfacet
  facet normal -0 0 1
    outer loop
      vertex 102.056 62.9685 5.5
      vertex 103.167 61.3056 5.5
      vertex 102.207 63.0929 5.5
    endloop
  endfacet
  facet normal 0 0 1
    outer loop
      vertex 103.167 61.3056 5.5
      vertex 102.056 62.9685 5.5
      vertex 102.648 61.0284 5.5
    endloop
  endfacet
  facet normal -0 0 1
    outer loop
      vertex 101.883 62.8761 5.5
      vertex 102.648 61.0284 5.5
      vertex 102.056 62.9685 5.5
    endloop
  endfacet
  facet normal 0 0 1
    outer loop
      vertex 102.648 61.0284 5.5
      vertex 101.883 62.8761 5.5
      vertex 102.085 60.8576 5.5
    endloop
  endfacet
  facet normal -0 0 1
    outer loop
      vertex 101.695 62.8192 5.5
      vertex 102.085 60.8576 5.5
      vertex 101.883 62.8761 5.5
    endloop
  endfacet
  facet normal -0 0 1
    outer loop
      vertex 101.5 62.8 5.5
      vertex 102.085 60.8576 5.5
      vertex 101.695 62.8192 5.5
    endloop
  endfacet
  facet normal 0 0 1
    outer loop
      vertex 101.5 62.8 5.5
      vertex 101.5 60.8 5.5
      vertex 102.085 60.8576 5.5
    endloop
  endfacet
  facet normal 0 0 1
    outer loop
      vertex 101.305 62.8192 5.5
      vertex 101.5 60.8 5.5
      vertex 101.5 62.8 5.5
    endloop
  endfacet
  facet normal 0 0 1
    outer loop
      vertex 100.915 60.8576 5.5
      vertex 101.305 62.8192 5.5
      vertex 101.117 62.8761 5.5
    endloop
  endfacet
  facet normal 0 0 1
    outer loop
      vertex 100.352 61.0284 5.5
      vertex 101.117 62.8761 5.5
      vertex 100.944 62.9685 5.5
    endloop
  endfacet
  facet normal 0 0 1
    outer loop
      vertex 101.305 62.8192 5.5
      vertex 100.915 60.8576 5.5
      vertex 101.5 60.8 5.5
    endloop
  endfacet
  facet normal 0 0 1
    outer loop
      vertex 99.8333 61.3056 5.5
      vertex 100.944 62.9685 5.5
      vertex 100.793 63.0929 5.5
    endloop
  endfacet
  facet normal 0 0 1
    outer loop
      vertex 99.3787 61.6787 5.5
      vertex 100.793 63.0929 5.5
      vertex 100.669 63.2444 5.5
    endloop
  endfacet
  facet normal 0 0 1
    outer loop
      vertex 99.0056 62.1333 5.5
      vertex 100.669 63.2444 5.5
      vertex 100.576 63.4173 5.5
    endloop
  endfacet
  facet normal 0 0 1
    outer loop
      vertex 98.7284 62.652 5.5
      vertex 100.576 63.4173 5.5
      vertex 100.519 63.6049 5.5
    endloop
  endfacet
  facet normal 0 0 1
    outer loop
      vertex 101.117 62.8761 5.5
      vertex 100.352 61.0284 5.5
      vertex 100.915 60.8576 5.5
    endloop
  endfacet
  facet normal 0 0 1
    outer loop
      vertex 98.5576 63.2147 5.5
      vertex 100.519 63.6049 5.5
      vertex 100.5 63.8 5.5
    endloop
  endfacet
  facet normal 0 0 1
    outer loop
      vertex 100.669 64.3556 5.5
      vertex 99.0056 65.4667 5.5
      vertex 100.576 64.1827 5.5
    endloop
  endfacet
  facet normal -0 0 1
    outer loop
      vertex 98.7284 64.9481 5.5
      vertex 100.576 64.1827 5.5
      vertex 99.0056 65.4667 5.5
    endloop
  endfacet
  facet normal 0 0 1
    outer loop
      vertex 100.944 62.9685 5.5
      vertex 99.8333 61.3056 5.5
      vertex 100.352 61.0284 5.5
    endloop
  endfacet
  facet normal 0 0 1
    outer loop
      vertex 100.576 64.1827 5.5
      vertex 98.7284 64.9481 5.5
      vertex 100.519 63.9951 5.5
    endloop
  endfacet
  facet normal 0 0 1
    outer loop
      vertex 100.793 63.0929 5.5
      vertex 99.3787 61.6787 5.5
      vertex 99.8333 61.3056 5.5
    endloop
  endfacet
  facet normal -0 0 1
    outer loop
      vertex 98.5576 64.3853 5.5
      vertex 100.519 63.9951 5.5
      vertex 98.7284 64.9481 5.5
    endloop
  endfacet
  facet normal 0 0 1
    outer loop
      vertex 100.669 63.2444 5.5
      vertex 99.0056 62.1333 5.5
      vertex 99.3787 61.6787 5.5
    endloop
  endfacet
  facet normal 0 0 1
    outer loop
      vertex 100.519 63.9951 5.5
      vertex 98.5576 64.3853 5.5
      vertex 100.5 63.8 5.5
    endloop
  endfacet
  facet normal 0 0 1
    outer loop
      vertex 100.576 63.4173 5.5
      vertex 98.7284 62.652 5.5
      vertex 99.0056 62.1333 5.5
    endloop
  endfacet
  facet normal 0 0 1
    outer loop
      vertex 98.5 63.8 5.5
      vertex 100.5 63.8 5.5
      vertex 98.5576 64.3853 5.5
    endloop
  endfacet
  facet normal 0 0 1
    outer loop
      vertex 100.519 63.6049 5.5
      vertex 98.5576 63.2147 5.5
      vertex 98.7284 62.652 5.5
    endloop
  endfacet
  facet normal 0 0 1
    outer loop
      vertex 100.5 63.8 5.5
      vertex 98.5 63.8 5.5
      vertex 98.5576 63.2147 5.5
    endloop
  endfacet
  facet normal -0.290309 -0.956933 0
    outer loop
      vertex 100.352 61.0284 2.5
      vertex 100.915 60.8576 5.5
      vertex 100.352 61.0284 5.5
    endloop
  endfacet
  facet normal -0.290309 -0.956933 -0
    outer loop
      vertex 100.915 60.8576 5.5
      vertex 100.352 61.0284 2.5
      vertex 100.915 60.8576 2.5
    endloop
  endfacet
  facet normal 0.957267 -0.289205 0
    outer loop
      vertex 104.272 62.652 5.5
      vertex 104.442 63.2147 2.5
      vertex 104.442 63.2147 5.5
    endloop
  endfacet
  facet normal 0.957267 -0.289205 0
    outer loop
      vertex 104.442 63.2147 2.5
      vertex 104.272 62.652 5.5
      vertex 104.272 62.652 2.5
    endloop
  endfacet
  facet normal 0.773078 0.634311 0
    outer loop
      vertex 103.994 65.4667 5.5
      vertex 103.621 65.9213 2.5
      vertex 103.621 65.9213 5.5
    endloop
  endfacet
  facet normal 0.773078 0.634311 0
    outer loop
      vertex 103.621 65.9213 2.5
      vertex 103.994 65.4667 5.5
      vertex 103.994 65.4667 2.5
    endloop
  endfacet
  facet normal 0.634914 -0.772583 0
    outer loop
      vertex 103.167 61.3056 2.5
      vertex 103.621 61.6787 5.5
      vertex 103.167 61.3056 5.5
    endloop
  endfacet
  facet normal 0.634914 -0.772583 0
    outer loop
      vertex 103.621 61.6787 5.5
      vertex 103.167 61.3056 2.5
      vertex 103.621 61.6787 2.5
    endloop
  endfacet
  facet normal -0.634413 -0.772994 0
    outer loop
      vertex 99.3787 61.6787 2.5
      vertex 99.8333 61.3056 5.5
      vertex 99.3787 61.6787 5.5
    endloop
  endfacet
  facet normal -0.634413 -0.772994 -0
    outer loop
      vertex 99.8333 61.3056 5.5
      vertex 99.3787 61.6787 2.5
      vertex 99.8333 61.3056 2.5
    endloop
  endfacet
  facet normal -0.0979877 0.995188 0
    outer loop
      vertex 101.5 66.8 2.5
      vertex 100.915 66.7424 5.5
      vertex 101.5 66.8 5.5
    endloop
  endfacet
  facet normal -0.0979877 0.995188 0
    outer loop
      vertex 100.915 66.7424 5.5
      vertex 101.5 66.8 2.5
      vertex 100.915 66.7424 2.5
    endloop
  endfacet
  facet normal 0.881392 -0.472386 0
    outer loop
      vertex 103.994 62.1333 5.5
      vertex 104.272 62.652 2.5
      vertex 104.272 62.652 5.5
    endloop
  endfacet
  facet normal 0.881392 -0.472386 0
    outer loop
      vertex 104.272 62.652 2.5
      vertex 103.994 62.1333 5.5
      vertex 103.994 62.1333 2.5
    endloop
  endfacet
  facet normal -0.95689 -0.290451 0
    outer loop
      vertex 98.7284 62.652 2.5
      vertex 98.5576 63.2147 5.5
      vertex 98.5576 63.2147 2.5
    endloop
  endfacet
  facet normal -0.95689 -0.290451 0
    outer loop
      vertex 98.5576 63.2147 5.5
      vertex 98.7284 62.652 2.5
      vertex 98.7284 62.652 5.5
    endloop
  endfacet
  facet normal -0.995193 -0.097938 0
    outer loop
      vertex 98.5576 63.2147 2.5
      vertex 98.5 63.8 5.5
      vertex 98.5 63.8 2.5
    endloop
  endfacet
  facet normal -0.995193 -0.097938 0
    outer loop
      vertex 98.5 63.8 5.5
      vertex 98.5576 63.2147 2.5
      vertex 98.5576 63.2147 5.5
    endloop
  endfacet
  facet normal -0.772994 -0.634413 0
    outer loop
      vertex 99.3787 61.6787 2.5
      vertex 99.0056 62.1333 5.5
      vertex 99.0056 62.1333 2.5
    endloop
  endfacet
  facet normal -0.772994 -0.634413 0
    outer loop
      vertex 99.0056 62.1333 5.5
      vertex 99.3787 61.6787 2.5
      vertex 99.3787 61.6787 5.5
    endloop
  endfacet
  facet normal -0.772994 0.634413 0
    outer loop
      vertex 99.0056 65.4667 2.5
      vertex 99.3787 65.9213 5.5
      vertex 99.3787 65.9213 2.5
    endloop
  endfacet
  facet normal -0.772994 0.634413 0
    outer loop
      vertex 99.3787 65.9213 5.5
      vertex 99.0056 65.4667 2.5
      vertex 99.0056 65.4667 5.5
    endloop
  endfacet
  facet normal -0.956904 0.290404 0
    outer loop
      vertex 98.5576 64.3853 2.5
      vertex 98.7284 64.9481 5.5
      vertex 98.7284 64.9481 2.5
    endloop
  endfacet
  facet normal -0.956904 0.290404 0
    outer loop
      vertex 98.7284 64.9481 5.5
      vertex 98.5576 64.3853 2.5
      vertex 98.5576 64.3853 5.5
    endloop
  endfacet
  facet normal -0.995193 0.097938 0
    outer loop
      vertex 98.5 63.8 2.5
      vertex 98.5576 64.3853 5.5
      vertex 98.5576 64.3853 2.5
    endloop
  endfacet
  facet normal -0.995193 0.097938 0
    outer loop
      vertex 98.5576 64.3853 5.5
      vertex 98.5 63.8 2.5
      vertex 98.5 63.8 5.5
    endloop
  endfacet
  facet normal -0.95681 -0.290715 0
    outer loop
      vertex 102.481 63.9951 2.5
      vertex 102.424 64.1827 5.5
      vertex 102.424 64.1827 2.5
    endloop
  endfacet
  facet normal -0.95681 -0.290715 0
    outer loop
      vertex 102.424 64.1827 5.5
      vertex 102.481 63.9951 2.5
      vertex 102.481 63.9951 5.5
    endloop
  endfacet
  facet normal -0.995291 -0.0969274 0
    outer loop
      vertex 102.5 63.8 2.5
      vertex 102.481 63.9951 5.5
      vertex 102.481 63.9951 2.5
    endloop
  endfacet
  facet normal -0.995291 -0.0969274 0
    outer loop
      vertex 102.481 63.9951 5.5
      vertex 102.5 63.8 2.5
      vertex 102.5 63.8 5.5
    endloop
  endfacet
  facet normal -0.880684 -0.473705 0
    outer loop
      vertex 102.424 64.1827 2.5
      vertex 102.331 64.3556 5.5
      vertex 102.331 64.3556 2.5
    endloop
  endfacet
  facet normal -0.880684 -0.473705 0
    outer loop
      vertex 102.331 64.3556 5.5
      vertex 102.424 64.1827 2.5
      vertex 102.424 64.1827 5.5
    endloop
  endfacet
  facet normal 0.635851 -0.771812 0
    outer loop
      vertex 100.793 64.5071 2.5
      vertex 100.944 64.6315 5.5
      vertex 100.793 64.5071 5.5
    endloop
  endfacet
  facet normal 0.635851 -0.771812 0
    outer loop
      vertex 100.944 64.6315 5.5
      vertex 100.793 64.5071 2.5
      vertex 100.944 64.6315 2.5
    endloop
  endfacet
  facet normal -0.289682 -0.957123 0
    outer loop
      vertex 101.695 64.7808 2.5
      vertex 101.883 64.7239 5.5
      vertex 101.695 64.7808 5.5
    endloop
  endfacet
  facet normal -0.289682 -0.957123 -0
    outer loop
      vertex 101.883 64.7239 5.5
      vertex 101.695 64.7808 2.5
      vertex 101.883 64.7239 2.5
    endloop
  endfacet
  facet normal -0.773843 -0.633377 0
    outer loop
      vertex 102.331 64.3556 2.5
      vertex 102.207 64.5071 5.5
      vertex 102.207 64.5071 2.5
    endloop
  endfacet
  facet normal -0.773843 -0.633377 0
    outer loop
      vertex 102.207 64.5071 5.5
      vertex 102.331 64.3556 2.5
      vertex 102.331 64.3556 5.5
    endloop
  endfacet
  facet normal 0.773843 -0.633377 0
    outer loop
      vertex 100.669 64.3556 5.5
      vertex 100.793 64.5071 2.5
      vertex 100.793 64.5071 5.5
    endloop
  endfacet
  facet normal 0.773843 -0.633377 0
    outer loop
      vertex 100.793 64.5071 2.5
      vertex 100.669 64.3556 5.5
      vertex 100.669 64.3556 2.5
    endloop
  endfacet
  facet normal 0.880684 0.473705 0
    outer loop
      vertex 100.669 63.2444 5.5
      vertex 100.576 63.4173 2.5
      vertex 100.576 63.4173 5.5
    endloop
  endfacet
  facet normal 0.880684 0.473705 0
    outer loop
      vertex 100.576 63.4173 2.5
      vertex 100.669 63.2444 5.5
      vertex 100.669 63.2444 2.5
    endloop
  endfacet
  facet normal -0.880684 0.473705 0
    outer loop
      vertex 102.331 63.2444 2.5
      vertex 102.424 63.4173 5.5
      vertex 102.424 63.4173 2.5
    endloop
  endfacet
  facet normal -0.880684 0.473705 0
    outer loop
      vertex 102.424 63.4173 5.5
      vertex 102.331 63.2444 2.5
      vertex 102.331 63.2444 5.5
    endloop
  endfacet
  facet normal 0.289682 -0.957123 0
    outer loop
      vertex 101.117 64.7239 2.5
      vertex 101.305 64.7808 5.5
      vertex 101.117 64.7239 5.5
    endloop
  endfacet
  facet normal 0.289682 -0.957123 0
    outer loop
      vertex 101.305 64.7808 5.5
      vertex 101.117 64.7239 2.5
      vertex 101.305 64.7808 2.5
    endloop
  endfacet
  facet normal -0.289682 0.957123 0
    outer loop
      vertex 101.883 62.8761 2.5
      vertex 101.695 62.8192 5.5
      vertex 101.883 62.8761 5.5
    endloop
  endfacet
  facet normal -0.289682 0.957123 0
    outer loop
      vertex 101.695 62.8192 5.5
      vertex 101.883 62.8761 2.5
      vertex 101.695 62.8192 2.5
    endloop
  endfacet
  facet normal -0.0979877 -0.995188 0
    outer loop
      vertex 101.5 64.8 2.5
      vertex 101.695 64.7808 5.5
      vertex 101.5 64.8 5.5
    endloop
  endfacet
  facet normal -0.0979877 -0.995188 -0
    outer loop
      vertex 101.695 64.7808 5.5
      vertex 101.5 64.8 2.5
      vertex 101.695 64.7808 2.5
    endloop
  endfacet
  facet normal -0.635851 -0.771812 0
    outer loop
      vertex 102.056 64.6315 2.5
      vertex 102.207 64.5071 5.5
      vertex 102.056 64.6315 5.5
    endloop
  endfacet
  facet normal -0.635851 -0.771812 -0
    outer loop
      vertex 102.207 64.5071 5.5
      vertex 102.056 64.6315 2.5
      vertex 102.207 64.5071 2.5
    endloop
  endfacet
  facet normal 0.0979877 -0.995188 0
    outer loop
      vertex 101.305 64.7808 2.5
      vertex 101.5 64.8 5.5
      vertex 101.305 64.7808 5.5
    endloop
  endfacet
  facet normal 0.0979877 -0.995188 0
    outer loop
      vertex 101.5 64.8 5.5
      vertex 101.305 64.7808 2.5
      vertex 101.5 64.8 2.5
    endloop
  endfacet
  facet normal -0.635851 0.771812 0
    outer loop
      vertex 102.207 63.0929 2.5
      vertex 102.056 62.9685 5.5
      vertex 102.207 63.0929 5.5
    endloop
  endfacet
  facet normal -0.635851 0.771812 0
    outer loop
      vertex 102.056 62.9685 5.5
      vertex 102.207 63.0929 2.5
      vertex 102.056 62.9685 2.5
    endloop
  endfacet
  facet normal -0.471117 0.882071 0
    outer loop
      vertex 102.056 62.9685 2.5
      vertex 101.883 62.8761 5.5
      vertex 102.056 62.9685 5.5
    endloop
  endfacet
  facet normal -0.471117 0.882071 0
    outer loop
      vertex 101.883 62.8761 5.5
      vertex 102.056 62.9685 2.5
      vertex 101.883 62.8761 2.5
    endloop
  endfacet
  facet normal 0.635851 0.771812 -0
    outer loop
      vertex 100.944 62.9685 2.5
      vertex 100.793 63.0929 5.5
      vertex 100.944 62.9685 5.5
    endloop
  endfacet
  facet normal 0.635851 0.771812 0
    outer loop
      vertex 100.793 63.0929 5.5
      vertex 100.944 62.9685 2.5
      vertex 100.793 63.0929 2.5
    endloop
  endfacet
  facet normal -0.773843 0.633377 0
    outer loop
      vertex 102.207 63.0929 2.5
      vertex 102.331 63.2444 5.5
      vertex 102.331 63.2444 2.5
    endloop
  endfacet
  facet normal -0.773843 0.633377 0
    outer loop
      vertex 102.331 63.2444 5.5
      vertex 102.207 63.0929 2.5
      vertex 102.207 63.0929 5.5
    endloop
  endfacet
  facet normal -0.995291 0.0969274 0
    outer loop
      vertex 102.481 63.6049 2.5
      vertex 102.5 63.8 5.5
      vertex 102.5 63.8 2.5
    endloop
  endfacet
  facet normal -0.995291 0.0969274 0
    outer loop
      vertex 102.5 63.8 5.5
      vertex 102.481 63.6049 2.5
      vertex 102.481 63.6049 5.5
    endloop
  endfacet
  facet normal -0.95681 0.290715 0
    outer loop
      vertex 102.424 63.4173 2.5
      vertex 102.481 63.6049 5.5
      vertex 102.481 63.6049 2.5
    endloop
  endfacet
  facet normal -0.95681 0.290715 0
    outer loop
      vertex 102.481 63.6049 5.5
      vertex 102.424 63.4173 2.5
      vertex 102.424 63.4173 5.5
    endloop
  endfacet
  facet normal 0.471117 -0.882071 0
    outer loop
      vertex 100.944 64.6315 2.5
      vertex 101.117 64.7239 5.5
      vertex 100.944 64.6315 5.5
    endloop
  endfacet
  facet normal 0.471117 -0.882071 0
    outer loop
      vertex 101.117 64.7239 5.5
      vertex 100.944 64.6315 2.5
      vertex 101.117 64.7239 2.5
    endloop
  endfacet
  facet normal -0.471117 -0.882071 0
    outer loop
      vertex 101.883 64.7239 2.5
      vertex 102.056 64.6315 5.5
      vertex 101.883 64.7239 5.5
    endloop
  endfacet
  facet normal -0.471117 -0.882071 -0
    outer loop
      vertex 102.056 64.6315 5.5
      vertex 101.883 64.7239 2.5
      vertex 102.056 64.6315 2.5
    endloop
  endfacet
  facet normal 0.95681 -0.290715 0
    outer loop
      vertex 100.519 63.9951 5.5
      vertex 100.576 64.1827 2.5
      vertex 100.576 64.1827 5.5
    endloop
  endfacet
  facet normal 0.95681 -0.290715 0
    outer loop
      vertex 100.576 64.1827 2.5
      vertex 100.519 63.9951 5.5
      vertex 100.519 63.9951 2.5
    endloop
  endfacet
  facet normal -0.0979877 0.995188 0
    outer loop
      vertex 101.695 62.8192 2.5
      vertex 101.5 62.8 5.5
      vertex 101.695 62.8192 5.5
    endloop
  endfacet
  facet normal -0.0979877 0.995188 0
    outer loop
      vertex 101.5 62.8 5.5
      vertex 101.695 62.8192 2.5
      vertex 101.5 62.8 2.5
    endloop
  endfacet
  facet normal 0.880684 -0.473705 0
    outer loop
      vertex 100.576 64.1827 5.5
      vertex 100.669 64.3556 2.5
      vertex 100.669 64.3556 5.5
    endloop
  endfacet
  facet normal 0.880684 -0.473705 0
    outer loop
      vertex 100.669 64.3556 2.5
      vertex 100.576 64.1827 5.5
      vertex 100.576 64.1827 2.5
    endloop
  endfacet
  facet normal 0.95681 0.290715 0
    outer loop
      vertex 100.576 63.4173 5.5
      vertex 100.519 63.6049 2.5
      vertex 100.519 63.6049 5.5
    endloop
  endfacet
  facet normal 0.95681 0.290715 0
    outer loop
      vertex 100.519 63.6049 2.5
      vertex 100.576 63.4173 5.5
      vertex 100.576 63.4173 2.5
    endloop
  endfacet
  facet normal 0.995291 0.0969274 0
    outer loop
      vertex 100.519 63.6049 5.5
      vertex 100.5 63.8 2.5
      vertex 100.5 63.8 5.5
    endloop
  endfacet
  facet normal 0.995291 0.0969274 0
    outer loop
      vertex 100.5 63.8 2.5
      vertex 100.519 63.6049 5.5
      vertex 100.519 63.6049 2.5
    endloop
  endfacet
  facet normal 0.773843 0.633377 0
    outer loop
      vertex 100.793 63.0929 5.5
      vertex 100.669 63.2444 2.5
      vertex 100.669 63.2444 5.5
    endloop
  endfacet
  facet normal 0.773843 0.633377 0
    outer loop
      vertex 100.669 63.2444 2.5
      vertex 100.793 63.0929 5.5
      vertex 100.793 63.0929 2.5
    endloop
  endfacet
  facet normal 0.471117 0.882071 -0
    outer loop
      vertex 101.117 62.8761 2.5
      vertex 100.944 62.9685 5.5
      vertex 101.117 62.8761 5.5
    endloop
  endfacet
  facet normal 0.471117 0.882071 0
    outer loop
      vertex 100.944 62.9685 5.5
      vertex 101.117 62.8761 2.5
      vertex 100.944 62.9685 2.5
    endloop
  endfacet
  facet normal 0.995291 -0.0969274 0
    outer loop
      vertex 100.5 63.8 5.5
      vertex 100.519 63.9951 2.5
      vertex 100.519 63.9951 5.5
    endloop
  endfacet
  facet normal 0.995291 -0.0969274 0
    outer loop
      vertex 100.519 63.9951 2.5
      vertex 100.5 63.8 5.5
      vertex 100.5 63.8 2.5
    endloop
  endfacet
  facet normal 0.0979877 0.995188 -0
    outer loop
      vertex 101.5 62.8 2.5
      vertex 101.305 62.8192 5.5
      vertex 101.5 62.8 5.5
    endloop
  endfacet
  facet normal 0.0979877 0.995188 0
    outer loop
      vertex 101.305 62.8192 5.5
      vertex 101.5 62.8 2.5
      vertex 101.305 62.8192 2.5
    endloop
  endfacet
  facet normal 0.289682 0.957123 -0
    outer loop
      vertex 101.305 62.8192 2.5
      vertex 101.117 62.8761 5.5
      vertex 101.305 62.8192 5.5
    endloop
  endfacet
  facet normal 0.289682 0.957123 0
    outer loop
      vertex 101.117 62.8761 5.5
      vertex 101.305 62.8192 2.5
      vertex 101.117 62.8761 2.5
    endloop
  endfacet
  facet normal 1 -0 0
    outer loop
      vertex 62.5 11.7 5.5
      vertex 62.5 13.7 2.5
      vertex 62.5 13.7 5.5
    endloop
  endfacet
  facet normal 1 0 0
    outer loop
      vertex 62.5 13.7 2.5
      vertex 62.5 11.7 5.5
      vertex 62.5 11.7 2.5
    endloop
  endfacet
  facet normal -0 0 1
    outer loop
      vertex 54.5 13.7 5.5
      vertex 62.5 11.7 5.5
      vertex 62.5 13.7 5.5
    endloop
  endfacet
  facet normal 0 0 1
    outer loop
      vertex 62.5 11.7 5.5
      vertex 54.5 13.7 5.5
      vertex 54.5 11.7 5.5
    endloop
  endfacet
  facet normal -1 0 0
    outer loop
      vertex 54.5 11.7 2.5
      vertex 54.5 13.7 5.5
      vertex 54.5 13.7 2.5
    endloop
  endfacet
  facet normal -1 -0 0
    outer loop
      vertex 54.5 13.7 5.5
      vertex 54.5 11.7 2.5
      vertex 54.5 11.7 5.5
    endloop
  endfacet
  facet normal 0 1 -0
    outer loop
      vertex 62.5 13.7 2.5
      vertex 54.5 13.7 5.5
      vertex 62.5 13.7 5.5
    endloop
  endfacet
  facet normal 0 1 0
    outer loop
      vertex 54.5 13.7 5.5
      vertex 62.5 13.7 2.5
      vertex 54.5 13.7 2.5
    endloop
  endfacet
  facet normal 0 -1 0
    outer loop
      vertex 54.5 11.7 2.5
      vertex 62.5 11.7 5.5
      vertex 54.5 11.7 5.5
    endloop
  endfacet
  facet normal 0 -1 -0
    outer loop
      vertex 62.5 11.7 5.5
      vertex 54.5 11.7 2.5
      vertex 62.5 11.7 2.5
    endloop
  endfacet
  facet normal 1 -0 0
    outer loop
      vertex 32.5 64.9 5.5
      vertex 32.5 66.9 2.5
      vertex 32.5 66.9 5.5
    endloop
  endfacet
  facet normal 1 0 0
    outer loop
      vertex 32.5 66.9 2.5
      vertex 32.5 64.9 5.5
      vertex 32.5 64.9 2.5
    endloop
  endfacet
  facet normal -0 0 1
    outer loop
      vertex 24.5 66.9 5.5
      vertex 32.5 64.9 5.5
      vertex 32.5 66.9 5.5
    endloop
  endfacet
  facet normal 0 0 1
    outer loop
      vertex 32.5 64.9 5.5
      vertex 24.5 66.9 5.5
      vertex 24.5 64.9 5.5
    endloop
  endfacet
  facet normal -1 0 0
    outer loop
      vertex 24.5 64.9 2.5
      vertex 24.5 66.9 5.5
      vertex 24.5 66.9 2.5
    endloop
  endfacet
  facet normal -1 -0 0
    outer loop
      vertex 24.5 66.9 5.5
      vertex 24.5 64.9 2.5
      vertex 24.5 64.9 5.5
    endloop
  endfacet
  facet normal 0 1 -0
    outer loop
      vertex 32.5 66.9 2.5
      vertex 24.5 66.9 5.5
      vertex 32.5 66.9 5.5
    endloop
  endfacet
  facet normal 0 1 0
    outer loop
      vertex 24.5 66.9 5.5
      vertex 32.5 66.9 2.5
      vertex 24.5 66.9 2.5
    endloop
  endfacet
  facet normal 0 -1 0
    outer loop
      vertex 24.5 64.9 2.5
      vertex 32.5 64.9 5.5
      vertex 24.5 64.9 5.5
    endloop
  endfacet
  facet normal 0 -1 -0
    outer loop
      vertex 32.5 64.9 5.5
      vertex 24.5 64.9 2.5
      vertex 32.5 64.9 2.5
    endloop
  endfacet
  facet normal 1 -0 0
    outer loop
      vertex 82.5 64.9 5.5
      vertex 82.5 66.9 2.5
      vertex 82.5 66.9 5.5
    endloop
  endfacet
  facet normal 1 0 0
    outer loop
      vertex 82.5 66.9 2.5
      vertex 82.5 64.9 5.5
      vertex 82.5 64.9 2.5
    endloop
  endfacet
  facet normal -0 0 1
    outer loop
      vertex 74.5 66.9 5.5
      vertex 82.5 64.9 5.5
      vertex 82.5 66.9 5.5
    endloop
  endfacet
  facet normal 0 0 1
    outer loop
      vertex 82.5 64.9 5.5
      vertex 74.5 66.9 5.5
      vertex 74.5 64.9 5.5
    endloop
  endfacet
  facet normal -1 0 0
    outer loop
      vertex 74.5 64.9 2.5
      vertex 74.5 66.9 5.5
      vertex 74.5 66.9 2.5
    endloop
  endfacet
  facet normal -1 -0 0
    outer loop
      vertex 74.5 66.9 5.5
      vertex 74.5 64.9 2.5
      vertex 74.5 64.9 5.5
    endloop
  endfacet
  facet normal 0 1 -0
    outer loop
      vertex 82.5 66.9 2.5
      vertex 74.5 66.9 5.5
      vertex 82.5 66.9 5.5
    endloop
  endfacet
  facet normal 0 1 0
    outer loop
      vertex 74.5 66.9 5.5
      vertex 82.5 66.9 2.5
      vertex 74.5 66.9 2.5
    endloop
  endfacet
  facet normal 0 -1 0
    outer loop
      vertex 74.5 64.9 2.5
      vertex 82.5 64.9 5.5
      vertex 74.5 64.9 5.5
    endloop
  endfacet
  facet normal 0 -1 -0
    outer loop
      vertex 82.5 64.9 5.5
      vertex 74.5 64.9 2.5
      vertex 82.5 64.9 2.5
    endloop
  endfacet
  facet normal -0.88192 0.471399 0
    outer loop
      vertex 2.76642 7.33939 2.5
      vertex 3.08986 7.9445 23.6
      vertex 3.08986 7.9445 2.5
    endloop
  endfacet
  facet normal -0.88192 0.471399 0
    outer loop
      vertex 3.08986 7.9445 23.6
      vertex 2.76642 7.33939 2.5
      vertex 2.76642 7.33939 23.6
    endloop
  endfacet
  facet normal 0.95694 0.290287 0
    outer loop
      vertex 9.43275 6.68282 23.6
      vertex 9.23358 7.33939 2.5
      vertex 9.23358 7.33939 23.6
    endloop
  endfacet
  facet normal 0.95694 0.290287 0
    outer loop
      vertex 9.23358 7.33939 2.5
      vertex 9.43275 6.68282 23.6
      vertex 9.43275 6.68282 2.5
    endloop
  endfacet
  facet normal 0.995185 0.0980144 0
    outer loop
      vertex 9.5 6 23.6
      vertex 9.43275 6.68282 2.5
      vertex 9.43275 6.68282 23.6
    endloop
  endfacet
  facet normal 0.995185 0.0980144 0
    outer loop
      vertex 9.43275 6.68282 2.5
      vertex 9.5 6 23.6
      vertex 9.5 6 2.5
    endloop
  endfacet
  facet normal 0.290287 -0.95694 0
    outer loop
      vertex 6.68282 2.56725 2.5
      vertex 7.33939 2.76642 23.6
      vertex 6.68282 2.56725 23.6
    endloop
  endfacet
  facet normal 0.290287 -0.95694 0
    outer loop
      vertex 7.33939 2.76642 23.6
      vertex 6.68282 2.56725 2.5
      vertex 7.33939 2.76642 2.5
    endloop
  endfacet
  facet normal -0.95694 -0.290287 0
    outer loop
      vertex 2.76642 4.66061 2.5
      vertex 2.56725 5.31718 23.6
      vertex 2.56725 5.31718 2.5
    endloop
  endfacet
  facet normal -0.95694 -0.290287 0
    outer loop
      vertex 2.56725 5.31718 23.6
      vertex 2.76642 4.66061 2.5
      vertex 2.76642 4.66061 23.6
    endloop
  endfacet
  facet normal 0.773006 -0.634399 0
    outer loop
      vertex 8.47487 3.52513 23.6
      vertex 8.91014 4.0555 2.5
      vertex 8.91014 4.0555 23.6
    endloop
  endfacet
  facet normal 0.773006 -0.634399 0
    outer loop
      vertex 8.91014 4.0555 2.5
      vertex 8.47487 3.52513 23.6
      vertex 8.47487 3.52513 2.5
    endloop
  endfacet
  facet normal 0.634399 0.773006 -0
    outer loop
      vertex 8.47487 8.47487 2.5
      vertex 7.9445 8.91014 23.6
      vertex 8.47487 8.47487 23.6
    endloop
  endfacet
  facet normal 0.634399 0.773006 0
    outer loop
      vertex 7.9445 8.91014 23.6
      vertex 8.47487 8.47487 2.5
      vertex 7.9445 8.91014 2.5
    endloop
  endfacet
  facet normal 0.290287 0.95694 -0
    outer loop
      vertex 7.33939 9.23358 2.5
      vertex 6.68282 9.43275 23.6
      vertex 7.33939 9.23358 23.6
    endloop
  endfacet
  facet normal 0.290287 0.95694 0
    outer loop
      vertex 6.68282 9.43275 23.6
      vertex 7.33939 9.23358 2.5
      vertex 6.68282 9.43275 2.5
    endloop
  endfacet
  facet normal -0.88192 -0.471399 0
    outer loop
      vertex 3.08986 4.0555 2.5
      vertex 2.76642 4.66061 23.6
      vertex 2.76642 4.66061 2.5
    endloop
  endfacet
  facet normal -0.88192 -0.471399 0
    outer loop
      vertex 2.76642 4.66061 23.6
      vertex 3.08986 4.0555 2.5
      vertex 3.08986 4.0555 23.6
    endloop
  endfacet
  facet normal 0.773006 0.634399 0
    outer loop
      vertex 8.91014 7.9445 23.6
      vertex 8.47487 8.47487 2.5
      vertex 8.47487 8.47487 23.6
    endloop
  endfacet
  facet normal 0.773006 0.634399 0
    outer loop
      vertex 8.47487 8.47487 2.5
      vertex 8.91014 7.9445 23.6
      vertex 8.91014 7.9445 2.5
    endloop
  endfacet
  facet normal 0.0980144 0.995185 -0
    outer loop
      vertex 6.68282 9.43275 2.5
      vertex 6 9.5 23.6
      vertex 6.68282 9.43275 23.6
    endloop
  endfacet
  facet normal 0.0980144 0.995185 0
    outer loop
      vertex 6 9.5 23.6
      vertex 6.68282 9.43275 2.5
      vertex 6 9.5 2.5
    endloop
  endfacet
  facet normal -0.290287 0.95694 0
    outer loop
      vertex 5.31718 9.43275 2.5
      vertex 4.66061 9.23358 23.6
      vertex 5.31718 9.43275 23.6
    endloop
  endfacet
  facet normal -0.290287 0.95694 0
    outer loop
      vertex 4.66061 9.23358 23.6
      vertex 5.31718 9.43275 2.5
      vertex 4.66061 9.23358 2.5
    endloop
  endfacet
  facet normal 0 0 1
    outer loop
      vertex 7.25 6 23.6
      vertex 9.5 6 23.6
      vertex 9.43275 6.68282 23.6
    endloop
  endfacet
  facet normal 0 0 1
    outer loop
      vertex 7.22598 6.24386 23.6
      vertex 9.43275 6.68282 23.6
      vertex 9.23358 7.33939 23.6
    endloop
  endfacet
  facet normal 0 0 1
    outer loop
      vertex 9.5 6 23.6
      vertex 7.25 6 23.6
      vertex 9.43275 5.31718 23.6
    endloop
  endfacet
  facet normal 0 0 1
    outer loop
      vertex 7.15485 6.47835 23.6
      vertex 9.23358 7.33939 23.6
      vertex 8.91014 7.9445 23.6
    endloop
  endfacet
  facet normal -0 0 1
    outer loop
      vertex 7.22598 5.75614 23.6
      vertex 9.43275 5.31718 23.6
      vertex 7.25 6 23.6
    endloop
  endfacet
  facet normal 0 0 1
    outer loop
      vertex 7.03934 6.69446 23.6
      vertex 8.91014 7.9445 23.6
      vertex 8.47487 8.47487 23.6
    endloop
  endfacet
  facet normal 0 0 1
    outer loop
      vertex 9.43275 5.31718 23.6
      vertex 7.22598 5.75614 23.6
      vertex 9.23358 4.66061 23.6
    endloop
  endfacet
  facet normal 0 0 1
    outer loop
      vertex 6.88388 6.88388 23.6
      vertex 8.47487 8.47487 23.6
      vertex 7.9445 8.91014 23.6
    endloop
  endfacet
  facet normal -0 0 1
    outer loop
      vertex 7.15485 5.52165 23.6
      vertex 9.23358 4.66061 23.6
      vertex 7.22598 5.75614 23.6
    endloop
  endfacet
  facet normal 0 0 1
    outer loop
      vertex 6.69446 7.03934 23.6
      vertex 7.9445 8.91014 23.6
      vertex 7.33939 9.23358 23.6
    endloop
  endfacet
  facet normal 0 0 1
    outer loop
      vertex 9.23358 4.66061 23.6
      vertex 7.15485 5.52165 23.6
      vertex 8.91014 4.0555 23.6
    endloop
  endfacet
  facet normal -0 0 1
    outer loop
      vertex 7.03934 5.30554 23.6
      vertex 8.91014 4.0555 23.6
      vertex 7.15485 5.52165 23.6
    endloop
  endfacet
  facet normal 0 0 1
    outer loop
      vertex 9.43275 6.68282 23.6
      vertex 7.22598 6.24386 23.6
      vertex 7.25 6 23.6
    endloop
  endfacet
  facet normal 0 0 1
    outer loop
      vertex 9.23358 7.33939 23.6
      vertex 7.15485 6.47835 23.6
      vertex 7.22598 6.24386 23.6
    endloop
  endfacet
  facet normal 0 0 1
    outer loop
      vertex 8.91014 7.9445 23.6
      vertex 7.03934 6.69446 23.6
      vertex 7.15485 6.47835 23.6
    endloop
  endfacet
  facet normal 0 0 1
    outer loop
      vertex 8.47487 8.47487 23.6
      vertex 6.88388 6.88388 23.6
      vertex 7.03934 6.69446 23.6
    endloop
  endfacet
  facet normal 0 0 1
    outer loop
      vertex 7.9445 8.91014 23.6
      vertex 6.69446 7.03934 23.6
      vertex 6.88388 6.88388 23.6
    endloop
  endfacet
  facet normal 0 0 1
    outer loop
      vertex 6.47835 7.15485 23.6
      vertex 7.33939 9.23358 23.6
      vertex 6.68282 9.43275 23.6
    endloop
  endfacet
  facet normal 0 0 1
    outer loop
      vertex 7.33939 9.23358 23.6
      vertex 6.47835 7.15485 23.6
      vertex 6.69446 7.03934 23.6
    endloop
  endfacet
  facet normal 0 0 1
    outer loop
      vertex 6.68282 9.43275 23.6
      vertex 6.24386 7.22598 23.6
      vertex 6.47835 7.15485 23.6
    endloop
  endfacet
  facet normal 0 0 1
    outer loop
      vertex 6 9.5 23.6
      vertex 6.24386 7.22598 23.6
      vertex 6.68282 9.43275 23.6
    endloop
  endfacet
  facet normal 0 0 1
    outer loop
      vertex 6 9.5 23.6
      vertex 6 7.25 23.6
      vertex 6.24386 7.22598 23.6
    endloop
  endfacet
  facet normal 0 0 1
    outer loop
      vertex 6 9.5 23.6
      vertex 5.75614 7.22598 23.6
      vertex 6 7.25 23.6
    endloop
  endfacet
  facet normal -0 0 1
    outer loop
      vertex 5.31718 9.43275 23.6
      vertex 5.75614 7.22598 23.6
      vertex 6 9.5 23.6
    endloop
  endfacet
  facet normal 0 0 1
    outer loop
      vertex 5.75614 7.22598 23.6
      vertex 5.31718 9.43275 23.6
      vertex 5.52165 7.15485 23.6
    endloop
  endfacet
  facet normal -0 0 1
    outer loop
      vertex 4.66061 9.23358 23.6
      vertex 5.52165 7.15485 23.6
      vertex 5.31718 9.43275 23.6
    endloop
  endfacet
  facet normal 0 0 1
    outer loop
      vertex 5.52165 7.15485 23.6
      vertex 4.66061 9.23358 23.6
      vertex 5.30554 7.03934 23.6
    endloop
  endfacet
  facet normal -0 0 1
    outer loop
      vertex 4.0555 8.91014 23.6
      vertex 5.30554 7.03934 23.6
      vertex 4.66061 9.23358 23.6
    endloop
  endfacet
  facet normal 0 0 1
    outer loop
      vertex 5.30554 7.03934 23.6
      vertex 4.0555 8.91014 23.6
      vertex 5.11612 6.88388 23.6
    endloop
  endfacet
  facet normal -0 0 1
    outer loop
      vertex 3.52513 8.47487 23.6
      vertex 5.11612 6.88388 23.6
      vertex 4.0555 8.91014 23.6
    endloop
  endfacet
  facet normal -0 0 1
    outer loop
      vertex 3.08986 7.9445 23.6
      vertex 4.96066 6.69446 23.6
      vertex 3.52513 8.47487 23.6
    endloop
  endfacet
  facet normal 0 0 1
    outer loop
      vertex 5.11612 6.88388 23.6
      vertex 3.52513 8.47487 23.6
      vertex 4.96066 6.69446 23.6
    endloop
  endfacet
  facet normal 0 0 1
    outer loop
      vertex 8.91014 4.0555 23.6
      vertex 7.03934 5.30554 23.6
      vertex 8.47487 3.52513 23.6
    endloop
  endfacet
  facet normal -0 0 1
    outer loop
      vertex 6.88388 5.11612 23.6
      vertex 8.47487 3.52513 23.6
      vertex 7.03934 5.30554 23.6
    endloop
  endfacet
  facet normal 0 0 1
    outer loop
      vertex 8.47487 3.52513 23.6
      vertex 6.88388 5.11612 23.6
      vertex 7.9445 3.08986 23.6
    endloop
  endfacet
  facet normal -0 0 1
    outer loop
      vertex 6.69446 4.96066 23.6
      vertex 7.9445 3.08986 23.6
      vertex 6.88388 5.11612 23.6
    endloop
  endfacet
  facet normal 0 0 1
    outer loop
      vertex 7.9445 3.08986 23.6
      vertex 6.69446 4.96066 23.6
      vertex 7.33939 2.76642 23.6
    endloop
  endfacet
  facet normal -0 0 1
    outer loop
      vertex 6.47835 4.84515 23.6
      vertex 7.33939 2.76642 23.6
      vertex 6.69446 4.96066 23.6
    endloop
  endfacet
  facet normal 0 0 1
    outer loop
      vertex 7.33939 2.76642 23.6
      vertex 6.47835 4.84515 23.6
      vertex 6.68282 2.56725 23.6
    endloop
  endfacet
  facet normal -0 0 1
    outer loop
      vertex 6.24386 4.77402 23.6
      vertex 6.68282 2.56725 23.6
      vertex 6.47835 4.84515 23.6
    endloop
  endfacet
  facet normal -0 0 1
    outer loop
      vertex 6 4.75 23.6
      vertex 6.68282 2.56725 23.6
      vertex 6.24386 4.77402 23.6
    endloop
  endfacet
  facet normal 0 0 1
    outer loop
      vertex 6 4.75 23.6
      vertex 6 2.5 23.6
      vertex 6.68282 2.56725 23.6
    endloop
  endfacet
  facet normal 0 0 1
    outer loop
      vertex 5.75614 4.77402 23.6
      vertex 6 2.5 23.6
      vertex 6 4.75 23.6
    endloop
  endfacet
  facet normal 0 0 1
    outer loop
      vertex 5.31718 2.56725 23.6
      vertex 5.75614 4.77402 23.6
      vertex 5.52165 4.84515 23.6
    endloop
  endfacet
  facet normal 0 0 1
    outer loop
      vertex 5.75614 4.77402 23.6
      vertex 5.31718 2.56725 23.6
      vertex 6 2.5 23.6
    endloop
  endfacet
  facet normal 0 0 1
    outer loop
      vertex 4.66061 2.76642 23.6
      vertex 5.52165 4.84515 23.6
      vertex 5.30554 4.96066 23.6
    endloop
  endfacet
  facet normal 0 0 1
    outer loop
      vertex 4.0555 3.08986 23.6
      vertex 5.30554 4.96066 23.6
      vertex 5.11612 5.11612 23.6
    endloop
  endfacet
  facet normal 0 0 1
    outer loop
      vertex 3.52513 3.52513 23.6
      vertex 5.11612 5.11612 23.6
      vertex 4.96066 5.30554 23.6
    endloop
  endfacet
  facet normal 0 0 1
    outer loop
      vertex 3.08986 4.0555 23.6
      vertex 4.96066 5.30554 23.6
      vertex 4.84515 5.52165 23.6
    endloop
  endfacet
  facet normal 0 0 1
    outer loop
      vertex 2.76642 4.66061 23.6
      vertex 4.84515 5.52165 23.6
      vertex 4.77402 5.75614 23.6
    endloop
  endfacet
  facet normal 0 0 1
    outer loop
      vertex 5.52165 4.84515 23.6
      vertex 4.66061 2.76642 23.6
      vertex 5.31718 2.56725 23.6
    endloop
  endfacet
  facet normal 0 0 1
    outer loop
      vertex 2.56725 5.31718 23.6
      vertex 4.77402 5.75614 23.6
      vertex 4.75 6 23.6
    endloop
  endfacet
  facet normal 0 0 1
    outer loop
      vertex 4.96066 6.69446 23.6
      vertex 3.08986 7.9445 23.6
      vertex 4.84515 6.47835 23.6
    endloop
  endfacet
  facet normal -0 0 1
    outer loop
      vertex 2.76642 7.33939 23.6
      vertex 4.84515 6.47835 23.6
      vertex 3.08986 7.9445 23.6
    endloop
  endfacet
  facet normal 0 0 1
    outer loop
      vertex 5.30554 4.96066 23.6
      vertex 4.0555 3.08986 23.6
      vertex 4.66061 2.76642 23.6
    endloop
  endfacet
  facet normal 0 0 1
    outer loop
      vertex 4.84515 6.47835 23.6
      vertex 2.76642 7.33939 23.6
      vertex 4.77402 6.24386 23.6
    endloop
  endfacet
  facet normal 0 0 1
    outer loop
      vertex 5.11612 5.11612 23.6
      vertex 3.52513 3.52513 23.6
      vertex 4.0555 3.08986 23.6
    endloop
  endfacet
  facet normal -0 0 1
    outer loop
      vertex 2.56725 6.68282 23.6
      vertex 4.77402 6.24386 23.6
      vertex 2.76642 7.33939 23.6
    endloop
  endfacet
  facet normal 0 0 1
    outer loop
      vertex 4.96066 5.30554 23.6
      vertex 3.08986 4.0555 23.6
      vertex 3.52513 3.52513 23.6
    endloop
  endfacet
  facet normal 0 0 1
    outer loop
      vertex 4.77402 6.24386 23.6
      vertex 2.56725 6.68282 23.6
      vertex 4.75 6 23.6
    endloop
  endfacet
  facet normal 0 0 1
    outer loop
      vertex 4.84515 5.52165 23.6
      vertex 2.76642 4.66061 23.6
      vertex 3.08986 4.0555 23.6
    endloop
  endfacet
  facet normal 0 0 1
    outer loop
      vertex 2.5 6 23.6
      vertex 4.75 6 23.6
      vertex 2.56725 6.68282 23.6
    endloop
  endfacet
  facet normal 0 0 1
    outer loop
      vertex 4.77402 5.75614 23.6
      vertex 2.56725 5.31718 23.6
      vertex 2.76642 4.66061 23.6
    endloop
  endfacet
  facet normal 0 0 1
    outer loop
      vertex 4.75 6 23.6
      vertex 2.5 6 23.6
      vertex 2.56725 5.31718 23.6
    endloop
  endfacet
  facet normal -0.634399 -0.773006 0
    outer loop
      vertex 3.52513 3.52513 2.5
      vertex 4.0555 3.08986 23.6
      vertex 3.52513 3.52513 23.6
    endloop
  endfacet
  facet normal -0.634399 -0.773006 -0
    outer loop
      vertex 4.0555 3.08986 23.6
      vertex 3.52513 3.52513 2.5
      vertex 4.0555 3.08986 2.5
    endloop
  endfacet
  facet normal 0.471399 0.88192 -0
    outer loop
      vertex 7.9445 8.91014 2.5
      vertex 7.33939 9.23358 23.6
      vertex 7.9445 8.91014 23.6
    endloop
  endfacet
  facet normal 0.471399 0.88192 0
    outer loop
      vertex 7.33939 9.23358 23.6
      vertex 7.9445 8.91014 2.5
      vertex 7.33939 9.23358 2.5
    endloop
  endfacet
  facet normal -0.995185 0.0980144 0
    outer loop
      vertex 2.5 6 2.5
      vertex 2.56725 6.68282 23.6
      vertex 2.56725 6.68282 2.5
    endloop
  endfacet
  facet normal -0.995185 0.0980144 0
    outer loop
      vertex 2.56725 6.68282 23.6
      vertex 2.5 6 2.5
      vertex 2.5 6 23.6
    endloop
  endfacet
  facet normal 0.88192 -0.471399 0
    outer loop
      vertex 8.91014 4.0555 23.6
      vertex 9.23358 4.66061 2.5
      vertex 9.23358 4.66061 23.6
    endloop
  endfacet
  facet normal 0.88192 -0.471399 0
    outer loop
      vertex 9.23358 4.66061 2.5
      vertex 8.91014 4.0555 23.6
      vertex 8.91014 4.0555 2.5
    endloop
  endfacet
  facet normal 0.471399 -0.88192 0
    outer loop
      vertex 7.33939 2.76642 2.5
      vertex 7.9445 3.08986 23.6
      vertex 7.33939 2.76642 23.6
    endloop
  endfacet
  facet normal 0.471399 -0.88192 0
    outer loop
      vertex 7.9445 3.08986 23.6
      vertex 7.33939 2.76642 2.5
      vertex 7.9445 3.08986 2.5
    endloop
  endfacet
  facet normal -0.634399 0.773006 0
    outer loop
      vertex 4.0555 8.91014 2.5
      vertex 3.52513 8.47487 23.6
      vertex 4.0555 8.91014 23.6
    endloop
  endfacet
  facet normal -0.634399 0.773006 0
    outer loop
      vertex 3.52513 8.47487 23.6
      vertex 4.0555 8.91014 2.5
      vertex 3.52513 8.47487 2.5
    endloop
  endfacet
  facet normal -0.471399 0.88192 0
    outer loop
      vertex 4.66061 9.23358 2.5
      vertex 4.0555 8.91014 23.6
      vertex 4.66061 9.23358 23.6
    endloop
  endfacet
  facet normal -0.471399 0.88192 0
    outer loop
      vertex 4.0555 8.91014 23.6
      vertex 4.66061 9.23358 2.5
      vertex 4.0555 8.91014 2.5
    endloop
  endfacet
  facet normal 0.0980144 -0.995185 0
    outer loop
      vertex 6 2.5 2.5
      vertex 6.68282 2.56725 23.6
      vertex 6 2.5 23.6
    endloop
  endfacet
  facet normal 0.0980144 -0.995185 0
    outer loop
      vertex 6.68282 2.56725 23.6
      vertex 6 2.5 2.5
      vertex 6.68282 2.56725 2.5
    endloop
  endfacet
  facet normal -0.471399 -0.88192 0
    outer loop
      vertex 4.0555 3.08986 2.5
      vertex 4.66061 2.76642 23.6
      vertex 4.0555 3.08986 23.6
    endloop
  endfacet
  facet normal -0.471399 -0.88192 -0
    outer loop
      vertex 4.66061 2.76642 23.6
      vertex 4.0555 3.08986 2.5
      vertex 4.66061 2.76642 2.5
    endloop
  endfacet
  facet normal -0.95694 0.290287 0
    outer loop
      vertex 2.56725 6.68282 2.5
      vertex 2.76642 7.33939 23.6
      vertex 2.76642 7.33939 2.5
    endloop
  endfacet
  facet normal -0.95694 0.290287 0
    outer loop
      vertex 2.76642 7.33939 23.6
      vertex 2.56725 6.68282 2.5
      vertex 2.56725 6.68282 23.6
    endloop
  endfacet
  facet normal 0.95694 -0.290287 0
    outer loop
      vertex 9.23358 4.66061 23.6
      vertex 9.43275 5.31718 2.5
      vertex 9.43275 5.31718 23.6
    endloop
  endfacet
  facet normal 0.95694 -0.290287 0
    outer loop
      vertex 9.43275 5.31718 2.5
      vertex 9.23358 4.66061 23.6
      vertex 9.23358 4.66061 2.5
    endloop
  endfacet
  facet normal 0.88192 0.471399 0
    outer loop
      vertex 9.23358 7.33939 23.6
      vertex 8.91014 7.9445 2.5
      vertex 8.91014 7.9445 23.6
    endloop
  endfacet
  facet normal 0.88192 0.471399 0
    outer loop
      vertex 8.91014 7.9445 2.5
      vertex 9.23358 7.33939 23.6
      vertex 9.23358 7.33939 2.5
    endloop
  endfacet
  facet normal -0.0980144 0.995185 0
    outer loop
      vertex 6 9.5 2.5
      vertex 5.31718 9.43275 23.6
      vertex 6 9.5 23.6
    endloop
  endfacet
  facet normal -0.0980144 0.995185 0
    outer loop
      vertex 5.31718 9.43275 23.6
      vertex 6 9.5 2.5
      vertex 5.31718 9.43275 2.5
    endloop
  endfacet
  facet normal -0.773006 0.634399 0
    outer loop
      vertex 3.08986 7.9445 2.5
      vertex 3.52513 8.47487 23.6
      vertex 3.52513 8.47487 2.5
    endloop
  endfacet
  facet normal -0.773006 0.634399 0
    outer loop
      vertex 3.52513 8.47487 23.6
      vertex 3.08986 7.9445 2.5
      vertex 3.08986 7.9445 23.6
    endloop
  endfacet
  facet normal 0.995185 -0.0980144 0
    outer loop
      vertex 9.43275 5.31718 23.6
      vertex 9.5 6 2.5
      vertex 9.5 6 23.6
    endloop
  endfacet
  facet normal 0.995185 -0.0980144 0
    outer loop
      vertex 9.5 6 2.5
      vertex 9.43275 5.31718 23.6
      vertex 9.43275 5.31718 2.5
    endloop
  endfacet
  facet normal -0.773006 -0.634399 0
    outer loop
      vertex 3.52513 3.52513 2.5
      vertex 3.08986 4.0555 23.6
      vertex 3.08986 4.0555 2.5
    endloop
  endfacet
  facet normal -0.773006 -0.634399 0
    outer loop
      vertex 3.08986 4.0555 23.6
      vertex 3.52513 3.52513 2.5
      vertex 3.52513 3.52513 23.6
    endloop
  endfacet
  facet normal 0.634399 -0.773006 0
    outer loop
      vertex 7.9445 3.08986 2.5
      vertex 8.47487 3.52513 23.6
      vertex 7.9445 3.08986 23.6
    endloop
  endfacet
  facet normal 0.634399 -0.773006 0
    outer loop
      vertex 8.47487 3.52513 23.6
      vertex 7.9445 3.08986 2.5
      vertex 8.47487 3.52513 2.5
    endloop
  endfacet
  facet normal -0.995185 -0.0980144 0
    outer loop
      vertex 2.56725 5.31718 2.5
      vertex 2.5 6 23.6
      vertex 2.5 6 2.5
    endloop
  endfacet
  facet normal -0.995185 -0.0980144 0
    outer loop
      vertex 2.5 6 23.6
      vertex 2.56725 5.31718 2.5
      vertex 2.56725 5.31718 23.6
    endloop
  endfacet
  facet normal -0.0980144 -0.995185 0
    outer loop
      vertex 5.31718 2.56725 2.5
      vertex 6 2.5 23.6
      vertex 5.31718 2.56725 23.6
    endloop
  endfacet
  facet normal -0.0980144 -0.995185 -0
    outer loop
      vertex 6 2.5 23.6
      vertex 5.31718 2.56725 2.5
      vertex 6 2.5 2.5
    endloop
  endfacet
  facet normal -0.290287 -0.95694 0
    outer loop
      vertex 4.66061 2.76642 2.5
      vertex 5.31718 2.56725 23.6
      vertex 4.66061 2.76642 23.6
    endloop
  endfacet
  facet normal -0.290287 -0.95694 -0
    outer loop
      vertex 5.31718 2.56725 23.6
      vertex 4.66061 2.76642 2.5
      vertex 5.31718 2.56725 2.5
    endloop
  endfacet
  facet normal 0.881927 -0.471387 0
    outer loop
      vertex 4.84515 6.47835 23.6
      vertex 4.96066 6.69446 13.6
      vertex 4.96066 6.69446 23.6
    endloop
  endfacet
  facet normal 0.881927 -0.471387 0
    outer loop
      vertex 4.96066 6.69446 13.6
      vertex 4.84515 6.47835 23.6
      vertex 4.84515 6.47835 13.6
    endloop
  endfacet
  facet normal -0.956942 -0.290278 0
    outer loop
      vertex 7.22598 6.24386 13.6
      vertex 7.15485 6.47835 23.6
      vertex 7.15485 6.47835 13.6
    endloop
  endfacet
  facet normal -0.956942 -0.290278 0
    outer loop
      vertex 7.15485 6.47835 23.6
      vertex 7.22598 6.24386 13.6
      vertex 7.22598 6.24386 23.6
    endloop
  endfacet
  facet normal -0.995184 -0.0980248 0
    outer loop
      vertex 7.25 6 13.6
      vertex 7.22598 6.24386 23.6
      vertex 7.22598 6.24386 13.6
    endloop
  endfacet
  facet normal -0.995184 -0.0980248 0
    outer loop
      vertex 7.22598 6.24386 23.6
      vertex 7.25 6 13.6
      vertex 7.25 6 23.6
    endloop
  endfacet
  facet normal -0.290278 0.956942 0
    outer loop
      vertex 6.47835 4.84515 13.6
      vertex 6.24386 4.77402 23.6
      vertex 6.47835 4.84515 23.6
    endloop
  endfacet
  facet normal -0.290278 0.956942 0
    outer loop
      vertex 6.24386 4.77402 23.6
      vertex 6.47835 4.84515 13.6
      vertex 6.24386 4.77402 13.6
    endloop
  endfacet
  facet normal 0.956942 0.290278 0
    outer loop
      vertex 4.84515 5.52165 23.6
      vertex 4.77402 5.75614 13.6
      vertex 4.77402 5.75614 23.6
    endloop
  endfacet
  facet normal 0.956942 0.290278 0
    outer loop
      vertex 4.77402 5.75614 13.6
      vertex 4.84515 5.52165 23.6
      vertex 4.84515 5.52165 13.6
    endloop
  endfacet
  facet normal -0.772996 0.63441 0
    outer loop
      vertex 6.88388 5.11612 13.6
      vertex 7.03934 5.30554 23.6
      vertex 7.03934 5.30554 13.6
    endloop
  endfacet
  facet normal -0.772996 0.63441 0
    outer loop
      vertex 7.03934 5.30554 23.6
      vertex 6.88388 5.11612 13.6
      vertex 6.88388 5.11612 23.6
    endloop
  endfacet
  facet normal -0.63441 -0.772996 0
    outer loop
      vertex 6.69446 7.03934 13.6
      vertex 6.88388 6.88388 23.6
      vertex 6.69446 7.03934 23.6
    endloop
  endfacet
  facet normal -0.63441 -0.772996 -0
    outer loop
      vertex 6.88388 6.88388 23.6
      vertex 6.69446 7.03934 13.6
      vertex 6.88388 6.88388 13.6
    endloop
  endfacet
  facet normal -0.290278 -0.956942 0
    outer loop
      vertex 6.24386 7.22598 13.6
      vertex 6.47835 7.15485 23.6
      vertex 6.24386 7.22598 23.6
    endloop
  endfacet
  facet normal -0.290278 -0.956942 -0
    outer loop
      vertex 6.47835 7.15485 23.6
      vertex 6.24386 7.22598 13.6
      vertex 6.47835 7.15485 13.6
    endloop
  endfacet
  facet normal 0.881927 0.471387 0
    outer loop
      vertex 4.96066 5.30554 23.6
      vertex 4.84515 5.52165 13.6
      vertex 4.84515 5.52165 23.6
    endloop
  endfacet
  facet normal 0.881927 0.471387 0
    outer loop
      vertex 4.84515 5.52165 13.6
      vertex 4.96066 5.30554 23.6
      vertex 4.96066 5.30554 13.6
    endloop
  endfacet
  facet normal -0.772996 -0.63441 0
    outer loop
      vertex 7.03934 6.69446 13.6
      vertex 6.88388 6.88388 23.6
      vertex 6.88388 6.88388 13.6
    endloop
  endfacet
  facet normal -0.772996 -0.63441 0
    outer loop
      vertex 6.88388 6.88388 23.6
      vertex 7.03934 6.69446 13.6
      vertex 7.03934 6.69446 23.6
    endloop
  endfacet
  facet normal -0.0980248 -0.995184 0
    outer loop
      vertex 6 7.25 13.6
      vertex 6.24386 7.22598 23.6
      vertex 6 7.25 23.6
    endloop
  endfacet
  facet normal -0.0980248 -0.995184 -0
    outer loop
      vertex 6.24386 7.22598 23.6
      vertex 6 7.25 13.6
      vertex 6.24386 7.22598 13.6
    endloop
  endfacet
  facet normal 0.290278 -0.956942 0
    outer loop
      vertex 5.52165 7.15485 13.6
      vertex 5.75614 7.22598 23.6
      vertex 5.52165 7.15485 23.6
    endloop
  endfacet
  facet normal 0.290278 -0.956942 0
    outer loop
      vertex 5.75614 7.22598 23.6
      vertex 5.52165 7.15485 13.6
      vertex 5.75614 7.22598 13.6
    endloop
  endfacet
  facet normal 0.63441 0.772996 -0
    outer loop
      vertex 5.30554 4.96066 13.6
      vertex 5.11612 5.11612 23.6
      vertex 5.30554 4.96066 23.6
    endloop
  endfacet
  facet normal 0.63441 0.772996 0
    outer loop
      vertex 5.11612 5.11612 23.6
      vertex 5.30554 4.96066 13.6
      vertex 5.11612 5.11612 13.6
    endloop
  endfacet
  facet normal -0.471387 -0.881927 0
    outer loop
      vertex 6.47835 7.15485 13.6
      vertex 6.69446 7.03934 23.6
      vertex 6.47835 7.15485 23.6
    endloop
  endfacet
  facet normal -0.471387 -0.881927 -0
    outer loop
      vertex 6.69446 7.03934 23.6
      vertex 6.47835 7.15485 13.6
      vertex 6.69446 7.03934 13.6
    endloop
  endfacet
  facet normal 0.995184 -0.0980248 0
    outer loop
      vertex 4.75 6 23.6
      vertex 4.77402 6.24386 13.6
      vertex 4.77402 6.24386 23.6
    endloop
  endfacet
  facet normal 0.995184 -0.0980248 0
    outer loop
      vertex 4.77402 6.24386 13.6
      vertex 4.75 6 23.6
      vertex 4.75 6 13.6
    endloop
  endfacet
  facet normal -0.881927 0.471387 0
    outer loop
      vertex 7.03934 5.30554 13.6
      vertex 7.15485 5.52165 23.6
      vertex 7.15485 5.52165 13.6
    endloop
  endfacet
  facet normal -0.881927 0.471387 0
    outer loop
      vertex 7.15485 5.52165 23.6
      vertex 7.03934 5.30554 13.6
      vertex 7.03934 5.30554 23.6
    endloop
  endfacet
  facet normal -0.471387 0.881927 0
    outer loop
      vertex 6.69446 4.96066 13.6
      vertex 6.47835 4.84515 23.6
      vertex 6.69446 4.96066 23.6
    endloop
  endfacet
  facet normal -0.471387 0.881927 0
    outer loop
      vertex 6.47835 4.84515 23.6
      vertex 6.69446 4.96066 13.6
      vertex 6.47835 4.84515 13.6
    endloop
  endfacet
  facet normal 0 0 1
    outer loop
      vertex 7.22598 6.24386 13.6
      vertex 7.22598 5.75614 13.6
      vertex 7.25 6 13.6
    endloop
  endfacet
  facet normal 0 0 1
    outer loop
      vertex 7.15485 6.47835 13.6
      vertex 7.22598 5.75614 13.6
      vertex 7.22598 6.24386 13.6
    endloop
  endfacet
  facet normal 0 0 1
    outer loop
      vertex 7.15485 6.47835 13.6
      vertex 7.15485 5.52165 13.6
      vertex 7.22598 5.75614 13.6
    endloop
  endfacet
  facet normal 0 0 1
    outer loop
      vertex 7.03934 6.69446 13.6
      vertex 7.15485 5.52165 13.6
      vertex 7.15485 6.47835 13.6
    endloop
  endfacet
  facet normal 0 0 1
    outer loop
      vertex 7.03934 6.69446 13.6
      vertex 7.03934 5.30554 13.6
      vertex 7.15485 5.52165 13.6
    endloop
  endfacet
  facet normal 0 0 1
    outer loop
      vertex 6.88388 6.88388 13.6
      vertex 7.03934 5.30554 13.6
      vertex 7.03934 6.69446 13.6
    endloop
  endfacet
  facet normal 0 0 1
    outer loop
      vertex 6.88388 6.88388 13.6
      vertex 6.88388 5.11612 13.6
      vertex 7.03934 5.30554 13.6
    endloop
  endfacet
  facet normal 0 0 1
    outer loop
      vertex 6.69446 7.03934 13.6
      vertex 6.88388 5.11612 13.6
      vertex 6.88388 6.88388 13.6
    endloop
  endfacet
  facet normal 0 0 1
    outer loop
      vertex 6.69446 7.03934 13.6
      vertex 6.69446 4.96066 13.6
      vertex 6.88388 5.11612 13.6
    endloop
  endfacet
  facet normal 0 0 1
    outer loop
      vertex 6.47835 7.15485 13.6
      vertex 6.69446 4.96066 13.6
      vertex 6.69446 7.03934 13.6
    endloop
  endfacet
  facet normal 0 0 1
    outer loop
      vertex 6.47835 7.15485 13.6
      vertex 6.47835 4.84515 13.6
      vertex 6.69446 4.96066 13.6
    endloop
  endfacet
  facet normal 0 0 1
    outer loop
      vertex 6.24386 7.22598 13.6
      vertex 6.47835 4.84515 13.6
      vertex 6.47835 7.15485 13.6
    endloop
  endfacet
  facet normal 0 0 1
    outer loop
      vertex 6.24386 7.22598 13.6
      vertex 6.24386 4.77402 13.6
      vertex 6.47835 4.84515 13.6
    endloop
  endfacet
  facet normal 0 0 1
    outer loop
      vertex 6 7.25 13.6
      vertex 6.24386 4.77402 13.6
      vertex 6.24386 7.22598 13.6
    endloop
  endfacet
  facet normal 0 0 1
    outer loop
      vertex 6 7.25 13.6
      vertex 6 4.75 13.6
      vertex 6.24386 4.77402 13.6
    endloop
  endfacet
  facet normal -0 0 1
    outer loop
      vertex 5.75614 7.22598 13.6
      vertex 6 4.75 13.6
      vertex 6 7.25 13.6
    endloop
  endfacet
  facet normal 0 0 1
    outer loop
      vertex 5.75614 7.22598 13.6
      vertex 5.75614 4.77402 13.6
      vertex 6 4.75 13.6
    endloop
  endfacet
  facet normal -0 0 1
    outer loop
      vertex 5.52165 7.15485 13.6
      vertex 5.75614 4.77402 13.6
      vertex 5.75614 7.22598 13.6
    endloop
  endfacet
  facet normal 0 0 1
    outer loop
      vertex 5.52165 7.15485 13.6
      vertex 5.52165 4.84515 13.6
      vertex 5.75614 4.77402 13.6
    endloop
  endfacet
  facet normal -0 0 1
    outer loop
      vertex 5.30554 7.03934 13.6
      vertex 5.52165 4.84515 13.6
      vertex 5.52165 7.15485 13.6
    endloop
  endfacet
  facet normal 0 0 1
    outer loop
      vertex 5.30554 7.03934 13.6
      vertex 5.30554 4.96066 13.6
      vertex 5.52165 4.84515 13.6
    endloop
  endfacet
  facet normal -0 0 1
    outer loop
      vertex 5.11612 6.88388 13.6
      vertex 5.30554 4.96066 13.6
      vertex 5.30554 7.03934 13.6
    endloop
  endfacet
  facet normal 0 0 1
    outer loop
      vertex 5.11612 6.88388 13.6
      vertex 5.11612 5.11612 13.6
      vertex 5.30554 4.96066 13.6
    endloop
  endfacet
  facet normal -0 0 1
    outer loop
      vertex 4.96066 6.69446 13.6
      vertex 5.11612 5.11612 13.6
      vertex 5.11612 6.88388 13.6
    endloop
  endfacet
  facet normal 0 0 1
    outer loop
      vertex 4.96066 6.69446 13.6
      vertex 4.96066 5.30554 13.6
      vertex 5.11612 5.11612 13.6
    endloop
  endfacet
  facet normal -0 0 1
    outer loop
      vertex 4.84515 6.47835 13.6
      vertex 4.96066 5.30554 13.6
      vertex 4.96066 6.69446 13.6
    endloop
  endfacet
  facet normal 0 0 1
    outer loop
      vertex 4.84515 6.47835 13.6
      vertex 4.84515 5.52165 13.6
      vertex 4.96066 5.30554 13.6
    endloop
  endfacet
  facet normal -0 0 1
    outer loop
      vertex 4.77402 6.24386 13.6
      vertex 4.84515 5.52165 13.6
      vertex 4.84515 6.47835 13.6
    endloop
  endfacet
  facet normal 0 0 1
    outer loop
      vertex 4.77402 6.24386 13.6
      vertex 4.77402 5.75614 13.6
      vertex 4.84515 5.52165 13.6
    endloop
  endfacet
  facet normal 0 -0 1
    outer loop
      vertex 4.77402 5.75614 13.6
      vertex 4.77402 6.24386 13.6
      vertex 4.75 6 13.6
    endloop
  endfacet
  facet normal 0.63441 -0.772996 0
    outer loop
      vertex 5.11612 6.88388 13.6
      vertex 5.30554 7.03934 23.6
      vertex 5.11612 6.88388 23.6
    endloop
  endfacet
  facet normal 0.63441 -0.772996 0
    outer loop
      vertex 5.30554 7.03934 23.6
      vertex 5.11612 6.88388 13.6
      vertex 5.30554 7.03934 13.6
    endloop
  endfacet
  facet normal 0.471387 -0.881927 0
    outer loop
      vertex 5.30554 7.03934 13.6
      vertex 5.52165 7.15485 23.6
      vertex 5.30554 7.03934 23.6
    endloop
  endfacet
  facet normal 0.471387 -0.881927 0
    outer loop
      vertex 5.52165 7.15485 23.6
      vertex 5.30554 7.03934 13.6
      vertex 5.52165 7.15485 13.6
    endloop
  endfacet
  facet normal -0.0980248 0.995184 0
    outer loop
      vertex 6.24386 4.77402 13.6
      vertex 6 4.75 23.6
      vertex 6.24386 4.77402 23.6
    endloop
  endfacet
  facet normal -0.0980248 0.995184 0
    outer loop
      vertex 6 4.75 23.6
      vertex 6.24386 4.77402 13.6
      vertex 6 4.75 13.6
    endloop
  endfacet
  facet normal 0.471387 0.881927 -0
    outer loop
      vertex 5.52165 4.84515 13.6
      vertex 5.30554 4.96066 23.6
      vertex 5.52165 4.84515 23.6
    endloop
  endfacet
  facet normal 0.471387 0.881927 0
    outer loop
      vertex 5.30554 4.96066 23.6
      vertex 5.52165 4.84515 13.6
      vertex 5.30554 4.96066 13.6
    endloop
  endfacet
  facet normal 0.956942 -0.290278 0
    outer loop
      vertex 4.77402 6.24386 23.6
      vertex 4.84515 6.47835 13.6
      vertex 4.84515 6.47835 23.6
    endloop
  endfacet
  facet normal 0.956942 -0.290278 0
    outer loop
      vertex 4.84515 6.47835 13.6
      vertex 4.77402 6.24386 23.6
      vertex 4.77402 6.24386 13.6
    endloop
  endfacet
  facet normal -0.956942 0.290278 0
    outer loop
      vertex 7.15485 5.52165 13.6
      vertex 7.22598 5.75614 23.6
      vertex 7.22598 5.75614 13.6
    endloop
  endfacet
  facet normal -0.956942 0.290278 0
    outer loop
      vertex 7.22598 5.75614 23.6
      vertex 7.15485 5.52165 13.6
      vertex 7.15485 5.52165 23.6
    endloop
  endfacet
  facet normal -0.881927 -0.471387 0
    outer loop
      vertex 7.15485 6.47835 13.6
      vertex 7.03934 6.69446 23.6
      vertex 7.03934 6.69446 13.6
    endloop
  endfacet
  facet normal -0.881927 -0.471387 0
    outer loop
      vertex 7.03934 6.69446 23.6
      vertex 7.15485 6.47835 13.6
      vertex 7.15485 6.47835 23.6
    endloop
  endfacet
  facet normal 0.0980248 -0.995184 0
    outer loop
      vertex 5.75614 7.22598 13.6
      vertex 6 7.25 23.6
      vertex 5.75614 7.22598 23.6
    endloop
  endfacet
  facet normal 0.0980248 -0.995184 0
    outer loop
      vertex 6 7.25 23.6
      vertex 5.75614 7.22598 13.6
      vertex 6 7.25 13.6
    endloop
  endfacet
  facet normal 0.772996 -0.63441 0
    outer loop
      vertex 4.96066 6.69446 23.6
      vertex 5.11612 6.88388 13.6
      vertex 5.11612 6.88388 23.6
    endloop
  endfacet
  facet normal 0.772996 -0.63441 0
    outer loop
      vertex 5.11612 6.88388 13.6
      vertex 4.96066 6.69446 23.6
      vertex 4.96066 6.69446 13.6
    endloop
  endfacet
  facet normal -0.995184 0.0980248 0
    outer loop
      vertex 7.22598 5.75614 13.6
      vertex 7.25 6 23.6
      vertex 7.25 6 13.6
    endloop
  endfacet
  facet normal -0.995184 0.0980248 0
    outer loop
      vertex 7.25 6 23.6
      vertex 7.22598 5.75614 13.6
      vertex 7.22598 5.75614 23.6
    endloop
  endfacet
  facet normal 0.772996 0.63441 0
    outer loop
      vertex 5.11612 5.11612 23.6
      vertex 4.96066 5.30554 13.6
      vertex 4.96066 5.30554 23.6
    endloop
  endfacet
  facet normal 0.772996 0.63441 0
    outer loop
      vertex 4.96066 5.30554 13.6
      vertex 5.11612 5.11612 23.6
      vertex 5.11612 5.11612 13.6
    endloop
  endfacet
  facet normal -0.63441 0.772996 0
    outer loop
      vertex 6.88388 5.11612 13.6
      vertex 6.69446 4.96066 23.6
      vertex 6.88388 5.11612 23.6
    endloop
  endfacet
  facet normal -0.63441 0.772996 0
    outer loop
      vertex 6.69446 4.96066 23.6
      vertex 6.88388 5.11612 13.6
      vertex 6.69446 4.96066 13.6
    endloop
  endfacet
  facet normal 0.995184 0.0980248 0
    outer loop
      vertex 4.77402 5.75614 23.6
      vertex 4.75 6 13.6
      vertex 4.75 6 23.6
    endloop
  endfacet
  facet normal 0.995184 0.0980248 0
    outer loop
      vertex 4.75 6 13.6
      vertex 4.77402 5.75614 23.6
      vertex 4.77402 5.75614 13.6
    endloop
  endfacet
  facet normal 0.0980248 0.995184 -0
    outer loop
      vertex 6 4.75 13.6
      vertex 5.75614 4.77402 23.6
      vertex 6 4.75 23.6
    endloop
  endfacet
  facet normal 0.0980248 0.995184 0
    outer loop
      vertex 5.75614 4.77402 23.6
      vertex 6 4.75 13.6
      vertex 5.75614 4.77402 13.6
    endloop
  endfacet
  facet normal 0.290278 0.956942 -0
    outer loop
      vertex 5.75614 4.77402 13.6
      vertex 5.52165 4.84515 23.6
      vertex 5.75614 4.77402 23.6
    endloop
  endfacet
  facet normal 0.290278 0.956942 0
    outer loop
      vertex 5.52165 4.84515 23.6
      vertex 5.75614 4.77402 13.6
      vertex 5.52165 4.84515 13.6
    endloop
  endfacet
  facet normal -0.881823 0.47158 0
    outer loop
      vertex 99.7664 7.33939 2.5
      vertex 100.09 7.9445 23.6
      vertex 100.09 7.9445 2.5
    endloop
  endfacet
  facet normal -0.881823 0.47158 0
    outer loop
      vertex 100.09 7.9445 23.6
      vertex 99.7664 7.33939 2.5
      vertex 99.7664 7.33939 23.6
    endloop
  endfacet
  facet normal 0.957008 0.29006 0
    outer loop
      vertex 106.433 6.68282 23.6
      vertex 106.234 7.33939 2.5
      vertex 106.234 7.33939 23.6
    endloop
  endfacet
  facet normal 0.957008 0.29006 0
    outer loop
      vertex 106.234 7.33939 2.5
      vertex 106.433 6.68282 23.6
      vertex 106.433 6.68282 2.5
    endloop
  endfacet
  facet normal 0.99522 0.0976535 0
    outer loop
      vertex 106.5 6 23.6
      vertex 106.433 6.68282 2.5
      vertex 106.433 6.68282 23.6
    endloop
  endfacet
  facet normal 0.99522 0.0976535 0
    outer loop
      vertex 106.433 6.68282 2.5
      vertex 106.5 6 23.6
      vertex 106.5 6 2.5
    endloop
  endfacet
  facet normal 0.290518 -0.95687 0
    outer loop
      vertex 103.683 2.56725 2.5
      vertex 104.339 2.76642 23.6
      vertex 103.683 2.56725 23.6
    endloop
  endfacet
  facet normal 0.290518 -0.95687 0
    outer loop
      vertex 104.339 2.76642 23.6
      vertex 103.683 2.56725 2.5
      vertex 104.339 2.76642 2.5
    endloop
  endfacet
  facet normal -0.956968 -0.290193 0
    outer loop
      vertex 99.7664 4.66061 2.5
      vertex 99.5673 5.31718 23.6
      vertex 99.5673 5.31718 2.5
    endloop
  endfacet
  facet normal -0.956968 -0.290193 0
    outer loop
      vertex 99.5673 5.31718 23.6
      vertex 99.7664 4.66061 2.5
      vertex 99.7664 4.66061 23.6
    endloop
  endfacet
  facet normal 0.773199 -0.634164 0
    outer loop
      vertex 105.475 3.52513 23.6
      vertex 105.91 4.0555 2.5
      vertex 105.91 4.0555 23.6
    endloop
  endfacet
  facet normal 0.773199 -0.634164 0
    outer loop
      vertex 105.91 4.0555 2.5
      vertex 105.475 3.52513 23.6
      vertex 105.475 3.52513 2.5
    endloop
  endfacet
  facet normal 0.633949 0.773375 -0
    outer loop
      vertex 105.475 8.47487 2.5
      vertex 104.944 8.91014 23.6
      vertex 105.475 8.47487 23.6
    endloop
  endfacet
  facet normal 0.633949 0.773375 0
    outer loop
      vertex 104.944 8.91014 23.6
      vertex 105.475 8.47487 2.5
      vertex 104.944 8.91014 2.5
    endloop
  endfacet
  facet normal 0.290518 0.95687 -0
    outer loop
      vertex 104.339 9.23358 2.5
      vertex 103.683 9.43275 23.6
      vertex 104.339 9.23358 23.6
    endloop
  endfacet
  facet normal 0.290518 0.95687 0
    outer loop
      vertex 103.683 9.43275 23.6
      vertex 104.339 9.23358 2.5
      vertex 103.683 9.43275 2.5
    endloop
  endfacet
  facet normal -0.881823 -0.47158 0
    outer loop
      vertex 100.09 4.0555 2.5
      vertex 99.7664 4.66061 23.6
      vertex 99.7664 4.66061 2.5
    endloop
  endfacet
  facet normal -0.881823 -0.47158 0
    outer loop
      vertex 99.7664 4.66061 23.6
      vertex 100.09 4.0555 2.5
      vertex 100.09 4.0555 23.6
    endloop
  endfacet
  facet normal 0.773199 0.634164 0
    outer loop
      vertex 105.91 7.9445 23.6
      vertex 105.475 8.47487 2.5
      vertex 105.475 8.47487 23.6
    endloop
  endfacet
  facet normal 0.773199 0.634164 0
    outer loop
      vertex 105.475 8.47487 2.5
      vertex 105.91 7.9445 23.6
      vertex 105.91 7.9445 2.5
    endloop
  endfacet
  facet normal 0.0979888 0.995188 -0
    outer loop
      vertex 103.683 9.43275 2.5
      vertex 103 9.5 23.6
      vertex 103.683 9.43275 23.6
    endloop
  endfacet
  facet normal 0.0979888 0.995188 0
    outer loop
      vertex 103 9.5 23.6
      vertex 103.683 9.43275 2.5
      vertex 103 9.5 2.5
    endloop
  endfacet
  facet normal -0.290518 0.95687 0
    outer loop
      vertex 102.317 9.43275 2.5
      vertex 101.661 9.23358 23.6
      vertex 102.317 9.43275 23.6
    endloop
  endfacet
  facet normal -0.290518 0.95687 0
    outer loop
      vertex 101.661 9.23358 23.6
      vertex 102.317 9.43275 2.5
      vertex 101.661 9.23358 2.5
    endloop
  endfacet
  facet normal 0 0 1
    outer loop
      vertex 104.25 6 23.6
      vertex 106.5 6 23.6
      vertex 106.433 6.68282 23.6
    endloop
  endfacet
  facet normal 0 0 1
    outer loop
      vertex 104.226 6.24386 23.6
      vertex 106.433 6.68282 23.6
      vertex 106.234 7.33939 23.6
    endloop
  endfacet
  facet normal 0 0 1
    outer loop
      vertex 106.5 6 23.6
      vertex 104.25 6 23.6
      vertex 106.433 5.31718 23.6
    endloop
  endfacet
  facet normal 0 0 1
    outer loop
      vertex 104.155 6.47835 23.6
      vertex 106.234 7.33939 23.6
      vertex 105.91 7.9445 23.6
    endloop
  endfacet
  facet normal -0 0 1
    outer loop
      vertex 104.226 5.75614 23.6
      vertex 106.433 5.31718 23.6
      vertex 104.25 6 23.6
    endloop
  endfacet
  facet normal 0 0 1
    outer loop
      vertex 104.039 6.69446 23.6
      vertex 105.91 7.9445 23.6
      vertex 105.475 8.47487 23.6
    endloop
  endfacet
  facet normal 0 0 1
    outer loop
      vertex 106.433 5.31718 23.6
      vertex 104.226 5.75614 23.6
      vertex 106.234 4.66061 23.6
    endloop
  endfacet
  facet normal 0 0 1
    outer loop
      vertex 103.884 6.88388 23.6
      vertex 105.475 8.47487 23.6
      vertex 104.944 8.91014 23.6
    endloop
  endfacet
  facet normal -0 0 1
    outer loop
      vertex 104.155 5.52165 23.6
      vertex 106.234 4.66061 23.6
      vertex 104.226 5.75614 23.6
    endloop
  endfacet
  facet normal 0 0 1
    outer loop
      vertex 103.694 7.03934 23.6
      vertex 104.944 8.91014 23.6
      vertex 104.339 9.23358 23.6
    endloop
  endfacet
  facet normal 0 0 1
    outer loop
      vertex 106.234 4.66061 23.6
      vertex 104.155 5.52165 23.6
      vertex 105.91 4.0555 23.6
    endloop
  endfacet
  facet normal -0 0 1
    outer loop
      vertex 104.039 5.30554 23.6
      vertex 105.91 4.0555 23.6
      vertex 104.155 5.52165 23.6
    endloop
  endfacet
  facet normal 0 0 1
    outer loop
      vertex 106.433 6.68282 23.6
      vertex 104.226 6.24386 23.6
      vertex 104.25 6 23.6
    endloop
  endfacet
  facet normal 0 0 1
    outer loop
      vertex 106.234 7.33939 23.6
      vertex 104.155 6.47835 23.6
      vertex 104.226 6.24386 23.6
    endloop
  endfacet
  facet normal 0 0 1
    outer loop
      vertex 105.91 7.9445 23.6
      vertex 104.039 6.69446 23.6
      vertex 104.155 6.47835 23.6
    endloop
  endfacet
  facet normal 0 0 1
    outer loop
      vertex 105.475 8.47487 23.6
      vertex 103.884 6.88388 23.6
      vertex 104.039 6.69446 23.6
    endloop
  endfacet
  facet normal 0 0 1
    outer loop
      vertex 104.944 8.91014 23.6
      vertex 103.694 7.03934 23.6
      vertex 103.884 6.88388 23.6
    endloop
  endfacet
  facet normal 0 0 1
    outer loop
      vertex 103.478 7.15485 23.6
      vertex 104.339 9.23358 23.6
      vertex 103.683 9.43275 23.6
    endloop
  endfacet
  facet normal 0 0 1
    outer loop
      vertex 104.339 9.23358 23.6
      vertex 103.478 7.15485 23.6
      vertex 103.694 7.03934 23.6
    endloop
  endfacet
  facet normal 0 0 1
    outer loop
      vertex 103.683 9.43275 23.6
      vertex 103.244 7.22598 23.6
      vertex 103.478 7.15485 23.6
    endloop
  endfacet
  facet normal 0 0 1
    outer loop
      vertex 103 9.5 23.6
      vertex 103.244 7.22598 23.6
      vertex 103.683 9.43275 23.6
    endloop
  endfacet
  facet normal 0 0 1
    outer loop
      vertex 103 9.5 23.6
      vertex 103 7.25 23.6
      vertex 103.244 7.22598 23.6
    endloop
  endfacet
  facet normal 0 0 1
    outer loop
      vertex 103 9.5 23.6
      vertex 102.756 7.22598 23.6
      vertex 103 7.25 23.6
    endloop
  endfacet
  facet normal -0 0 1
    outer loop
      vertex 102.317 9.43275 23.6
      vertex 102.756 7.22598 23.6
      vertex 103 9.5 23.6
    endloop
  endfacet
  facet normal 0 0 1
    outer loop
      vertex 102.756 7.22598 23.6
      vertex 102.317 9.43275 23.6
      vertex 102.522 7.15485 23.6
    endloop
  endfacet
  facet normal -0 0 1
    outer loop
      vertex 101.661 9.23358 23.6
      vertex 102.522 7.15485 23.6
      vertex 102.317 9.43275 23.6
    endloop
  endfacet
  facet normal 0 0 1
    outer loop
      vertex 102.522 7.15485 23.6
      vertex 101.661 9.23358 23.6
      vertex 102.306 7.03934 23.6
    endloop
  endfacet
  facet normal -0 0 1
    outer loop
      vertex 101.056 8.91014 23.6
      vertex 102.306 7.03934 23.6
      vertex 101.661 9.23358 23.6
    endloop
  endfacet
  facet normal 0 0 1
    outer loop
      vertex 102.306 7.03934 23.6
      vertex 101.056 8.91014 23.6
      vertex 102.116 6.88388 23.6
    endloop
  endfacet
  facet normal -0 0 1
    outer loop
      vertex 100.525 8.47487 23.6
      vertex 102.116 6.88388 23.6
      vertex 101.056 8.91014 23.6
    endloop
  endfacet
  facet normal -0 0 1
    outer loop
      vertex 100.09 7.9445 23.6
      vertex 101.961 6.69446 23.6
      vertex 100.525 8.47487 23.6
    endloop
  endfacet
  facet normal 0 0 1
    outer loop
      vertex 102.116 6.88388 23.6
      vertex 100.525 8.47487 23.6
      vertex 101.961 6.69446 23.6
    endloop
  endfacet
  facet normal 0 0 1
    outer loop
      vertex 105.91 4.0555 23.6
      vertex 104.039 5.30554 23.6
      vertex 105.475 3.52513 23.6
    endloop
  endfacet
  facet normal -0 0 1
    outer loop
      vertex 103.884 5.11612 23.6
      vertex 105.475 3.52513 23.6
      vertex 104.039 5.30554 23.6
    endloop
  endfacet
  facet normal 0 0 1
    outer loop
      vertex 105.475 3.52513 23.6
      vertex 103.884 5.11612 23.6
      vertex 104.944 3.08986 23.6
    endloop
  endfacet
  facet normal -0 0 1
    outer loop
      vertex 103.694 4.96066 23.6
      vertex 104.944 3.08986 23.6
      vertex 103.884 5.11612 23.6
    endloop
  endfacet
  facet normal 0 0 1
    outer loop
      vertex 104.944 3.08986 23.6
      vertex 103.694 4.96066 23.6
      vertex 104.339 2.76642 23.6
    endloop
  endfacet
  facet normal -0 0 1
    outer loop
      vertex 103.478 4.84515 23.6
      vertex 104.339 2.76642 23.6
      vertex 103.694 4.96066 23.6
    endloop
  endfacet
  facet normal 0 0 1
    outer loop
      vertex 104.339 2.76642 23.6
      vertex 103.478 4.84515 23.6
      vertex 103.683 2.56725 23.6
    endloop
  endfacet
  facet normal -0 0 1
    outer loop
      vertex 103.244 4.77402 23.6
      vertex 103.683 2.56725 23.6
      vertex 103.478 4.84515 23.6
    endloop
  endfacet
  facet normal -0 0 1
    outer loop
      vertex 103 4.75 23.6
      vertex 103.683 2.56725 23.6
      vertex 103.244 4.77402 23.6
    endloop
  endfacet
  facet normal 0 0 1
    outer loop
      vertex 103 4.75 23.6
      vertex 103 2.5 23.6
      vertex 103.683 2.56725 23.6
    endloop
  endfacet
  facet normal 0 0 1
    outer loop
      vertex 102.756 4.77402 23.6
      vertex 103 2.5 23.6
      vertex 103 4.75 23.6
    endloop
  endfacet
  facet normal 0 0 1
    outer loop
      vertex 102.317 2.56725 23.6
      vertex 102.756 4.77402 23.6
      vertex 102.522 4.84515 23.6
    endloop
  endfacet
  facet normal 0 0 1
    outer loop
      vertex 102.756 4.77402 23.6
      vertex 102.317 2.56725 23.6
      vertex 103 2.5 23.6
    endloop
  endfacet
  facet normal 0 0 1
    outer loop
      vertex 101.661 2.76642 23.6
      vertex 102.522 4.84515 23.6
      vertex 102.306 4.96066 23.6
    endloop
  endfacet
  facet normal 0 0 1
    outer loop
      vertex 101.056 3.08986 23.6
      vertex 102.306 4.96066 23.6
      vertex 102.116 5.11612 23.6
    endloop
  endfacet
  facet normal 0 0 1
    outer loop
      vertex 100.525 3.52513 23.6
      vertex 102.116 5.11612 23.6
      vertex 101.961 5.30554 23.6
    endloop
  endfacet
  facet normal 0 0 1
    outer loop
      vertex 100.09 4.0555 23.6
      vertex 101.961 5.30554 23.6
      vertex 101.845 5.52165 23.6
    endloop
  endfacet
  facet normal 0 0 1
    outer loop
      vertex 99.7664 4.66061 23.6
      vertex 101.845 5.52165 23.6
      vertex 101.774 5.75614 23.6
    endloop
  endfacet
  facet normal 0 0 1
    outer loop
      vertex 102.522 4.84515 23.6
      vertex 101.661 2.76642 23.6
      vertex 102.317 2.56725 23.6
    endloop
  endfacet
  facet normal 0 0 1
    outer loop
      vertex 99.5673 5.31718 23.6
      vertex 101.774 5.75614 23.6
      vertex 101.75 6 23.6
    endloop
  endfacet
  facet normal 0 0 1
    outer loop
      vertex 101.961 6.69446 23.6
      vertex 100.09 7.9445 23.6
      vertex 101.845 6.47835 23.6
    endloop
  endfacet
  facet normal -0 0 1
    outer loop
      vertex 99.7664 7.33939 23.6
      vertex 101.845 6.47835 23.6
      vertex 100.09 7.9445 23.6
    endloop
  endfacet
  facet normal 0 0 1
    outer loop
      vertex 102.306 4.96066 23.6
      vertex 101.056 3.08986 23.6
      vertex 101.661 2.76642 23.6
    endloop
  endfacet
  facet normal 0 0 1
    outer loop
      vertex 101.845 6.47835 23.6
      vertex 99.7664 7.33939 23.6
      vertex 101.774 6.24386 23.6
    endloop
  endfacet
  facet normal 0 0 1
    outer loop
      vertex 102.116 5.11612 23.6
      vertex 100.525 3.52513 23.6
      vertex 101.056 3.08986 23.6
    endloop
  endfacet
  facet normal -0 0 1
    outer loop
      vertex 99.5673 6.68282 23.6
      vertex 101.774 6.24386 23.6
      vertex 99.7664 7.33939 23.6
    endloop
  endfacet
  facet normal 0 0 1
    outer loop
      vertex 101.961 5.30554 23.6
      vertex 100.09 4.0555 23.6
      vertex 100.525 3.52513 23.6
    endloop
  endfacet
  facet normal 0 0 1
    outer loop
      vertex 101.774 6.24386 23.6
      vertex 99.5673 6.68282 23.6
      vertex 101.75 6 23.6
    endloop
  endfacet
  facet normal 0 0 1
    outer loop
      vertex 101.845 5.52165 23.6
      vertex 99.7664 4.66061 23.6
      vertex 100.09 4.0555 23.6
    endloop
  endfacet
  facet normal 0 0 1
    outer loop
      vertex 99.5 6 23.6
      vertex 101.75 6 23.6
      vertex 99.5673 6.68282 23.6
    endloop
  endfacet
  facet normal 0 0 1
    outer loop
      vertex 101.774 5.75614 23.6
      vertex 99.5673 5.31718 23.6
      vertex 99.7664 4.66061 23.6
    endloop
  endfacet
  facet normal 0 0 1
    outer loop
      vertex 101.75 6 23.6
      vertex 99.5 6 23.6
      vertex 99.5673 5.31718 23.6
    endloop
  endfacet
  facet normal -0.633949 -0.773375 0
    outer loop
      vertex 100.525 3.52513 2.5
      vertex 101.056 3.08986 23.6
      vertex 100.525 3.52513 23.6
    endloop
  endfacet
  facet normal -0.633949 -0.773375 -0
    outer loop
      vertex 101.056 3.08986 23.6
      vertex 100.525 3.52513 2.5
      vertex 101.056 3.08986 2.5
    endloop
  endfacet
  facet normal 0.471466 0.881884 -0
    outer loop
      vertex 104.944 8.91014 2.5
      vertex 104.339 9.23358 23.6
      vertex 104.944 8.91014 23.6
    endloop
  endfacet
  facet normal 0.471466 0.881884 0
    outer loop
      vertex 104.339 9.23358 23.6
      vertex 104.944 8.91014 2.5
      vertex 104.339 9.23358 2.5
    endloop
  endfacet
  facet normal -0.995178 0.0980866 0
    outer loop
      vertex 99.5 6 2.5
      vertex 99.5673 6.68282 23.6
      vertex 99.5673 6.68282 2.5
    endloop
  endfacet
  facet normal -0.995178 0.0980866 0
    outer loop
      vertex 99.5673 6.68282 23.6
      vertex 99.5 6 2.5
      vertex 99.5 6 23.6
    endloop
  endfacet
  facet normal 0.881581 -0.472033 0
    outer loop
      vertex 105.91 4.0555 23.6
      vertex 106.234 4.66061 2.5
      vertex 106.234 4.66061 23.6
    endloop
  endfacet
  facet normal 0.881581 -0.472033 0
    outer loop
      vertex 106.234 4.66061 2.5
      vertex 105.91 4.0555 23.6
      vertex 105.91 4.0555 2.5
    endloop
  endfacet
  facet normal 0.471466 -0.881884 0
    outer loop
      vertex 104.339 2.76642 2.5
      vertex 104.944 3.08986 23.6
      vertex 104.339 2.76642 23.6
    endloop
  endfacet
  facet normal 0.471466 -0.881884 0
    outer loop
      vertex 104.944 3.08986 23.6
      vertex 104.339 2.76642 2.5
      vertex 104.944 3.08986 2.5
    endloop
  endfacet
  facet normal -0.633949 0.773375 0
    outer loop
      vertex 101.056 8.91014 2.5
      vertex 100.525 8.47487 23.6
      vertex 101.056 8.91014 23.6
    endloop
  endfacet
  facet normal -0.633949 0.773375 0
    outer loop
      vertex 100.525 8.47487 23.6
      vertex 101.056 8.91014 2.5
      vertex 100.525 8.47487 2.5
    endloop
  endfacet
  facet normal -0.471466 0.881884 0
    outer loop
      vertex 101.661 9.23358 2.5
      vertex 101.056 8.91014 23.6
      vertex 101.661 9.23358 23.6
    endloop
  endfacet
  facet normal -0.471466 0.881884 0
    outer loop
      vertex 101.056 8.91014 23.6
      vertex 101.661 9.23358 2.5
      vertex 101.056 8.91014 2.5
    endloop
  endfacet
  facet normal 0.0979888 -0.995188 0
    outer loop
      vertex 103 2.5 2.5
      vertex 103.683 2.56725 23.6
      vertex 103 2.5 23.6
    endloop
  endfacet
  facet normal 0.0979888 -0.995188 0
    outer loop
      vertex 103.683 2.56725 23.6
      vertex 103 2.5 2.5
      vertex 103.683 2.56725 2.5
    endloop
  endfacet
  facet normal -0.471466 -0.881884 0
    outer loop
      vertex 101.056 3.08986 2.5
      vertex 101.661 2.76642 23.6
      vertex 101.056 3.08986 23.6
    endloop
  endfacet
  facet normal -0.471466 -0.881884 -0
    outer loop
      vertex 101.661 2.76642 23.6
      vertex 101.056 3.08986 2.5
      vertex 101.661 2.76642 2.5
    endloop
  endfacet
  facet normal -0.956968 0.290193 0
    outer loop
      vertex 99.5673 6.68282 2.5
      vertex 99.7664 7.33939 23.6
      vertex 99.7664 7.33939 2.5
    endloop
  endfacet
  facet normal -0.956968 0.290193 0
    outer loop
      vertex 99.7664 7.33939 23.6
      vertex 99.5673 6.68282 2.5
      vertex 99.5673 6.68282 23.6
    endloop
  endfacet
  facet normal 0.957008 -0.29006 0
    outer loop
      vertex 106.234 4.66061 23.6
      vertex 106.433 5.31718 2.5
      vertex 106.433 5.31718 23.6
    endloop
  endfacet
  facet normal 0.957008 -0.29006 0
    outer loop
      vertex 106.433 5.31718 2.5
      vertex 106.234 4.66061 23.6
      vertex 106.234 4.66061 2.5
    endloop
  endfacet
  facet normal 0.881581 0.472033 0
    outer loop
      vertex 106.234 7.33939 23.6
      vertex 105.91 7.9445 2.5
      vertex 105.91 7.9445 23.6
    endloop
  endfacet
  facet normal 0.881581 0.472033 0
    outer loop
      vertex 105.91 7.9445 2.5
      vertex 106.234 7.33939 23.6
      vertex 106.234 7.33939 2.5
    endloop
  endfacet
  facet normal -0.0979888 0.995188 0
    outer loop
      vertex 103 9.5 2.5
      vertex 102.317 9.43275 23.6
      vertex 103 9.5 23.6
    endloop
  endfacet
  facet normal -0.0979888 0.995188 0
    outer loop
      vertex 102.317 9.43275 23.6
      vertex 103 9.5 2.5
      vertex 102.317 9.43275 2.5
    endloop
  endfacet
  facet normal -0.773199 0.634164 0
    outer loop
      vertex 100.09 7.9445 2.5
      vertex 100.525 8.47487 23.6
      vertex 100.525 8.47487 2.5
    endloop
  endfacet
  facet normal -0.773199 0.634164 0
    outer loop
      vertex 100.525 8.47487 23.6
      vertex 100.09 7.9445 2.5
      vertex 100.09 7.9445 23.6
    endloop
  endfacet
  facet normal 0.99522 -0.0976535 0
    outer loop
      vertex 106.433 5.31718 23.6
      vertex 106.5 6 2.5
      vertex 106.5 6 23.6
    endloop
  endfacet
  facet normal 0.99522 -0.0976535 0
    outer loop
      vertex 106.5 6 2.5
      vertex 106.433 5.31718 23.6
      vertex 106.433 5.31718 2.5
    endloop
  endfacet
  facet normal -0.773199 -0.634164 0
    outer loop
      vertex 100.525 3.52513 2.5
      vertex 100.09 4.0555 23.6
      vertex 100.09 4.0555 2.5
    endloop
  endfacet
  facet normal -0.773199 -0.634164 0
    outer loop
      vertex 100.09 4.0555 23.6
      vertex 100.525 3.52513 2.5
      vertex 100.525 3.52513 23.6
    endloop
  endfacet
  facet normal 0.633949 -0.773375 0
    outer loop
      vertex 104.944 3.08986 2.5
      vertex 105.475 3.52513 23.6
      vertex 104.944 3.08986 23.6
    endloop
  endfacet
  facet normal 0.633949 -0.773375 0
    outer loop
      vertex 105.475 3.52513 23.6
      vertex 104.944 3.08986 2.5
      vertex 105.475 3.52513 2.5
    endloop
  endfacet
  facet normal -0.995178 -0.0980866 0
    outer loop
      vertex 99.5673 5.31718 2.5
      vertex 99.5 6 23.6
      vertex 99.5 6 2.5
    endloop
  endfacet
  facet normal -0.995178 -0.0980866 0
    outer loop
      vertex 99.5 6 23.6
      vertex 99.5673 5.31718 2.5
      vertex 99.5673 5.31718 23.6
    endloop
  endfacet
  facet normal -0.0979888 -0.995188 0
    outer loop
      vertex 102.317 2.56725 2.5
      vertex 103 2.5 23.6
      vertex 102.317 2.56725 23.6
    endloop
  endfacet
  facet normal -0.0979888 -0.995188 -0
    outer loop
      vertex 103 2.5 23.6
      vertex 102.317 2.56725 2.5
      vertex 103 2.5 2.5
    endloop
  endfacet
  facet normal -0.290518 -0.95687 0
    outer loop
      vertex 101.661 2.76642 2.5
      vertex 102.317 2.56725 23.6
      vertex 101.661 2.76642 23.6
    endloop
  endfacet
  facet normal -0.290518 -0.95687 -0
    outer loop
      vertex 102.317 2.56725 23.6
      vertex 101.661 2.76642 2.5
      vertex 102.317 2.56725 2.5
    endloop
  endfacet
  facet normal 0.881095 -0.47294 0
    outer loop
      vertex 101.845 6.47835 23.6
      vertex 101.961 6.69446 13.6
      vertex 101.961 6.69446 23.6
    endloop
  endfacet
  facet normal 0.881095 -0.47294 0
    outer loop
      vertex 101.961 6.69446 13.6
      vertex 101.845 6.47835 23.6
      vertex 101.845 6.47835 13.6
    endloop
  endfacet
  facet normal -0.95709 -0.289792 0
    outer loop
      vertex 104.226 6.24386 13.6
      vertex 104.155 6.47835 23.6
      vertex 104.155 6.47835 13.6
    endloop
  endfacet
  facet normal -0.95709 -0.289792 0
    outer loop
      vertex 104.155 6.47835 23.6
      vertex 104.226 6.24386 13.6
      vertex 104.226 6.24386 23.6
    endloop
  endfacet
  facet normal -0.995192 -0.0979439 0
    outer loop
      vertex 104.25 6 13.6
      vertex 104.226 6.24386 23.6
      vertex 104.226 6.24386 13.6
    endloop
  endfacet
  facet normal -0.995192 -0.0979439 0
    outer loop
      vertex 104.226 6.24386 23.6
      vertex 104.25 6 13.6
      vertex 104.25 6 23.6
    endloop
  endfacet
  facet normal -0.290835 0.956773 0
    outer loop
      vertex 103.478 4.84515 13.6
      vertex 103.244 4.77402 23.6
      vertex 103.478 4.84515 23.6
    endloop
  endfacet
  facet normal -0.290835 0.956773 0
    outer loop
      vertex 103.244 4.77402 23.6
      vertex 103.478 4.84515 13.6
      vertex 103.244 4.77402 13.6
    endloop
  endfacet
  facet normal 0.95709 0.289792 0
    outer loop
      vertex 101.845 5.52165 23.6
      vertex 101.774 5.75614 13.6
      vertex 101.774 5.75614 23.6
    endloop
  endfacet
  facet normal 0.95709 0.289792 0
    outer loop
      vertex 101.774 5.75614 13.6
      vertex 101.845 5.52165 23.6
      vertex 101.845 5.52165 13.6
    endloop
  endfacet
  facet normal -0.773917 0.633287 0
    outer loop
      vertex 103.884 5.11612 13.6
      vertex 104.039 5.30554 23.6
      vertex 104.039 5.30554 13.6
    endloop
  endfacet
  facet normal -0.773917 0.633287 0
    outer loop
      vertex 104.039 5.30554 23.6
      vertex 103.884 5.11612 13.6
      vertex 103.884 5.11612 23.6
    endloop
  endfacet
  facet normal -0.633251 -0.773946 0
    outer loop
      vertex 103.694 7.03934 13.6
      vertex 103.884 6.88388 23.6
      vertex 103.694 7.03934 23.6
    endloop
  endfacet
  facet normal -0.633251 -0.773946 -0
    outer loop
      vertex 103.884 6.88388 23.6
      vertex 103.694 7.03934 13.6
      vertex 103.884 6.88388 13.6
    endloop
  endfacet
  facet normal -0.290835 -0.956773 0
    outer loop
      vertex 103.244 7.22598 13.6
      vertex 103.478 7.15485 23.6
      vertex 103.244 7.22598 23.6
    endloop
  endfacet
  facet normal -0.290835 -0.956773 -0
    outer loop
      vertex 103.478 7.15485 23.6
      vertex 103.244 7.22598 13.6
      vertex 103.478 7.15485 13.6
    endloop
  endfacet
  facet normal 0.881095 0.47294 0
    outer loop
      vertex 101.961 5.30554 23.6
      vertex 101.845 5.52165 13.6
      vertex 101.845 5.52165 23.6
    endloop
  endfacet
  facet normal 0.881095 0.47294 0
    outer loop
      vertex 101.845 5.52165 13.6
      vertex 101.961 5.30554 23.6
      vertex 101.961 5.30554 13.6
    endloop
  endfacet
  facet normal -0.773917 -0.633287 0
    outer loop
      vertex 104.039 6.69446 13.6
      vertex 103.884 6.88388 23.6
      vertex 103.884 6.88388 13.6
    endloop
  endfacet
  facet normal -0.773917 -0.633287 0
    outer loop
      vertex 103.884 6.88388 23.6
      vertex 104.039 6.69446 13.6
      vertex 104.039 6.69446 23.6
    endloop
  endfacet
  facet normal -0.0979691 -0.995189 0
    outer loop
      vertex 103 7.25 13.6
      vertex 103.244 7.22598 23.6
      vertex 103 7.25 23.6
    endloop
  endfacet
  facet normal -0.0979691 -0.995189 -0
    outer loop
      vertex 103.244 7.22598 23.6
      vertex 103 7.25 13.6
      vertex 103.244 7.22598 13.6
    endloop
  endfacet
  facet normal 0.290835 -0.956773 0
    outer loop
      vertex 102.522 7.15485 13.6
      vertex 102.756 7.22598 23.6
      vertex 102.522 7.15485 23.6
    endloop
  endfacet
  facet normal 0.290835 -0.956773 0
    outer loop
      vertex 102.756 7.22598 23.6
      vertex 102.522 7.15485 13.6
      vertex 102.756 7.22598 13.6
    endloop
  endfacet
  facet normal 0.633251 0.773946 -0
    outer loop
      vertex 102.306 4.96066 13.6
      vertex 102.116 5.11612 23.6
      vertex 102.306 4.96066 23.6
    endloop
  endfacet
  facet normal 0.633251 0.773946 0
    outer loop
      vertex 102.116 5.11612 23.6
      vertex 102.306 4.96066 13.6
      vertex 102.116 5.11612 13.6
    endloop
  endfacet
  facet normal -0.471573 -0.881827 0
    outer loop
      vertex 103.478 7.15485 13.6
      vertex 103.694 7.03934 23.6
      vertex 103.478 7.15485 23.6
    endloop
  endfacet
  facet normal -0.471573 -0.881827 -0
    outer loop
      vertex 103.694 7.03934 23.6
      vertex 103.478 7.15485 13.6
      vertex 103.694 7.03934 13.6
    endloop
  endfacet
  facet normal 0.995192 -0.0979439 0
    outer loop
      vertex 101.75 6 23.6
      vertex 101.774 6.24386 13.6
      vertex 101.774 6.24386 23.6
    endloop
  endfacet
  facet normal 0.995192 -0.0979439 0
    outer loop
      vertex 101.774 6.24386 13.6
      vertex 101.75 6 23.6
      vertex 101.75 6 13.6
    endloop
  endfacet
  facet normal -0.881095 0.47294 0
    outer loop
      vertex 104.039 5.30554 13.6
      vertex 104.155 5.52165 23.6
      vertex 104.155 5.52165 13.6
    endloop
  endfacet
  facet normal -0.881095 0.47294 0
    outer loop
      vertex 104.155 5.52165 23.6
      vertex 104.039 5.30554 13.6
      vertex 104.039 5.30554 23.6
    endloop
  endfacet
  facet normal -0.471573 0.881827 0
    outer loop
      vertex 103.694 4.96066 13.6
      vertex 103.478 4.84515 23.6
      vertex 103.694 4.96066 23.6
    endloop
  endfacet
  facet normal -0.471573 0.881827 0
    outer loop
      vertex 103.478 4.84515 23.6
      vertex 103.694 4.96066 13.6
      vertex 103.478 4.84515 13.6
    endloop
  endfacet
  facet normal 0 0 1
    outer loop
      vertex 104.226 6.24386 13.6
      vertex 104.226 5.75614 13.6
      vertex 104.25 6 13.6
    endloop
  endfacet
  facet normal 0 0 1
    outer loop
      vertex 104.155 6.47835 13.6
      vertex 104.226 5.75614 13.6
      vertex 104.226 6.24386 13.6
    endloop
  endfacet
  facet normal 0 0 1
    outer loop
      vertex 104.155 6.47835 13.6
      vertex 104.155 5.52165 13.6
      vertex 104.226 5.75614 13.6
    endloop
  endfacet
  facet normal 0 0 1
    outer loop
      vertex 104.039 6.69446 13.6
      vertex 104.155 5.52165 13.6
      vertex 104.155 6.47835 13.6
    endloop
  endfacet
  facet normal 0 0 1
    outer loop
      vertex 104.039 6.69446 13.6
      vertex 104.039 5.30554 13.6
      vertex 104.155 5.52165 13.6
    endloop
  endfacet
  facet normal 0 0 1
    outer loop
      vertex 103.884 6.88388 13.6
      vertex 104.039 5.30554 13.6
      vertex 104.039 6.69446 13.6
    endloop
  endfacet
  facet normal 0 0 1
    outer loop
      vertex 103.884 6.88388 13.6
      vertex 103.884 5.11612 13.6
      vertex 104.039 5.30554 13.6
    endloop
  endfacet
  facet normal 0 0 1
    outer loop
      vertex 103.694 7.03934 13.6
      vertex 103.884 5.11612 13.6
      vertex 103.884 6.88388 13.6
    endloop
  endfacet
  facet normal 0 0 1
    outer loop
      vertex 103.694 7.03934 13.6
      vertex 103.694 4.96066 13.6
      vertex 103.884 5.11612 13.6
    endloop
  endfacet
  facet normal 0 0 1
    outer loop
      vertex 103.478 7.15485 13.6
      vertex 103.694 4.96066 13.6
      vertex 103.694 7.03934 13.6
    endloop
  endfacet
  facet normal 0 0 1
    outer loop
      vertex 103.478 7.15485 13.6
      vertex 103.478 4.84515 13.6
      vertex 103.694 4.96066 13.6
    endloop
  endfacet
  facet normal 0 0 1
    outer loop
      vertex 103.244 7.22598 13.6
      vertex 103.478 4.84515 13.6
      vertex 103.478 7.15485 13.6
    endloop
  endfacet
  facet normal 0 0 1
    outer loop
      vertex 103.244 7.22598 13.6
      vertex 103.244 4.77402 13.6
      vertex 103.478 4.84515 13.6
    endloop
  endfacet
  facet normal 0 0 1
    outer loop
      vertex 103 7.25 13.6
      vertex 103.244 4.77402 13.6
      vertex 103.244 7.22598 13.6
    endloop
  endfacet
  facet normal 0 0 1
    outer loop
      vertex 103 7.25 13.6
      vertex 103 4.75 13.6
      vertex 103.244 4.77402 13.6
    endloop
  endfacet
  facet normal -0 0 1
    outer loop
      vertex 102.756 7.22598 13.6
      vertex 103 4.75 13.6
      vertex 103 7.25 13.6
    endloop
  endfacet
  facet normal 0 0 1
    outer loop
      vertex 102.756 7.22598 13.6
      vertex 102.756 4.77402 13.6
      vertex 103 4.75 13.6
    endloop
  endfacet
  facet normal -0 0 1
    outer loop
      vertex 102.522 7.15485 13.6
      vertex 102.756 4.77402 13.6
      vertex 102.756 7.22598 13.6
    endloop
  endfacet
  facet normal 0 0 1
    outer loop
      vertex 102.522 7.15485 13.6
      vertex 102.522 4.84515 13.6
      vertex 102.756 4.77402 13.6
    endloop
  endfacet
  facet normal -0 0 1
    outer loop
      vertex 102.306 7.03934 13.6
      vertex 102.522 4.84515 13.6
      vertex 102.522 7.15485 13.6
    endloop
  endfacet
  facet normal 0 0 1
    outer loop
      vertex 102.306 7.03934 13.6
      vertex 102.306 4.96066 13.6
      vertex 102.522 4.84515 13.6
    endloop
  endfacet
  facet normal -0 0 1
    outer loop
      vertex 102.116 6.88388 13.6
      vertex 102.306 4.96066 13.6
      vertex 102.306 7.03934 13.6
    endloop
  endfacet
  facet normal 0 0 1
    outer loop
      vertex 102.116 6.88388 13.6
      vertex 102.116 5.11612 13.6
      vertex 102.306 4.96066 13.6
    endloop
  endfacet
  facet normal -0 0 1
    outer loop
      vertex 101.961 6.69446 13.6
      vertex 102.116 5.11612 13.6
      vertex 102.116 6.88388 13.6
    endloop
  endfacet
  facet normal 0 0 1
    outer loop
      vertex 101.961 6.69446 13.6
      vertex 101.961 5.30554 13.6
      vertex 102.116 5.11612 13.6
    endloop
  endfacet
  facet normal -0 0 1
    outer loop
      vertex 101.845 6.47835 13.6
      vertex 101.961 5.30554 13.6
      vertex 101.961 6.69446 13.6
    endloop
  endfacet
  facet normal 0 0 1
    outer loop
      vertex 101.845 6.47835 13.6
      vertex 101.845 5.52165 13.6
      vertex 101.961 5.30554 13.6
    endloop
  endfacet
  facet normal -0 0 1
    outer loop
      vertex 101.774 6.24386 13.6
      vertex 101.845 5.52165 13.6
      vertex 101.845 6.47835 13.6
    endloop
  endfacet
  facet normal 0 0 1
    outer loop
      vertex 101.774 6.24386 13.6
      vertex 101.774 5.75614 13.6
      vertex 101.845 5.52165 13.6
    endloop
  endfacet
  facet normal 0 -0 1
    outer loop
      vertex 101.774 5.75614 13.6
      vertex 101.774 6.24386 13.6
      vertex 101.75 6 13.6
    endloop
  endfacet
  facet normal 0.633251 -0.773946 0
    outer loop
      vertex 102.116 6.88388 13.6
      vertex 102.306 7.03934 23.6
      vertex 102.116 6.88388 23.6
    endloop
  endfacet
  facet normal 0.633251 -0.773946 0
    outer loop
      vertex 102.306 7.03934 23.6
      vertex 102.116 6.88388 13.6
      vertex 102.306 7.03934 13.6
    endloop
  endfacet
  facet normal 0.471573 -0.881827 0
    outer loop
      vertex 102.306 7.03934 13.6
      vertex 102.522 7.15485 23.6
      vertex 102.306 7.03934 23.6
    endloop
  endfacet
  facet normal 0.471573 -0.881827 0
    outer loop
      vertex 102.522 7.15485 23.6
      vertex 102.306 7.03934 13.6
      vertex 102.522 7.15485 13.6
    endloop
  endfacet
  facet normal -0.0979691 0.995189 0
    outer loop
      vertex 103.244 4.77402 13.6
      vertex 103 4.75 23.6
      vertex 103.244 4.77402 23.6
    endloop
  endfacet
  facet normal -0.0979691 0.995189 0
    outer loop
      vertex 103 4.75 23.6
      vertex 103.244 4.77402 13.6
      vertex 103 4.75 13.6
    endloop
  endfacet
  facet normal 0.471573 0.881827 -0
    outer loop
      vertex 102.522 4.84515 13.6
      vertex 102.306 4.96066 23.6
      vertex 102.522 4.84515 23.6
    endloop
  endfacet
  facet normal 0.471573 0.881827 0
    outer loop
      vertex 102.306 4.96066 23.6
      vertex 102.522 4.84515 13.6
      vertex 102.306 4.96066 13.6
    endloop
  endfacet
  facet normal 0.95709 -0.289792 0
    outer loop
      vertex 101.774 6.24386 23.6
      vertex 101.845 6.47835 13.6
      vertex 101.845 6.47835 23.6
    endloop
  endfacet
  facet normal 0.95709 -0.289792 0
    outer loop
      vertex 101.845 6.47835 13.6
      vertex 101.774 6.24386 23.6
      vertex 101.774 6.24386 13.6
    endloop
  endfacet
  facet normal -0.95709 0.289792 0
    outer loop
      vertex 104.155 5.52165 13.6
      vertex 104.226 5.75614 23.6
      vertex 104.226 5.75614 13.6
    endloop
  endfacet
  facet normal -0.95709 0.289792 0
    outer loop
      vertex 104.226 5.75614 23.6
      vertex 104.155 5.52165 13.6
      vertex 104.155 5.52165 23.6
    endloop
  endfacet
  facet normal -0.881095 -0.47294 0
    outer loop
      vertex 104.155 6.47835 13.6
      vertex 104.039 6.69446 23.6
      vertex 104.039 6.69446 13.6
    endloop
  endfacet
  facet normal -0.881095 -0.47294 0
    outer loop
      vertex 104.039 6.69446 23.6
      vertex 104.155 6.47835 13.6
      vertex 104.155 6.47835 23.6
    endloop
  endfacet
  facet normal 0.0979691 -0.995189 0
    outer loop
      vertex 102.756 7.22598 13.6
      vertex 103 7.25 23.6
      vertex 102.756 7.22598 23.6
    endloop
  endfacet
  facet normal 0.0979691 -0.995189 0
    outer loop
      vertex 103 7.25 23.6
      vertex 102.756 7.22598 13.6
      vertex 103 7.25 13.6
    endloop
  endfacet
  facet normal 0.773917 -0.633287 0
    outer loop
      vertex 101.961 6.69446 23.6
      vertex 102.116 6.88388 13.6
      vertex 102.116 6.88388 23.6
    endloop
  endfacet
  facet normal 0.773917 -0.633287 0
    outer loop
      vertex 102.116 6.88388 13.6
      vertex 101.961 6.69446 23.6
      vertex 101.961 6.69446 13.6
    endloop
  endfacet
  facet normal -0.995192 0.0979439 0
    outer loop
      vertex 104.226 5.75614 13.6
      vertex 104.25 6 23.6
      vertex 104.25 6 13.6
    endloop
  endfacet
  facet normal -0.995192 0.0979439 0
    outer loop
      vertex 104.25 6 23.6
      vertex 104.226 5.75614 13.6
      vertex 104.226 5.75614 23.6
    endloop
  endfacet
  facet normal 0.773917 0.633287 0
    outer loop
      vertex 102.116 5.11612 23.6
      vertex 101.961 5.30554 13.6
      vertex 101.961 5.30554 23.6
    endloop
  endfacet
  facet normal 0.773917 0.633287 0
    outer loop
      vertex 101.961 5.30554 13.6
      vertex 102.116 5.11612 23.6
      vertex 102.116 5.11612 13.6
    endloop
  endfacet
  facet normal -0.633251 0.773946 0
    outer loop
      vertex 103.884 5.11612 13.6
      vertex 103.694 4.96066 23.6
      vertex 103.884 5.11612 23.6
    endloop
  endfacet
  facet normal -0.633251 0.773946 0
    outer loop
      vertex 103.694 4.96066 23.6
      vertex 103.884 5.11612 13.6
      vertex 103.694 4.96066 13.6
    endloop
  endfacet
  facet normal 0.995192 0.0979439 0
    outer loop
      vertex 101.774 5.75614 23.6
      vertex 101.75 6 13.6
      vertex 101.75 6 23.6
    endloop
  endfacet
  facet normal 0.995192 0.0979439 0
    outer loop
      vertex 101.75 6 13.6
      vertex 101.774 5.75614 23.6
      vertex 101.774 5.75614 13.6
    endloop
  endfacet
  facet normal 0.0979691 0.995189 -0
    outer loop
      vertex 103 4.75 13.6
      vertex 102.756 4.77402 23.6
      vertex 103 4.75 23.6
    endloop
  endfacet
  facet normal 0.0979691 0.995189 0
    outer loop
      vertex 102.756 4.77402 23.6
      vertex 103 4.75 13.6
      vertex 102.756 4.77402 13.6
    endloop
  endfacet
  facet normal 0.290835 0.956773 -0
    outer loop
      vertex 102.756 4.77402 13.6
      vertex 102.522 4.84515 23.6
      vertex 102.756 4.77402 23.6
    endloop
  endfacet
  facet normal 0.290835 0.956773 0
    outer loop
      vertex 102.522 4.84515 23.6
      vertex 102.756 4.77402 13.6
      vertex 102.522 4.84515 13.6
    endloop
  endfacet
  facet normal -0.881917 0.471405 0
    outer loop
      vertex 2.76642 73.6394 2.5
      vertex 3.08986 74.2445 23.6
      vertex 3.08986 74.2445 2.5
    endloop
  endfacet
  facet normal -0.881917 0.471405 0
    outer loop
      vertex 3.08986 74.2445 23.6
      vertex 2.76642 73.6394 2.5
      vertex 2.76642 73.6394 23.6
    endloop
  endfacet
  facet normal 0.956943 0.290275 0
    outer loop
      vertex 9.43275 72.9828 23.6
      vertex 9.23358 73.6394 2.5
      vertex 9.23358 73.6394 23.6
    endloop
  endfacet
  facet normal 0.956943 0.290275 0
    outer loop
      vertex 9.23358 73.6394 2.5
      vertex 9.43275 72.9828 23.6
      vertex 9.43275 72.9828 2.5
    endloop
  endfacet
  facet normal 0.995185 0.0980172 0
    outer loop
      vertex 9.5 72.3 23.6
      vertex 9.43275 72.9828 2.5
      vertex 9.43275 72.9828 23.6
    endloop
  endfacet
  facet normal 0.995185 0.0980172 0
    outer loop
      vertex 9.43275 72.9828 2.5
      vertex 9.5 72.3 23.6
      vertex 9.5 72.3 2.5
    endloop
  endfacet
  facet normal 0.290327 -0.956928 0
    outer loop
      vertex 6.68282 68.8672 2.5
      vertex 7.33939 69.0664 23.6
      vertex 6.68282 68.8672 23.6
    endloop
  endfacet
  facet normal 0.290327 -0.956928 0
    outer loop
      vertex 7.33939 69.0664 23.6
      vertex 6.68282 68.8672 2.5
      vertex 7.33939 69.0664 2.5
    endloop
  endfacet
  facet normal -0.956943 -0.290275 0
    outer loop
      vertex 2.76642 70.9606 2.5
      vertex 2.56725 71.6172 23.6
      vertex 2.56725 71.6172 2.5
    endloop
  endfacet
  facet normal -0.956943 -0.290275 0
    outer loop
      vertex 2.56725 71.6172 23.6
      vertex 2.76642 70.9606 2.5
      vertex 2.76642 70.9606 23.6
    endloop
  endfacet
  facet normal 0.773023 -0.634378 0
    outer loop
      vertex 8.47487 69.8251 23.6
      vertex 8.91014 70.3555 2.5
      vertex 8.91014 70.3555 23.6
    endloop
  endfacet
  facet normal 0.773023 -0.634378 0
    outer loop
      vertex 8.91014 70.3555 2.5
      vertex 8.47487 69.8251 23.6
      vertex 8.47487 69.8251 2.5
    endloop
  endfacet
  facet normal 0.634338 0.773056 -0
    outer loop
      vertex 8.47487 74.7749 2.5
      vertex 7.9445 75.2101 23.6
      vertex 8.47487 74.7749 23.6
    endloop
  endfacet
  facet normal 0.634338 0.773056 0
    outer loop
      vertex 7.9445 75.2101 23.6
      vertex 8.47487 74.7749 2.5
      vertex 7.9445 75.2101 2.5
    endloop
  endfacet
  facet normal 0.290193 0.956968 -0
    outer loop
      vertex 7.33939 75.5336 2.5
      vertex 6.68282 75.7327 23.6
      vertex 7.33939 75.5336 23.6
    endloop
  endfacet
  facet normal 0.290193 0.956968 0
    outer loop
      vertex 6.68282 75.7327 23.6
      vertex 7.33939 75.5336 2.5
      vertex 6.68282 75.7327 2.5
    endloop
  endfacet
  facet normal -0.881917 -0.471405 0
    outer loop
      vertex 3.08986 70.3555 2.5
      vertex 2.76642 70.9606 23.6
      vertex 2.76642 70.9606 2.5
    endloop
  endfacet
  facet normal -0.881917 -0.471405 0
    outer loop
      vertex 2.76642 70.9606 23.6
      vertex 3.08986 70.3555 2.5
      vertex 3.08986 70.3555 23.6
    endloop
  endfacet
  facet normal 0.773023 0.634378 0
    outer loop
      vertex 8.91014 74.2445 23.6
      vertex 8.47487 74.7749 2.5
      vertex 8.47487 74.7749 23.6
    endloop
  endfacet
  facet normal 0.773023 0.634378 0
    outer loop
      vertex 8.47487 74.7749 2.5
      vertex 8.91014 74.2445 23.6
      vertex 8.91014 74.2445 2.5
    endloop
  endfacet
  facet normal 0.098088 0.995178 -0
    outer loop
      vertex 6.68282 75.7327 2.5
      vertex 6.00001 75.8 23.6
      vertex 6.68282 75.7327 23.6
    endloop
  endfacet
  facet normal 0.098088 0.995178 0
    outer loop
      vertex 6.00001 75.8 23.6
      vertex 6.68282 75.7327 2.5
      vertex 6.00001 75.8 2.5
    endloop
  endfacet
  facet normal -0.290193 0.956968 0
    outer loop
      vertex 5.31718 75.7327 2.5
      vertex 4.66061 75.5336 23.6
      vertex 5.31718 75.7327 23.6
    endloop
  endfacet
  facet normal -0.290193 0.956968 0
    outer loop
      vertex 4.66061 75.5336 23.6
      vertex 5.31718 75.7327 2.5
      vertex 4.66061 75.5336 2.5
    endloop
  endfacet
  facet normal -0.634338 -0.773056 0
    outer loop
      vertex 3.52513 69.8251 2.5
      vertex 4.0555 69.3899 23.6
      vertex 3.52513 69.8251 23.6
    endloop
  endfacet
  facet normal -0.634338 -0.773056 -0
    outer loop
      vertex 4.0555 69.3899 23.6
      vertex 3.52513 69.8251 2.5
      vertex 4.0555 69.3899 2.5
    endloop
  endfacet
  facet normal 0.471467 0.881884 -0
    outer loop
      vertex 7.9445 75.2101 2.5
      vertex 7.33939 75.5336 23.6
      vertex 7.9445 75.2101 23.6
    endloop
  endfacet
  facet normal 0.471467 0.881884 0
    outer loop
      vertex 7.33939 75.5336 23.6
      vertex 7.9445 75.2101 2.5
      vertex 7.33939 75.5336 2.5
    endloop
  endfacet
  facet normal -0.995185 0.0980172 0
    outer loop
      vertex 2.5 72.3 2.5
      vertex 2.56725 72.9828 23.6
      vertex 2.56725 72.9828 2.5
    endloop
  endfacet
  facet normal -0.995185 0.0980172 0
    outer loop
      vertex 2.56725 72.9828 23.6
      vertex 2.5 72.3 2.5
      vertex 2.5 72.3 23.6
    endloop
  endfacet
  facet normal 0.881917 -0.471405 0
    outer loop
      vertex 8.91014 70.3555 23.6
      vertex 9.23358 70.9606 2.5
      vertex 9.23358 70.9606 23.6
    endloop
  endfacet
  facet normal 0.881917 -0.471405 0
    outer loop
      vertex 9.23358 70.9606 2.5
      vertex 8.91014 70.3555 23.6
      vertex 8.91014 70.3555 2.5
    endloop
  endfacet
  facet normal 0.471467 -0.881884 0
    outer loop
      vertex 7.33939 69.0664 2.5
      vertex 7.9445 69.3899 23.6
      vertex 7.33939 69.0664 23.6
    endloop
  endfacet
  facet normal 0.471467 -0.881884 0
    outer loop
      vertex 7.9445 69.3899 23.6
      vertex 7.33939 69.0664 2.5
      vertex 7.9445 69.3899 2.5
    endloop
  endfacet
  facet normal -0.634338 0.773056 0
    outer loop
      vertex 4.0555 75.2101 2.5
      vertex 3.52513 74.7749 23.6
      vertex 4.0555 75.2101 23.6
    endloop
  endfacet
  facet normal -0.634338 0.773056 0
    outer loop
      vertex 3.52513 74.7749 23.6
      vertex 4.0555 75.2101 2.5
      vertex 3.52513 74.7749 2.5
    endloop
  endfacet
  facet normal -0.471467 0.881884 0
    outer loop
      vertex 4.66061 75.5336 2.5
      vertex 4.0555 75.2101 23.6
      vertex 4.66061 75.5336 23.6
    endloop
  endfacet
  facet normal -0.471467 0.881884 0
    outer loop
      vertex 4.0555 75.2101 23.6
      vertex 4.66061 75.5336 2.5
      vertex 4.0555 75.2101 2.5
    endloop
  endfacet
  facet normal 0.0979422 -0.995192 0
    outer loop
      vertex 6 68.8 2.5
      vertex 6.68282 68.8672 23.6
      vertex 6 68.8 23.6
    endloop
  endfacet
  facet normal 0.0979422 -0.995192 0
    outer loop
      vertex 6.68282 68.8672 23.6
      vertex 6 68.8 2.5
      vertex 6.68282 68.8672 2.5
    endloop
  endfacet
  facet normal -0.471467 -0.881884 0
    outer loop
      vertex 4.0555 69.3899 2.5
      vertex 4.66061 69.0664 23.6
      vertex 4.0555 69.3899 23.6
    endloop
  endfacet
  facet normal -0.471467 -0.881884 -0
    outer loop
      vertex 4.66061 69.0664 23.6
      vertex 4.0555 69.3899 2.5
      vertex 4.66061 69.0664 2.5
    endloop
  endfacet
  facet normal -0.956943 0.290275 0
    outer loop
      vertex 2.56725 72.9828 2.5
      vertex 2.76642 73.6394 23.6
      vertex 2.76642 73.6394 2.5
    endloop
  endfacet
  facet normal -0.956943 0.290275 0
    outer loop
      vertex 2.76642 73.6394 23.6
      vertex 2.56725 72.9828 2.5
      vertex 2.56725 72.9828 23.6
    endloop
  endfacet
  facet normal 0.956943 -0.290275 0
    outer loop
      vertex 9.23358 70.9606 23.6
      vertex 9.43275 71.6172 2.5
      vertex 9.43275 71.6172 23.6
    endloop
  endfacet
  facet normal 0.956943 -0.290275 0
    outer loop
      vertex 9.43275 71.6172 2.5
      vertex 9.23358 70.9606 23.6
      vertex 9.23358 70.9606 2.5
    endloop
  endfacet
  facet normal 0.881917 0.471405 0
    outer loop
      vertex 9.23358 73.6394 23.6
      vertex 8.91014 74.2445 2.5
      vertex 8.91014 74.2445 23.6
    endloop
  endfacet
  facet normal 0.881917 0.471405 0
    outer loop
      vertex 8.91014 74.2445 2.5
      vertex 9.23358 73.6394 23.6
      vertex 9.23358 73.6394 2.5
    endloop
  endfacet
  facet normal -0.098088 0.995178 0
    outer loop
      vertex 5.99999 75.8 2.5
      vertex 5.31718 75.7327 23.6
      vertex 5.99999 75.8 23.6
    endloop
  endfacet
  facet normal -0.098088 0.995178 0
    outer loop
      vertex 5.31718 75.7327 23.6
      vertex 5.99999 75.8 2.5
      vertex 5.31718 75.7327 2.5
    endloop
  endfacet
  facet normal -0.773023 0.634378 0
    outer loop
      vertex 3.08986 74.2445 2.5
      vertex 3.52513 74.7749 23.6
      vertex 3.52513 74.7749 2.5
    endloop
  endfacet
  facet normal -0.773023 0.634378 0
    outer loop
      vertex 3.52513 74.7749 23.6
      vertex 3.08986 74.2445 2.5
      vertex 3.08986 74.2445 23.6
    endloop
  endfacet
  facet normal 0.995185 -0.0980172 0
    outer loop
      vertex 9.43275 71.6172 23.6
      vertex 9.5 72.3 2.5
      vertex 9.5 72.3 23.6
    endloop
  endfacet
  facet normal 0.995185 -0.0980172 0
    outer loop
      vertex 9.5 72.3 2.5
      vertex 9.43275 71.6172 23.6
      vertex 9.43275 71.6172 2.5
    endloop
  endfacet
  facet normal -0.773023 -0.634378 0
    outer loop
      vertex 3.52513 69.8251 2.5
      vertex 3.08986 70.3555 23.6
      vertex 3.08986 70.3555 2.5
    endloop
  endfacet
  facet normal -0.773023 -0.634378 0
    outer loop
      vertex 3.08986 70.3555 23.6
      vertex 3.52513 69.8251 2.5
      vertex 3.52513 69.8251 23.6
    endloop
  endfacet
  facet normal 0.634338 -0.773056 0
    outer loop
      vertex 7.9445 69.3899 2.5
      vertex 8.47487 69.8251 23.6
      vertex 7.9445 69.3899 23.6
    endloop
  endfacet
  facet normal 0.634338 -0.773056 0
    outer loop
      vertex 8.47487 69.8251 23.6
      vertex 7.9445 69.3899 2.5
      vertex 8.47487 69.8251 2.5
    endloop
  endfacet
  facet normal -0.995185 -0.0980172 0
    outer loop
      vertex 2.56725 71.6172 2.5
      vertex 2.5 72.3 23.6
      vertex 2.5 72.3 2.5
    endloop
  endfacet
  facet normal -0.995185 -0.0980172 0
    outer loop
      vertex 2.5 72.3 23.6
      vertex 2.56725 71.6172 2.5
      vertex 2.56725 71.6172 23.6
    endloop
  endfacet
  facet normal -0.0979422 -0.995192 0
    outer loop
      vertex 5.31718 68.8672 2.5
      vertex 6 68.8 23.6
      vertex 5.31718 68.8672 23.6
    endloop
  endfacet
  facet normal -0.0979422 -0.995192 -0
    outer loop
      vertex 6 68.8 23.6
      vertex 5.31718 68.8672 2.5
      vertex 6 68.8 2.5
    endloop
  endfacet
  facet normal -0.290327 -0.956928 0
    outer loop
      vertex 4.66061 69.0664 2.5
      vertex 5.31718 68.8672 23.6
      vertex 4.66061 69.0664 23.6
    endloop
  endfacet
  facet normal -0.290327 -0.956928 -0
    outer loop
      vertex 5.31718 68.8672 23.6
      vertex 4.66061 69.0664 2.5
      vertex 5.31718 68.8672 2.5
    endloop
  endfacet
  facet normal 0.881918 -0.471404 0
    outer loop
      vertex 4.84515 72.7784 23.6
      vertex 4.96066 72.9945 13.6
      vertex 4.96066 72.9945 23.6
    endloop
  endfacet
  facet normal 0.881918 -0.471404 0
    outer loop
      vertex 4.96066 72.9945 13.6
      vertex 4.84515 72.7784 23.6
      vertex 4.84515 72.7784 13.6
    endloop
  endfacet
  facet normal -0.956946 -0.290267 0
    outer loop
      vertex 7.22598 72.5439 13.6
      vertex 7.15485 72.7784 23.6
      vertex 7.15485 72.7784 13.6
    endloop
  endfacet
  facet normal -0.956946 -0.290267 0
    outer loop
      vertex 7.15485 72.7784 23.6
      vertex 7.22598 72.5439 13.6
      vertex 7.22598 72.5439 23.6
    endloop
  endfacet
  facet normal -0.995186 -0.0980088 0
    outer loop
      vertex 7.25 72.3 13.6
      vertex 7.22598 72.5439 23.6
      vertex 7.22598 72.5439 13.6
    endloop
  endfacet
  facet normal -0.995186 -0.0980088 0
    outer loop
      vertex 7.22598 72.5439 23.6
      vertex 7.25 72.3 13.6
      vertex 7.25 72.3 23.6
    endloop
  endfacet
  facet normal -0.290166 0.956976 0
    outer loop
      vertex 6.47835 71.1451 13.6
      vertex 6.24386 71.074 23.6
      vertex 6.47835 71.1451 23.6
    endloop
  endfacet
  facet normal -0.290166 0.956976 0
    outer loop
      vertex 6.24386 71.074 23.6
      vertex 6.47835 71.1451 13.6
      vertex 6.24386 71.074 13.6
    endloop
  endfacet
  facet normal 0.956946 0.290267 0
    outer loop
      vertex 4.84515 71.8216 23.6
      vertex 4.77402 72.0561 13.6
      vertex 4.77402 72.0561 23.6
    endloop
  endfacet
  facet normal 0.956946 0.290267 0
    outer loop
      vertex 4.77402 72.0561 13.6
      vertex 4.84515 71.8216 23.6
      vertex 4.84515 71.8216 13.6
    endloop
  endfacet
  facet normal -0.772964 0.63445 0
    outer loop
      vertex 6.88388 71.4161 13.6
      vertex 7.03934 71.6055 23.6
      vertex 7.03934 71.6055 13.6
    endloop
  endfacet
  facet normal -0.772964 0.63445 0
    outer loop
      vertex 7.03934 71.6055 23.6
      vertex 6.88388 71.4161 13.6
      vertex 6.88388 71.4161 23.6
    endloop
  endfacet
  facet normal -0.634264 -0.773116 0
    outer loop
      vertex 6.69446 73.3393 13.6
      vertex 6.88388 73.1839 23.6
      vertex 6.69446 73.3393 23.6
    endloop
  endfacet
  facet normal -0.634264 -0.773116 -0
    outer loop
      vertex 6.88388 73.1839 23.6
      vertex 6.69446 73.3393 13.6
      vertex 6.88388 73.1839 13.6
    endloop
  endfacet
  facet normal -0.29054 -0.956863 0
    outer loop
      vertex 6.24386 73.526 13.6
      vertex 6.47835 73.4548 23.6
      vertex 6.24386 73.526 23.6
    endloop
  endfacet
  facet normal -0.29054 -0.956863 -0
    outer loop
      vertex 6.47835 73.4548 23.6
      vertex 6.24386 73.526 13.6
      vertex 6.47835 73.4548 13.6
    endloop
  endfacet
  facet normal 0.881918 0.471404 0
    outer loop
      vertex 4.96066 71.6055 23.6
      vertex 4.84515 71.8216 13.6
      vertex 4.84515 71.8216 23.6
    endloop
  endfacet
  facet normal 0.881918 0.471404 0
    outer loop
      vertex 4.84515 71.8216 13.6
      vertex 4.96066 71.6055 23.6
      vertex 4.96066 71.6055 13.6
    endloop
  endfacet
  facet normal -0.772964 -0.63445 0
    outer loop
      vertex 7.03934 72.9945 13.6
      vertex 6.88388 73.1839 23.6
      vertex 6.88388 73.1839 13.6
    endloop
  endfacet
  facet normal -0.772964 -0.63445 0
    outer loop
      vertex 6.88388 73.1839 23.6
      vertex 7.03934 72.9945 13.6
      vertex 7.03934 72.9945 23.6
    endloop
  endfacet
  facet normal -0.0979439 -0.995192 0
    outer loop
      vertex 6 73.55 13.6
      vertex 6.24386 73.526 23.6
      vertex 6 73.55 23.6
    endloop
  endfacet
  facet normal -0.0979439 -0.995192 -0
    outer loop
      vertex 6.24386 73.526 23.6
      vertex 6 73.55 13.6
      vertex 6.24386 73.526 13.6
    endloop
  endfacet
  facet normal 0.29054 -0.956863 0
    outer loop
      vertex 5.52165 73.4548 13.6
      vertex 5.75614 73.526 23.6
      vertex 5.52165 73.4548 23.6
    endloop
  endfacet
  facet normal 0.29054 -0.956863 0
    outer loop
      vertex 5.75614 73.526 23.6
      vertex 5.52165 73.4548 13.6
      vertex 5.75614 73.526 13.6
    endloop
  endfacet
  facet normal 0.634264 0.773116 -0
    outer loop
      vertex 5.30554 71.2607 13.6
      vertex 5.11612 71.4161 23.6
      vertex 5.30554 71.2607 23.6
    endloop
  endfacet
  facet normal 0.634264 0.773116 0
    outer loop
      vertex 5.11612 71.4161 23.6
      vertex 5.30554 71.2607 13.6
      vertex 5.11612 71.4161 13.6
    endloop
  endfacet
  facet normal -0.471355 -0.881944 0
    outer loop
      vertex 6.47835 73.4548 13.6
      vertex 6.69446 73.3393 23.6
      vertex 6.47835 73.4548 23.6
    endloop
  endfacet
  facet normal -0.471355 -0.881944 -0
    outer loop
      vertex 6.69446 73.3393 23.6
      vertex 6.47835 73.4548 13.6
      vertex 6.69446 73.3393 13.6
    endloop
  endfacet
  facet normal 0.995186 -0.0980088 0
    outer loop
      vertex 4.75 72.3 23.6
      vertex 4.77402 72.5439 13.6
      vertex 4.77402 72.5439 23.6
    endloop
  endfacet
  facet normal 0.995186 -0.0980088 0
    outer loop
      vertex 4.77402 72.5439 13.6
      vertex 4.75 72.3 23.6
      vertex 4.75 72.3 13.6
    endloop
  endfacet
  facet normal -0.881918 0.471404 0
    outer loop
      vertex 7.03934 71.6055 13.6
      vertex 7.15485 71.8216 23.6
      vertex 7.15485 71.8216 13.6
    endloop
  endfacet
  facet normal -0.881918 0.471404 0
    outer loop
      vertex 7.15485 71.8216 23.6
      vertex 7.03934 71.6055 13.6
      vertex 7.03934 71.6055 23.6
    endloop
  endfacet
  facet normal -0.471672 0.881774 0
    outer loop
      vertex 6.69446 71.2607 13.6
      vertex 6.47835 71.1451 23.6
      vertex 6.69446 71.2607 23.6
    endloop
  endfacet
  facet normal -0.471672 0.881774 0
    outer loop
      vertex 6.47835 71.1451 23.6
      vertex 6.69446 71.2607 13.6
      vertex 6.47835 71.1451 13.6
    endloop
  endfacet
  facet normal 0 0 1
    outer loop
      vertex 7.22598 72.5439 13.6
      vertex 7.22598 72.0561 13.6
      vertex 7.25 72.3 13.6
    endloop
  endfacet
  facet normal 0 0 1
    outer loop
      vertex 7.15485 72.7784 13.6
      vertex 7.22598 72.0561 13.6
      vertex 7.22598 72.5439 13.6
    endloop
  endfacet
  facet normal 0 0 1
    outer loop
      vertex 7.15485 72.7784 13.6
      vertex 7.15485 71.8216 13.6
      vertex 7.22598 72.0561 13.6
    endloop
  endfacet
  facet normal 0 0 1
    outer loop
      vertex 7.03934 72.9945 13.6
      vertex 7.15485 71.8216 13.6
      vertex 7.15485 72.7784 13.6
    endloop
  endfacet
  facet normal 0 0 1
    outer loop
      vertex 7.03934 72.9945 13.6
      vertex 7.03934 71.6055 13.6
      vertex 7.15485 71.8216 13.6
    endloop
  endfacet
  facet normal 0 0 1
    outer loop
      vertex 6.88388 73.1839 13.6
      vertex 7.03934 71.6055 13.6
      vertex 7.03934 72.9945 13.6
    endloop
  endfacet
  facet normal 0 0 1
    outer loop
      vertex 6.88388 73.1839 13.6
      vertex 6.88388 71.4161 13.6
      vertex 7.03934 71.6055 13.6
    endloop
  endfacet
  facet normal 0 0 1
    outer loop
      vertex 6.69446 73.3393 13.6
      vertex 6.88388 71.4161 13.6
      vertex 6.88388 73.1839 13.6
    endloop
  endfacet
  facet normal 0 0 1
    outer loop
      vertex 6.69446 73.3393 13.6
      vertex 6.69446 71.2607 13.6
      vertex 6.88388 71.4161 13.6
    endloop
  endfacet
  facet normal 0 0 1
    outer loop
      vertex 6.47835 73.4548 13.6
      vertex 6.69446 71.2607 13.6
      vertex 6.69446 73.3393 13.6
    endloop
  endfacet
  facet normal 0 0 1
    outer loop
      vertex 6.47835 73.4548 13.6
      vertex 6.47835 71.1451 13.6
      vertex 6.69446 71.2607 13.6
    endloop
  endfacet
  facet normal 0 0 1
    outer loop
      vertex 6.24386 73.526 13.6
      vertex 6.47835 71.1451 13.6
      vertex 6.47835 73.4548 13.6
    endloop
  endfacet
  facet normal 0 0 1
    outer loop
      vertex 6.24386 73.526 13.6
      vertex 6.24386 71.074 13.6
      vertex 6.47835 71.1451 13.6
    endloop
  endfacet
  facet normal 0 0 1
    outer loop
      vertex 6 73.55 13.6
      vertex 6.24386 71.074 13.6
      vertex 6.24386 73.526 13.6
    endloop
  endfacet
  facet normal 0 0 1
    outer loop
      vertex 6 73.55 13.6
      vertex 6 71.05 13.6
      vertex 6.24386 71.074 13.6
    endloop
  endfacet
  facet normal -0 0 1
    outer loop
      vertex 5.75614 73.526 13.6
      vertex 6 71.05 13.6
      vertex 6 73.55 13.6
    endloop
  endfacet
  facet normal 0 0 1
    outer loop
      vertex 5.75614 73.526 13.6
      vertex 5.75614 71.074 13.6
      vertex 6 71.05 13.6
    endloop
  endfacet
  facet normal -0 0 1
    outer loop
      vertex 5.52165 73.4548 13.6
      vertex 5.75614 71.074 13.6
      vertex 5.75614 73.526 13.6
    endloop
  endfacet
  facet normal 0 0 1
    outer loop
      vertex 5.52165 73.4548 13.6
      vertex 5.52165 71.1451 13.6
      vertex 5.75614 71.074 13.6
    endloop
  endfacet
  facet normal -0 0 1
    outer loop
      vertex 5.30554 73.3393 13.6
      vertex 5.52165 71.1451 13.6
      vertex 5.52165 73.4548 13.6
    endloop
  endfacet
  facet normal 0 0 1
    outer loop
      vertex 5.30554 73.3393 13.6
      vertex 5.30554 71.2607 13.6
      vertex 5.52165 71.1451 13.6
    endloop
  endfacet
  facet normal -0 0 1
    outer loop
      vertex 5.11612 73.1839 13.6
      vertex 5.30554 71.2607 13.6
      vertex 5.30554 73.3393 13.6
    endloop
  endfacet
  facet normal 0 0 1
    outer loop
      vertex 5.11612 73.1839 13.6
      vertex 5.11612 71.4161 13.6
      vertex 5.30554 71.2607 13.6
    endloop
  endfacet
  facet normal -0 0 1
    outer loop
      vertex 4.96066 72.9945 13.6
      vertex 5.11612 71.4161 13.6
      vertex 5.11612 73.1839 13.6
    endloop
  endfacet
  facet normal 0 0 1
    outer loop
      vertex 4.96066 72.9945 13.6
      vertex 4.96066 71.6055 13.6
      vertex 5.11612 71.4161 13.6
    endloop
  endfacet
  facet normal -0 0 1
    outer loop
      vertex 4.84515 72.7784 13.6
      vertex 4.96066 71.6055 13.6
      vertex 4.96066 72.9945 13.6
    endloop
  endfacet
  facet normal 0 0 1
    outer loop
      vertex 4.84515 72.7784 13.6
      vertex 4.84515 71.8216 13.6
      vertex 4.96066 71.6055 13.6
    endloop
  endfacet
  facet normal -0 0 1
    outer loop
      vertex 4.77402 72.5439 13.6
      vertex 4.84515 71.8216 13.6
      vertex 4.84515 72.7784 13.6
    endloop
  endfacet
  facet normal 0 0 1
    outer loop
      vertex 4.77402 72.5439 13.6
      vertex 4.77402 72.0561 13.6
      vertex 4.84515 71.8216 13.6
    endloop
  endfacet
  facet normal 0 -0 1
    outer loop
      vertex 4.77402 72.0561 13.6
      vertex 4.77402 72.5439 13.6
      vertex 4.75 72.3 13.6
    endloop
  endfacet
  facet normal 0.634264 -0.773116 0
    outer loop
      vertex 5.11612 73.1839 13.6
      vertex 5.30554 73.3393 23.6
      vertex 5.11612 73.1839 23.6
    endloop
  endfacet
  facet normal 0.634264 -0.773116 0
    outer loop
      vertex 5.30554 73.3393 23.6
      vertex 5.11612 73.1839 13.6
      vertex 5.30554 73.3393 13.6
    endloop
  endfacet
  facet normal 0.471355 -0.881944 0
    outer loop
      vertex 5.30554 73.3393 13.6
      vertex 5.52165 73.4548 23.6
      vertex 5.30554 73.3393 23.6
    endloop
  endfacet
  facet normal 0.471355 -0.881944 0
    outer loop
      vertex 5.52165 73.4548 23.6
      vertex 5.30554 73.3393 13.6
      vertex 5.52165 73.4548 13.6
    endloop
  endfacet
  facet normal -0.0979439 0.995192 0
    outer loop
      vertex 6.24386 71.074 13.6
      vertex 6 71.05 23.6
      vertex 6.24386 71.074 23.6
    endloop
  endfacet
  facet normal -0.0979439 0.995192 0
    outer loop
      vertex 6 71.05 23.6
      vertex 6.24386 71.074 13.6
      vertex 6 71.05 13.6
    endloop
  endfacet
  facet normal 0.471672 0.881774 -0
    outer loop
      vertex 5.52165 71.1451 13.6
      vertex 5.30554 71.2607 23.6
      vertex 5.52165 71.1451 23.6
    endloop
  endfacet
  facet normal 0.471672 0.881774 0
    outer loop
      vertex 5.30554 71.2607 23.6
      vertex 5.52165 71.1451 13.6
      vertex 5.30554 71.2607 13.6
    endloop
  endfacet
  facet normal 0.956946 -0.290267 0
    outer loop
      vertex 4.77402 72.5439 23.6
      vertex 4.84515 72.7784 13.6
      vertex 4.84515 72.7784 23.6
    endloop
  endfacet
  facet normal 0.956946 -0.290267 0
    outer loop
      vertex 4.84515 72.7784 13.6
      vertex 4.77402 72.5439 23.6
      vertex 4.77402 72.5439 13.6
    endloop
  endfacet
  facet normal -0.956946 0.290267 0
    outer loop
      vertex 7.15485 71.8216 13.6
      vertex 7.22598 72.0561 23.6
      vertex 7.22598 72.0561 13.6
    endloop
  endfacet
  facet normal -0.956946 0.290267 0
    outer loop
      vertex 7.22598 72.0561 23.6
      vertex 7.15485 71.8216 13.6
      vertex 7.15485 71.8216 23.6
    endloop
  endfacet
  facet normal -0.881918 -0.471404 0
    outer loop
      vertex 7.15485 72.7784 13.6
      vertex 7.03934 72.9945 23.6
      vertex 7.03934 72.9945 13.6
    endloop
  endfacet
  facet normal -0.881918 -0.471404 0
    outer loop
      vertex 7.03934 72.9945 23.6
      vertex 7.15485 72.7784 13.6
      vertex 7.15485 72.7784 23.6
    endloop
  endfacet
  facet normal 0.0979439 -0.995192 0
    outer loop
      vertex 5.75614 73.526 13.6
      vertex 6 73.55 23.6
      vertex 5.75614 73.526 23.6
    endloop
  endfacet
  facet normal 0.0979439 -0.995192 0
    outer loop
      vertex 6 73.55 23.6
      vertex 5.75614 73.526 13.6
      vertex 6 73.55 13.6
    endloop
  endfacet
  facet normal 0.772964 -0.63445 0
    outer loop
      vertex 4.96066 72.9945 23.6
      vertex 5.11612 73.1839 13.6
      vertex 5.11612 73.1839 23.6
    endloop
  endfacet
  facet normal 0.772964 -0.63445 0
    outer loop
      vertex 5.11612 73.1839 13.6
      vertex 4.96066 72.9945 23.6
      vertex 4.96066 72.9945 13.6
    endloop
  endfacet
  facet normal -0.995186 0.0980088 0
    outer loop
      vertex 7.22598 72.0561 13.6
      vertex 7.25 72.3 23.6
      vertex 7.25 72.3 13.6
    endloop
  endfacet
  facet normal -0.995186 0.0980088 0
    outer loop
      vertex 7.25 72.3 23.6
      vertex 7.22598 72.0561 13.6
      vertex 7.22598 72.0561 23.6
    endloop
  endfacet
  facet normal 0.772964 0.63445 0
    outer loop
      vertex 5.11612 71.4161 23.6
      vertex 4.96066 71.6055 13.6
      vertex 4.96066 71.6055 23.6
    endloop
  endfacet
  facet normal 0.772964 0.63445 0
    outer loop
      vertex 4.96066 71.6055 13.6
      vertex 5.11612 71.4161 23.6
      vertex 5.11612 71.4161 13.6
    endloop
  endfacet
  facet normal -0.634264 0.773116 0
    outer loop
      vertex 6.88388 71.4161 13.6
      vertex 6.69446 71.2607 23.6
      vertex 6.88388 71.4161 23.6
    endloop
  endfacet
  facet normal -0.634264 0.773116 0
    outer loop
      vertex 6.69446 71.2607 23.6
      vertex 6.88388 71.4161 13.6
      vertex 6.69446 71.2607 13.6
    endloop
  endfacet
  facet normal 0.995186 0.0980088 0
    outer loop
      vertex 4.77402 72.0561 23.6
      vertex 4.75 72.3 13.6
      vertex 4.75 72.3 23.6
    endloop
  endfacet
  facet normal 0.995186 0.0980088 0
    outer loop
      vertex 4.75 72.3 13.6
      vertex 4.77402 72.0561 23.6
      vertex 4.77402 72.0561 13.6
    endloop
  endfacet
  facet normal 0.0979439 0.995192 -0
    outer loop
      vertex 6 71.05 13.6
      vertex 5.75614 71.074 23.6
      vertex 6 71.05 23.6
    endloop
  endfacet
  facet normal 0.0979439 0.995192 0
    outer loop
      vertex 5.75614 71.074 23.6
      vertex 6 71.05 13.6
      vertex 5.75614 71.074 13.6
    endloop
  endfacet
  facet normal 0.290166 0.956976 -0
    outer loop
      vertex 5.75614 71.074 13.6
      vertex 5.52165 71.1451 23.6
      vertex 5.75614 71.074 23.6
    endloop
  endfacet
  facet normal 0.290166 0.956976 0
    outer loop
      vertex 5.52165 71.1451 23.6
      vertex 5.75614 71.074 13.6
      vertex 5.52165 71.1451 13.6
    endloop
  endfacet
  facet normal -0.88182 0.471586 0
    outer loop
      vertex 99.7664 73.6394 2.5
      vertex 100.09 74.2445 23.6
      vertex 100.09 74.2445 2.5
    endloop
  endfacet
  facet normal -0.88182 0.471586 0
    outer loop
      vertex 100.09 74.2445 23.6
      vertex 99.7664 73.6394 2.5
      vertex 99.7664 73.6394 23.6
    endloop
  endfacet
  facet normal 0.957012 0.290048 0
    outer loop
      vertex 106.433 72.9828 23.6
      vertex 106.234 73.6394 2.5
      vertex 106.234 73.6394 23.6
    endloop
  endfacet
  facet normal 0.957012 0.290048 0
    outer loop
      vertex 106.234 73.6394 2.5
      vertex 106.433 72.9828 23.6
      vertex 106.433 72.9828 2.5
    endloop
  endfacet
  facet normal 0.99522 0.0976563 0
    outer loop
      vertex 106.5 72.3 23.6
      vertex 106.433 72.9828 2.5
      vertex 106.433 72.9828 23.6
    endloop
  endfacet
  facet normal 0.99522 0.0976563 0
    outer loop
      vertex 106.433 72.9828 2.5
      vertex 106.5 72.3 23.6
      vertex 106.5 72.3 2.5
    endloop
  endfacet
  facet normal 0.290558 -0.956857 0
    outer loop
      vertex 103.683 68.8672 2.5
      vertex 104.339 69.0664 23.6
      vertex 103.683 68.8672 23.6
    endloop
  endfacet
  facet normal 0.290558 -0.956857 0
    outer loop
      vertex 104.339 69.0664 23.6
      vertex 103.683 68.8672 2.5
      vertex 104.339 69.0664 2.5
    endloop
  endfacet
  facet normal -0.956972 -0.290181 0
    outer loop
      vertex 99.7664 70.9606 2.5
      vertex 99.5673 71.6172 23.6
      vertex 99.5673 71.6172 2.5
    endloop
  endfacet
  facet normal -0.956972 -0.290181 0
    outer loop
      vertex 99.5673 71.6172 23.6
      vertex 99.7664 70.9606 2.5
      vertex 99.7664 70.9606 23.6
    endloop
  endfacet
  facet normal 0.773216 -0.634142 0
    outer loop
      vertex 105.475 69.8251 23.6
      vertex 105.91 70.3555 2.5
      vertex 105.91 70.3555 23.6
    endloop
  endfacet
  facet normal 0.773216 -0.634142 0
    outer loop
      vertex 105.91 70.3555 2.5
      vertex 105.475 69.8251 23.6
      vertex 105.475 69.8251 2.5
    endloop
  endfacet
  facet normal 0.633888 0.773425 -0
    outer loop
      vertex 105.475 74.7749 2.5
      vertex 104.944 75.2101 23.6
      vertex 105.475 74.7749 23.6
    endloop
  endfacet
  facet normal 0.633888 0.773425 0
    outer loop
      vertex 104.944 75.2101 23.6
      vertex 105.475 74.7749 2.5
      vertex 104.944 75.2101 2.5
    endloop
  endfacet
  facet normal 0.290424 0.956898 -0
    outer loop
      vertex 104.339 75.5336 2.5
      vertex 103.683 75.7327 23.6
      vertex 104.339 75.5336 23.6
    endloop
  endfacet
  facet normal 0.290424 0.956898 0
    outer loop
      vertex 103.683 75.7327 23.6
      vertex 104.339 75.5336 2.5
      vertex 103.683 75.7327 2.5
    endloop
  endfacet
  facet normal -0.88182 -0.471586 0
    outer loop
      vertex 100.09 70.3555 2.5
      vertex 99.7664 70.9606 23.6
      vertex 99.7664 70.9606 2.5
    endloop
  endfacet
  facet normal -0.88182 -0.471586 0
    outer loop
      vertex 99.7664 70.9606 23.6
      vertex 100.09 70.3555 2.5
      vertex 100.09 70.3555 23.6
    endloop
  endfacet
  facet normal 0.773216 0.634142 0
    outer loop
      vertex 105.91 74.2445 23.6
      vertex 105.475 74.7749 2.5
      vertex 105.475 74.7749 23.6
    endloop
  endfacet
  facet normal 0.773216 0.634142 0
    outer loop
      vertex 105.475 74.7749 2.5
      vertex 105.91 74.2445 23.6
      vertex 105.91 74.2445 2.5
    endloop
  endfacet
  facet normal 0.098061 0.99518 -0
    outer loop
      vertex 103.683 75.7327 2.5
      vertex 103 75.8 23.6
      vertex 103.683 75.7327 23.6
    endloop
  endfacet
  facet normal 0.098061 0.99518 0
    outer loop
      vertex 103 75.8 23.6
      vertex 103.683 75.7327 2.5
      vertex 103 75.8 2.5
    endloop
  endfacet
  facet normal -0.290424 0.956898 0
    outer loop
      vertex 102.317 75.7327 2.5
      vertex 101.661 75.5336 23.6
      vertex 102.317 75.7327 23.6
    endloop
  endfacet
  facet normal -0.290424 0.956898 0
    outer loop
      vertex 101.661 75.5336 23.6
      vertex 102.317 75.7327 2.5
      vertex 101.661 75.5336 2.5
    endloop
  endfacet
  facet normal -0.633888 -0.773425 0
    outer loop
      vertex 100.525 69.8251 2.5
      vertex 101.056 69.3899 23.6
      vertex 100.525 69.8251 23.6
    endloop
  endfacet
  facet normal -0.633888 -0.773425 -0
    outer loop
      vertex 101.056 69.3899 23.6
      vertex 100.525 69.8251 2.5
      vertex 101.056 69.3899 2.5
    endloop
  endfacet
  facet normal 0.471534 0.881848 -0
    outer loop
      vertex 104.944 75.2101 2.5
      vertex 104.339 75.5336 23.6
      vertex 104.944 75.2101 23.6
    endloop
  endfacet
  facet normal 0.471534 0.881848 0
    outer loop
      vertex 104.339 75.5336 23.6
      vertex 104.944 75.2101 2.5
      vertex 104.339 75.5336 2.5
    endloop
  endfacet
  facet normal -0.995178 0.0980894 0
    outer loop
      vertex 99.5 72.3 2.5
      vertex 99.5673 72.9828 23.6
      vertex 99.5673 72.9828 2.5
    endloop
  endfacet
  facet normal -0.995178 0.0980894 0
    outer loop
      vertex 99.5673 72.9828 23.6
      vertex 99.5 72.3 2.5
      vertex 99.5 72.3 23.6
    endloop
  endfacet
  facet normal 0.881577 -0.472039 0
    outer loop
      vertex 105.91 70.3555 23.6
      vertex 106.234 70.9606 2.5
      vertex 106.234 70.9606 23.6
    endloop
  endfacet
  facet normal 0.881577 -0.472039 0
    outer loop
      vertex 106.234 70.9606 2.5
      vertex 105.91 70.3555 23.6
      vertex 105.91 70.3555 2.5
    endloop
  endfacet
  facet normal 0.471534 -0.881848 0
    outer loop
      vertex 104.339 69.0664 2.5
      vertex 104.944 69.3899 23.6
      vertex 104.339 69.0664 23.6
    endloop
  endfacet
  facet normal 0.471534 -0.881848 0
    outer loop
      vertex 104.944 69.3899 23.6
      vertex 104.339 69.0664 2.5
      vertex 104.944 69.3899 2.5
    endloop
  endfacet
  facet normal -0.633888 0.773425 0
    outer loop
      vertex 101.056 75.2101 2.5
      vertex 100.525 74.7749 23.6
      vertex 101.056 75.2101 23.6
    endloop
  endfacet
  facet normal -0.633888 0.773425 0
    outer loop
      vertex 100.525 74.7749 23.6
      vertex 101.056 75.2101 2.5
      vertex 100.525 74.7749 2.5
    endloop
  endfacet
  facet normal -0.471534 0.881848 0
    outer loop
      vertex 101.661 75.5336 2.5
      vertex 101.056 75.2101 23.6
      vertex 101.661 75.5336 23.6
    endloop
  endfacet
  facet normal -0.471534 0.881848 0
    outer loop
      vertex 101.056 75.2101 23.6
      vertex 101.661 75.5336 2.5
      vertex 101.056 75.2101 2.5
    endloop
  endfacet
  facet normal 0.0979167 -0.995195 0
    outer loop
      vertex 103 68.8 2.5
      vertex 103.683 68.8672 23.6
      vertex 103 68.8 23.6
    endloop
  endfacet
  facet normal 0.0979167 -0.995195 0
    outer loop
      vertex 103.683 68.8672 23.6
      vertex 103 68.8 2.5
      vertex 103.683 68.8672 2.5
    endloop
  endfacet
  facet normal -0.471534 -0.881848 0
    outer loop
      vertex 101.056 69.3899 2.5
      vertex 101.661 69.0664 23.6
      vertex 101.056 69.3899 23.6
    endloop
  endfacet
  facet normal -0.471534 -0.881848 -0
    outer loop
      vertex 101.661 69.0664 23.6
      vertex 101.056 69.3899 2.5
      vertex 101.661 69.0664 2.5
    endloop
  endfacet
  facet normal -0.956972 0.290181 0
    outer loop
      vertex 99.5673 72.9828 2.5
      vertex 99.7664 73.6394 23.6
      vertex 99.7664 73.6394 2.5
    endloop
  endfacet
  facet normal -0.956972 0.290181 0
    outer loop
      vertex 99.7664 73.6394 23.6
      vertex 99.5673 72.9828 2.5
      vertex 99.5673 72.9828 23.6
    endloop
  endfacet
  facet normal 0.957012 -0.290048 0
    outer loop
      vertex 106.234 70.9606 23.6
      vertex 106.433 71.6172 2.5
      vertex 106.433 71.6172 23.6
    endloop
  endfacet
  facet normal 0.957012 -0.290048 0
    outer loop
      vertex 106.433 71.6172 2.5
      vertex 106.234 70.9606 23.6
      vertex 106.234 70.9606 2.5
    endloop
  endfacet
  facet normal 0.881577 0.472039 0
    outer loop
      vertex 106.234 73.6394 23.6
      vertex 105.91 74.2445 2.5
      vertex 105.91 74.2445 23.6
    endloop
  endfacet
  facet normal 0.881577 0.472039 0
    outer loop
      vertex 105.91 74.2445 2.5
      vertex 106.234 73.6394 23.6
      vertex 106.234 73.6394 2.5
    endloop
  endfacet
  facet normal -0.098061 0.99518 0
    outer loop
      vertex 103 75.8 2.5
      vertex 102.317 75.7327 23.6
      vertex 103 75.8 23.6
    endloop
  endfacet
  facet normal -0.098061 0.99518 0
    outer loop
      vertex 102.317 75.7327 23.6
      vertex 103 75.8 2.5
      vertex 102.317 75.7327 2.5
    endloop
  endfacet
  facet normal -0.773216 0.634142 0
    outer loop
      vertex 100.09 74.2445 2.5
      vertex 100.525 74.7749 23.6
      vertex 100.525 74.7749 2.5
    endloop
  endfacet
  facet normal -0.773216 0.634142 0
    outer loop
      vertex 100.525 74.7749 23.6
      vertex 100.09 74.2445 2.5
      vertex 100.09 74.2445 23.6
    endloop
  endfacet
  facet normal 0.99522 -0.0976563 0
    outer loop
      vertex 106.433 71.6172 23.6
      vertex 106.5 72.3 2.5
      vertex 106.5 72.3 23.6
    endloop
  endfacet
  facet normal 0.99522 -0.0976563 0
    outer loop
      vertex 106.5 72.3 2.5
      vertex 106.433 71.6172 23.6
      vertex 106.433 71.6172 2.5
    endloop
  endfacet
  facet normal -0.773216 -0.634142 0
    outer loop
      vertex 100.525 69.8251 2.5
      vertex 100.09 70.3555 23.6
      vertex 100.09 70.3555 2.5
    endloop
  endfacet
  facet normal -0.773216 -0.634142 0
    outer loop
      vertex 100.09 70.3555 23.6
      vertex 100.525 69.8251 2.5
      vertex 100.525 69.8251 23.6
    endloop
  endfacet
  facet normal 0.633888 -0.773425 0
    outer loop
      vertex 104.944 69.3899 2.5
      vertex 105.475 69.8251 23.6
      vertex 104.944 69.3899 23.6
    endloop
  endfacet
  facet normal 0.633888 -0.773425 0
    outer loop
      vertex 105.475 69.8251 23.6
      vertex 104.944 69.3899 2.5
      vertex 105.475 69.8251 2.5
    endloop
  endfacet
  facet normal -0.995178 -0.0980894 0
    outer loop
      vertex 99.5673 71.6172 2.5
      vertex 99.5 72.3 23.6
      vertex 99.5 72.3 2.5
    endloop
  endfacet
  facet normal -0.995178 -0.0980894 0
    outer loop
      vertex 99.5 72.3 23.6
      vertex 99.5673 71.6172 2.5
      vertex 99.5673 71.6172 23.6
    endloop
  endfacet
  facet normal -0.0979167 -0.995195 0
    outer loop
      vertex 102.317 68.8672 2.5
      vertex 103 68.8 23.6
      vertex 102.317 68.8672 23.6
    endloop
  endfacet
  facet normal -0.0979167 -0.995195 -0
    outer loop
      vertex 103 68.8 23.6
      vertex 102.317 68.8672 2.5
      vertex 103 68.8 2.5
    endloop
  endfacet
  facet normal -0.290558 -0.956857 0
    outer loop
      vertex 101.661 69.0664 2.5
      vertex 102.317 68.8672 23.6
      vertex 101.661 69.0664 23.6
    endloop
  endfacet
  facet normal -0.290558 -0.956857 -0
    outer loop
      vertex 102.317 68.8672 23.6
      vertex 101.661 69.0664 2.5
      vertex 102.317 68.8672 2.5
    endloop
  endfacet
  facet normal 0.881086 -0.472957 0
    outer loop
      vertex 101.845 72.7784 23.6
      vertex 101.961 72.9945 13.6
      vertex 101.961 72.9945 23.6
    endloop
  endfacet
  facet normal 0.881086 -0.472957 0
    outer loop
      vertex 101.961 72.9945 13.6
      vertex 101.845 72.7784 23.6
      vertex 101.845 72.7784 13.6
    endloop
  endfacet
  facet normal -0.957093 -0.289781 0
    outer loop
      vertex 104.226 72.5439 13.6
      vertex 104.155 72.7784 23.6
      vertex 104.155 72.7784 13.6
    endloop
  endfacet
  facet normal -0.957093 -0.289781 0
    outer loop
      vertex 104.155 72.7784 23.6
      vertex 104.226 72.5439 13.6
      vertex 104.226 72.5439 23.6
    endloop
  endfacet
  facet normal -0.995194 -0.097928 0
    outer loop
      vertex 104.25 72.3 13.6
      vertex 104.226 72.5439 23.6
      vertex 104.226 72.5439 13.6
    endloop
  endfacet
  facet normal -0.995194 -0.097928 0
    outer loop
      vertex 104.226 72.5439 23.6
      vertex 104.25 72.3 13.6
      vertex 104.25 72.3 23.6
    endloop
  endfacet
  facet normal -0.290722 0.956807 0
    outer loop
      vertex 103.478 71.1451 13.6
      vertex 103.244 71.074 23.6
      vertex 103.478 71.1451 23.6
    endloop
  endfacet
  facet normal -0.290722 0.956807 0
    outer loop
      vertex 103.244 71.074 23.6
      vertex 103.478 71.1451 13.6
      vertex 103.244 71.074 13.6
    endloop
  endfacet
  facet normal 0.957093 0.289781 0
    outer loop
      vertex 101.845 71.8216 23.6
      vertex 101.774 72.0561 13.6
      vertex 101.774 72.0561 23.6
    endloop
  endfacet
  facet normal 0.957093 0.289781 0
    outer loop
      vertex 101.774 72.0561 13.6
      vertex 101.845 71.8216 23.6
      vertex 101.845 71.8216 13.6
    endloop
  endfacet
  facet normal -0.773884 0.633327 0
    outer loop
      vertex 103.884 71.4161 13.6
      vertex 104.039 71.6055 23.6
      vertex 104.039 71.6055 13.6
    endloop
  endfacet
  facet normal -0.773884 0.633327 0
    outer loop
      vertex 104.039 71.6055 23.6
      vertex 103.884 71.4161 13.6
      vertex 103.884 71.4161 23.6
    endloop
  endfacet
  facet normal -0.633105 -0.774066 0
    outer loop
      vertex 103.694 73.3393 13.6
      vertex 103.884 73.1839 23.6
      vertex 103.694 73.3393 23.6
    endloop
  endfacet
  facet normal -0.633105 -0.774066 -0
    outer loop
      vertex 103.884 73.1839 23.6
      vertex 103.694 73.3393 13.6
      vertex 103.884 73.1839 13.6
    endloop
  endfacet
  facet normal -0.291097 -0.956694 0
    outer loop
      vertex 103.244 73.526 13.6
      vertex 103.478 73.4548 23.6
      vertex 103.244 73.526 23.6
    endloop
  endfacet
  facet normal -0.291097 -0.956694 -0
    outer loop
      vertex 103.478 73.4548 23.6
      vertex 103.244 73.526 13.6
      vertex 103.478 73.4548 13.6
    endloop
  endfacet
  facet normal 0.881086 0.472957 0
    outer loop
      vertex 101.961 71.6055 23.6
      vertex 101.845 71.8216 13.6
      vertex 101.845 71.8216 23.6
    endloop
  endfacet
  facet normal 0.881086 0.472957 0
    outer loop
      vertex 101.845 71.8216 13.6
      vertex 101.961 71.6055 23.6
      vertex 101.961 71.6055 13.6
    endloop
  endfacet
  facet normal -0.773884 -0.633327 0
    outer loop
      vertex 104.039 72.9945 13.6
      vertex 103.884 73.1839 23.6
      vertex 103.884 73.1839 13.6
    endloop
  endfacet
  facet normal -0.773884 -0.633327 0
    outer loop
      vertex 103.884 73.1839 23.6
      vertex 104.039 72.9945 13.6
      vertex 104.039 72.9945 23.6
    endloop
  endfacet
  facet normal -0.0978883 -0.995197 0
    outer loop
      vertex 103 73.55 13.6
      vertex 103.244 73.526 23.6
      vertex 103 73.55 23.6
    endloop
  endfacet
  facet normal -0.0978883 -0.995197 -0
    outer loop
      vertex 103.244 73.526 23.6
      vertex 103 73.55 13.6
      vertex 103.244 73.526 13.6
    endloop
  endfacet
  facet normal 0.291097 -0.956694 0
    outer loop
      vertex 102.522 73.4548 13.6
      vertex 102.756 73.526 23.6
      vertex 102.522 73.4548 23.6
    endloop
  endfacet
  facet normal 0.291097 -0.956694 0
    outer loop
      vertex 102.756 73.526 23.6
      vertex 102.522 73.4548 13.6
      vertex 102.756 73.526 13.6
    endloop
  endfacet
  facet normal 0.633105 0.774066 -0
    outer loop
      vertex 102.306 71.2607 13.6
      vertex 102.116 71.4161 23.6
      vertex 102.306 71.2607 23.6
    endloop
  endfacet
  facet normal 0.633105 0.774066 0
    outer loop
      vertex 102.116 71.4161 23.6
      vertex 102.306 71.2607 13.6
      vertex 102.116 71.4161 13.6
    endloop
  endfacet
  facet normal -0.471542 -0.881844 0
    outer loop
      vertex 103.478 73.4548 13.6
      vertex 103.694 73.3393 23.6
      vertex 103.478 73.4548 23.6
    endloop
  endfacet
  facet normal -0.471542 -0.881844 -0
    outer loop
      vertex 103.694 73.3393 23.6
      vertex 103.478 73.4548 13.6
      vertex 103.694 73.3393 13.6
    endloop
  endfacet
  facet normal 0.995194 -0.097928 0
    outer loop
      vertex 101.75 72.3 23.6
      vertex 101.774 72.5439 13.6
      vertex 101.774 72.5439 23.6
    endloop
  endfacet
  facet normal 0.995194 -0.097928 0
    outer loop
      vertex 101.774 72.5439 13.6
      vertex 101.75 72.3 23.6
      vertex 101.75 72.3 13.6
    endloop
  endfacet
  facet normal -0.881086 0.472957 0
    outer loop
      vertex 104.039 71.6055 13.6
      vertex 104.155 71.8216 23.6
      vertex 104.155 71.8216 13.6
    endloop
  endfacet
  facet normal -0.881086 0.472957 0
    outer loop
      vertex 104.155 71.8216 23.6
      vertex 104.039 71.6055 13.6
      vertex 104.039 71.6055 23.6
    endloop
  endfacet
  facet normal -0.471859 0.881674 0
    outer loop
      vertex 103.694 71.2607 13.6
      vertex 103.478 71.1451 23.6
      vertex 103.694 71.2607 23.6
    endloop
  endfacet
  facet normal -0.471859 0.881674 0
    outer loop
      vertex 103.478 71.1451 23.6
      vertex 103.694 71.2607 13.6
      vertex 103.478 71.1451 13.6
    endloop
  endfacet
  facet normal 0 0 1
    outer loop
      vertex 104.226 72.5439 13.6
      vertex 104.226 72.0561 13.6
      vertex 104.25 72.3 13.6
    endloop
  endfacet
  facet normal 0 0 1
    outer loop
      vertex 104.155 72.7784 13.6
      vertex 104.226 72.0561 13.6
      vertex 104.226 72.5439 13.6
    endloop
  endfacet
  facet normal 0 0 1
    outer loop
      vertex 104.155 72.7784 13.6
      vertex 104.155 71.8216 13.6
      vertex 104.226 72.0561 13.6
    endloop
  endfacet
  facet normal 0 0 1
    outer loop
      vertex 104.039 72.9945 13.6
      vertex 104.155 71.8216 13.6
      vertex 104.155 72.7784 13.6
    endloop
  endfacet
  facet normal 0 0 1
    outer loop
      vertex 104.039 72.9945 13.6
      vertex 104.039 71.6055 13.6
      vertex 104.155 71.8216 13.6
    endloop
  endfacet
  facet normal 0 0 1
    outer loop
      vertex 103.884 73.1839 13.6
      vertex 104.039 71.6055 13.6
      vertex 104.039 72.9945 13.6
    endloop
  endfacet
  facet normal 0 0 1
    outer loop
      vertex 103.884 73.1839 13.6
      vertex 103.884 71.4161 13.6
      vertex 104.039 71.6055 13.6
    endloop
  endfacet
  facet normal 0 0 1
    outer loop
      vertex 103.694 73.3393 13.6
      vertex 103.884 71.4161 13.6
      vertex 103.884 73.1839 13.6
    endloop
  endfacet
  facet normal 0 0 1
    outer loop
      vertex 103.694 73.3393 13.6
      vertex 103.694 71.2607 13.6
      vertex 103.884 71.4161 13.6
    endloop
  endfacet
  facet normal 0 0 1
    outer loop
      vertex 103.478 73.4548 13.6
      vertex 103.694 71.2607 13.6
      vertex 103.694 73.3393 13.6
    endloop
  endfacet
  facet normal 0 0 1
    outer loop
      vertex 103.478 73.4548 13.6
      vertex 103.478 71.1451 13.6
      vertex 103.694 71.2607 13.6
    endloop
  endfacet
  facet normal 0 0 1
    outer loop
      vertex 103.244 73.526 13.6
      vertex 103.478 71.1451 13.6
      vertex 103.478 73.4548 13.6
    endloop
  endfacet
  facet normal 0 0 1
    outer loop
      vertex 103.244 73.526 13.6
      vertex 103.244 71.074 13.6
      vertex 103.478 71.1451 13.6
    endloop
  endfacet
  facet normal 0 0 1
    outer loop
      vertex 103 73.55 13.6
      vertex 103.244 71.074 13.6
      vertex 103.244 73.526 13.6
    endloop
  endfacet
  facet normal 0 0 1
    outer loop
      vertex 103 73.55 13.6
      vertex 103 71.05 13.6
      vertex 103.244 71.074 13.6
    endloop
  endfacet
  facet normal -0 0 1
    outer loop
      vertex 102.756 73.526 13.6
      vertex 103 71.05 13.6
      vertex 103 73.55 13.6
    endloop
  endfacet
  facet normal 0 0 1
    outer loop
      vertex 102.756 73.526 13.6
      vertex 102.756 71.074 13.6
      vertex 103 71.05 13.6
    endloop
  endfacet
  facet normal -0 0 1
    outer loop
      vertex 102.522 73.4548 13.6
      vertex 102.756 71.074 13.6
      vertex 102.756 73.526 13.6
    endloop
  endfacet
  facet normal 0 0 1
    outer loop
      vertex 102.522 73.4548 13.6
      vertex 102.522 71.1451 13.6
      vertex 102.756 71.074 13.6
    endloop
  endfacet
  facet normal -0 0 1
    outer loop
      vertex 102.306 73.3393 13.6
      vertex 102.522 71.1451 13.6
      vertex 102.522 73.4548 13.6
    endloop
  endfacet
  facet normal 0 0 1
    outer loop
      vertex 102.306 73.3393 13.6
      vertex 102.306 71.2607 13.6
      vertex 102.522 71.1451 13.6
    endloop
  endfacet
  facet normal -0 0 1
    outer loop
      vertex 102.116 73.1839 13.6
      vertex 102.306 71.2607 13.6
      vertex 102.306 73.3393 13.6
    endloop
  endfacet
  facet normal 0 0 1
    outer loop
      vertex 102.116 73.1839 13.6
      vertex 102.116 71.4161 13.6
      vertex 102.306 71.2607 13.6
    endloop
  endfacet
  facet normal -0 0 1
    outer loop
      vertex 101.961 72.9945 13.6
      vertex 102.116 71.4161 13.6
      vertex 102.116 73.1839 13.6
    endloop
  endfacet
  facet normal 0 0 1
    outer loop
      vertex 101.961 72.9945 13.6
      vertex 101.961 71.6055 13.6
      vertex 102.116 71.4161 13.6
    endloop
  endfacet
  facet normal -0 0 1
    outer loop
      vertex 101.845 72.7784 13.6
      vertex 101.961 71.6055 13.6
      vertex 101.961 72.9945 13.6
    endloop
  endfacet
  facet normal 0 0 1
    outer loop
      vertex 101.845 72.7784 13.6
      vertex 101.845 71.8216 13.6
      vertex 101.961 71.6055 13.6
    endloop
  endfacet
  facet normal -0 0 1
    outer loop
      vertex 101.774 72.5439 13.6
      vertex 101.845 71.8216 13.6
      vertex 101.845 72.7784 13.6
    endloop
  endfacet
  facet normal 0 0 1
    outer loop
      vertex 101.774 72.5439 13.6
      vertex 101.774 72.0561 13.6
      vertex 101.845 71.8216 13.6
    endloop
  endfacet
  facet normal 0 -0 1
    outer loop
      vertex 101.774 72.0561 13.6
      vertex 101.774 72.5439 13.6
      vertex 101.75 72.3 13.6
    endloop
  endfacet
  facet normal 0.633105 -0.774066 0
    outer loop
      vertex 102.116 73.1839 13.6
      vertex 102.306 73.3393 23.6
      vertex 102.116 73.1839 23.6
    endloop
  endfacet
  facet normal 0.633105 -0.774066 0
    outer loop
      vertex 102.306 73.3393 23.6
      vertex 102.116 73.1839 13.6
      vertex 102.306 73.3393 13.6
    endloop
  endfacet
  facet normal 0.471542 -0.881844 0
    outer loop
      vertex 102.306 73.3393 13.6
      vertex 102.522 73.4548 23.6
      vertex 102.306 73.3393 23.6
    endloop
  endfacet
  facet normal 0.471542 -0.881844 0
    outer loop
      vertex 102.522 73.4548 23.6
      vertex 102.306 73.3393 13.6
      vertex 102.522 73.4548 13.6
    endloop
  endfacet
  facet normal -0.0978883 0.995197 0
    outer loop
      vertex 103.244 71.074 13.6
      vertex 103 71.05 23.6
      vertex 103.244 71.074 23.6
    endloop
  endfacet
  facet normal -0.0978883 0.995197 0
    outer loop
      vertex 103 71.05 23.6
      vertex 103.244 71.074 13.6
      vertex 103 71.05 13.6
    endloop
  endfacet
  facet normal 0.471859 0.881674 -0
    outer loop
      vertex 102.522 71.1451 13.6
      vertex 102.306 71.2607 23.6
      vertex 102.522 71.1451 23.6
    endloop
  endfacet
  facet normal 0.471859 0.881674 0
    outer loop
      vertex 102.306 71.2607 23.6
      vertex 102.522 71.1451 13.6
      vertex 102.306 71.2607 13.6
    endloop
  endfacet
  facet normal 0.957093 -0.289781 0
    outer loop
      vertex 101.774 72.5439 23.6
      vertex 101.845 72.7784 13.6
      vertex 101.845 72.7784 23.6
    endloop
  endfacet
  facet normal 0.957093 -0.289781 0
    outer loop
      vertex 101.845 72.7784 13.6
      vertex 101.774 72.5439 23.6
      vertex 101.774 72.5439 13.6
    endloop
  endfacet
  facet normal -0.957093 0.289781 0
    outer loop
      vertex 104.155 71.8216 13.6
      vertex 104.226 72.0561 23.6
      vertex 104.226 72.0561 13.6
    endloop
  endfacet
  facet normal -0.957093 0.289781 0
    outer loop
      vertex 104.226 72.0561 23.6
      vertex 104.155 71.8216 13.6
      vertex 104.155 71.8216 23.6
    endloop
  endfacet
  facet normal -0.881086 -0.472957 0
    outer loop
      vertex 104.155 72.7784 13.6
      vertex 104.039 72.9945 23.6
      vertex 104.039 72.9945 13.6
    endloop
  endfacet
  facet normal -0.881086 -0.472957 0
    outer loop
      vertex 104.039 72.9945 23.6
      vertex 104.155 72.7784 13.6
      vertex 104.155 72.7784 23.6
    endloop
  endfacet
  facet normal 0.0978883 -0.995197 0
    outer loop
      vertex 102.756 73.526 13.6
      vertex 103 73.55 23.6
      vertex 102.756 73.526 23.6
    endloop
  endfacet
  facet normal 0.0978883 -0.995197 0
    outer loop
      vertex 103 73.55 23.6
      vertex 102.756 73.526 13.6
      vertex 103 73.55 13.6
    endloop
  endfacet
  facet normal 0.773884 -0.633327 0
    outer loop
      vertex 101.961 72.9945 23.6
      vertex 102.116 73.1839 13.6
      vertex 102.116 73.1839 23.6
    endloop
  endfacet
  facet normal 0.773884 -0.633327 0
    outer loop
      vertex 102.116 73.1839 13.6
      vertex 101.961 72.9945 23.6
      vertex 101.961 72.9945 13.6
    endloop
  endfacet
  facet normal -0.995194 0.097928 0
    outer loop
      vertex 104.226 72.0561 13.6
      vertex 104.25 72.3 23.6
      vertex 104.25 72.3 13.6
    endloop
  endfacet
  facet normal -0.995194 0.097928 0
    outer loop
      vertex 104.25 72.3 23.6
      vertex 104.226 72.0561 13.6
      vertex 104.226 72.0561 23.6
    endloop
  endfacet
  facet normal 0.773884 0.633327 0
    outer loop
      vertex 102.116 71.4161 23.6
      vertex 101.961 71.6055 13.6
      vertex 101.961 71.6055 23.6
    endloop
  endfacet
  facet normal 0.773884 0.633327 0
    outer loop
      vertex 101.961 71.6055 13.6
      vertex 102.116 71.4161 23.6
      vertex 102.116 71.4161 13.6
    endloop
  endfacet
  facet normal -0.633105 0.774066 0
    outer loop
      vertex 103.884 71.4161 13.6
      vertex 103.694 71.2607 23.6
      vertex 103.884 71.4161 23.6
    endloop
  endfacet
  facet normal -0.633105 0.774066 0
    outer loop
      vertex 103.694 71.2607 23.6
      vertex 103.884 71.4161 13.6
      vertex 103.694 71.2607 13.6
    endloop
  endfacet
  facet normal 0.995194 0.097928 0
    outer loop
      vertex 101.774 72.0561 23.6
      vertex 101.75 72.3 13.6
      vertex 101.75 72.3 23.6
    endloop
  endfacet
  facet normal 0.995194 0.097928 0
    outer loop
      vertex 101.75 72.3 13.6
      vertex 101.774 72.0561 23.6
      vertex 101.774 72.0561 13.6
    endloop
  endfacet
  facet normal 0.0978883 0.995197 -0
    outer loop
      vertex 103 71.05 13.6
      vertex 102.756 71.074 23.6
      vertex 103 71.05 23.6
    endloop
  endfacet
  facet normal 0.0978883 0.995197 0
    outer loop
      vertex 102.756 71.074 23.6
      vertex 103 71.05 13.6
      vertex 102.756 71.074 13.6
    endloop
  endfacet
  facet normal 0.290722 0.956807 -0
    outer loop
      vertex 102.756 71.074 13.6
      vertex 102.522 71.1451 23.6
      vertex 102.756 71.074 23.6
    endloop
  endfacet
  facet normal 0.290722 0.956807 0
    outer loop
      vertex 102.522 71.1451 23.6
      vertex 102.756 71.074 13.6
      vertex 102.522 71.1451 13.6
    endloop
  endfacet
endsolid OpenSCAD_Model
