solid OpenSCAD_Model
  facet normal -0.995185 -0.098018 0
    outer loop
      vertex 9.8 6 3
      vertex 9.73598 6.65 4.2
      vertex 9.73598 6.65 3
    endloop
  endfacet
  facet normal -0.995185 -0.098018 0
    outer loop
      vertex 9.73598 6.65 4.2
      vertex 9.8 6 3
      vertex 9.8 6 4.2
    endloop
  endfacet
  facet normal 0.634386 -0.773017 0
    outer loop
      vertex 3.31299 8.68701 3
      vertex 3.88883 9.15958 4.2
      vertex 3.31299 8.68701 4.2
    endloop
  endfacet
  facet normal 0.634386 -0.773017 0
    outer loop
      vertex 3.88883 9.15958 4.2
      vertex 3.31299 8.68701 3
      vertex 3.88883 9.15958 3
    endloop
  endfacet
  facet normal -0.098018 -0.995185 0
    outer loop
      vertex 6 9.8 3
      vertex 6.65 9.73598 4.2
      vertex 6 9.8 4.2
    endloop
  endfacet
  facet normal -0.098018 -0.995185 -0
    outer loop
      vertex 6.65 9.73598 4.2
      vertex 6 9.8 3
      vertex 6.65 9.73598 3
    endloop
  endfacet
  facet normal 0.29028 -0.956942 0
    outer loop
      vertex 4.5458 9.51074 3
      vertex 5.25866 9.72698 4.2
      vertex 4.5458 9.51074 4.2
    endloop
  endfacet
  facet normal 0.29028 -0.956942 0
    outer loop
      vertex 5.25866 9.72698 4.2
      vertex 4.5458 9.51074 3
      vertex 5.25866 9.72698 3
    endloop
  endfacet
  facet normal 0.881921 0.471398 0
    outer loop
      vertex 2.84042 3.88883 4.2
      vertex 2.7492 4.05949 3
      vertex 2.7492 4.05949 4.2
    endloop
  endfacet
  facet normal 0.881921 0.471398 0
    outer loop
      vertex 2.7492 4.05949 3
      vertex 2.84042 3.88883 4.2
      vertex 2.84042 3.88883 3
    endloop
  endfacet
  facet normal -0.773017 0.634386 0
    outer loop
      vertex 8.68701 3.31299 3
      vertex 9.15958 3.88883 4.2
      vertex 9.15958 3.88883 3
    endloop
  endfacet
  facet normal -0.773017 0.634386 0
    outer loop
      vertex 9.15958 3.88883 4.2
      vertex 8.68701 3.31299 3
      vertex 8.68701 3.31299 4.2
    endloop
  endfacet
  facet normal -0.634386 0.773017 0
    outer loop
      vertex 8.68701 3.31299 3
      vertex 8.11117 2.84042 4.2
      vertex 8.68701 3.31299 4.2
    endloop
  endfacet
  facet normal -0.634386 0.773017 0
    outer loop
      vertex 8.11117 2.84042 4.2
      vertex 8.68701 3.31299 3
      vertex 8.11117 2.84042 3
    endloop
  endfacet
  facet normal -0.995184 0.098023 0
    outer loop
      vertex 9.72698 5.25866 3
      vertex 9.8 6 4.2
      vertex 9.8 6 3
    endloop
  endfacet
  facet normal -0.995184 0.098023 0
    outer loop
      vertex 9.8 6 4.2
      vertex 9.72698 5.25866 3
      vertex 9.72698 5.25866 4.2
    endloop
  endfacet
  facet normal 0.881921 -0.471398 0
    outer loop
      vertex 2.65 7.75492 4.2
      vertex 2.84042 8.11117 3
      vertex 2.84042 8.11117 4.2
    endloop
  endfacet
  facet normal 0.881921 -0.471398 0
    outer loop
      vertex 2.84042 8.11117 3
      vertex 2.65 7.75492 4.2
      vertex 2.65 7.75492 3
    endloop
  endfacet
  facet normal -0.956942 0.29028 0
    outer loop
      vertex 9.51074 4.5458 3
      vertex 9.72698 5.25866 4.2
      vertex 9.72698 5.25866 3
    endloop
  endfacet
  facet normal -0.956942 0.29028 0
    outer loop
      vertex 9.72698 5.25866 4.2
      vertex 9.51074 4.5458 3
      vertex 9.51074 4.5458 4.2
    endloop
  endfacet
  facet normal -0.471398 0.881921 0
    outer loop
      vertex 8.11117 2.84042 3
      vertex 7.75492 2.65 4.2
      vertex 8.11117 2.84042 4.2
    endloop
  endfacet
  facet normal -0.471398 0.881921 0
    outer loop
      vertex 7.75492 2.65 4.2
      vertex 8.11117 2.84042 3
      vertex 7.75492 2.65 3
    endloop
  endfacet
  facet normal -0.88192 0.471399 0
    outer loop
      vertex 9.15958 3.88883 3
      vertex 9.51074 4.5458 4.2
      vertex 9.51074 4.5458 3
    endloop
  endfacet
  facet normal -0.88192 0.471399 0
    outer loop
      vertex 9.51074 4.5458 4.2
      vertex 9.15958 3.88883 3
      vertex 9.15958 3.88883 4.2
    endloop
  endfacet
  facet normal 0.634386 0.773017 -0
    outer loop
      vertex 3.88883 2.84042 3
      vertex 3.31299 3.31299 4.2
      vertex 3.88883 2.84042 4.2
    endloop
  endfacet
  facet normal 0.634386 0.773017 0
    outer loop
      vertex 3.31299 3.31299 4.2
      vertex 3.88883 2.84042 3
      vertex 3.31299 3.31299 3
    endloop
  endfacet
  facet normal 0.773017 -0.634386 0
    outer loop
      vertex 2.84042 8.11117 4.2
      vertex 3.31299 8.68701 3
      vertex 3.31299 8.68701 4.2
    endloop
  endfacet
  facet normal 0.773017 -0.634386 0
    outer loop
      vertex 3.31299 8.68701 3
      vertex 2.84042 8.11117 4.2
      vertex 2.84042 8.11117 3
    endloop
  endfacet
  facet normal 0.471398 0.881921 -0
    outer loop
      vertex 4.05949 2.7492 3
      vertex 3.88883 2.84042 4.2
      vertex 4.05949 2.7492 4.2
    endloop
  endfacet
  facet normal 0.471398 0.881921 0
    outer loop
      vertex 3.88883 2.84042 4.2
      vertex 4.05949 2.7492 3
      vertex 3.88883 2.84042 3
    endloop
  endfacet
  facet normal 0.471399 -0.88192 0
    outer loop
      vertex 3.88883 9.15958 3
      vertex 4.5458 9.51074 4.2
      vertex 3.88883 9.15958 4.2
    endloop
  endfacet
  facet normal 0.471399 -0.88192 0
    outer loop
      vertex 4.5458 9.51074 4.2
      vertex 3.88883 9.15958 3
      vertex 4.5458 9.51074 3
    endloop
  endfacet
  facet normal 0.098023 -0.995184 0
    outer loop
      vertex 5.25866 9.72698 3
      vertex 6 9.8 4.2
      vertex 5.25866 9.72698 4.2
    endloop
  endfacet
  facet normal 0.098023 -0.995184 0
    outer loop
      vertex 6 9.8 4.2
      vertex 5.25866 9.72698 3
      vertex 6 9.8 3
    endloop
  endfacet
  facet normal 0.773017 0.634386 0
    outer loop
      vertex 3.31299 3.31299 4.2
      vertex 2.84042 3.88883 3
      vertex 2.84042 3.88883 4.2
    endloop
  endfacet
  facet normal 0.773017 0.634386 0
    outer loop
      vertex 2.84042 3.88883 3
      vertex 3.31299 3.31299 4.2
      vertex 3.31299 3.31299 3
    endloop
  endfacet
  facet normal -0.882353 -0.470588 0
    outer loop
      vertex 106.35 7.75492 3
      vertex 106.16 8.11117 4.2
      vertex 106.16 8.11117 3
    endloop
  endfacet
  facet normal -0.882353 -0.470588 0
    outer loop
      vertex 106.16 8.11117 4.2
      vertex 106.35 7.75492 3
      vertex 106.35 7.75492 4.2
    endloop
  endfacet
  facet normal -0.0980675 -0.99518 0
    outer loop
      vertex 103 9.8 3
      vertex 103.741 9.72698 4.2
      vertex 103 9.8 4.2
    endloop
  endfacet
  facet normal -0.0980675 -0.99518 -0
    outer loop
      vertex 103.741 9.72698 4.2
      vertex 103 9.8 3
      vertex 103.741 9.72698 3
    endloop
  endfacet
  facet normal 0.881954 0.471336 0
    outer loop
      vertex 99.8404 3.88883 4.2
      vertex 99.4893 4.5458 3
      vertex 99.4893 4.5458 4.2
    endloop
  endfacet
  facet normal 0.881954 0.471336 0
    outer loop
      vertex 99.4893 4.5458 3
      vertex 99.8404 3.88883 4.2
      vertex 99.8404 3.88883 3
    endloop
  endfacet
  facet normal -0.471382 -0.881929 0
    outer loop
      vertex 104.454 9.51074 3
      vertex 105.111 9.15958 4.2
      vertex 104.454 9.51074 4.2
    endloop
  endfacet
  facet normal -0.471382 -0.881929 -0
    outer loop
      vertex 105.111 9.15958 4.2
      vertex 104.454 9.51074 3
      vertex 105.111 9.15958 3
    endloop
  endfacet
  facet normal -0.772734 -0.63473 0
    outer loop
      vertex 106.16 8.11117 3
      vertex 105.687 8.68701 4.2
      vertex 105.687 8.68701 3
    endloop
  endfacet
  facet normal -0.772734 -0.63473 0
    outer loop
      vertex 105.687 8.68701 4.2
      vertex 106.16 8.11117 3
      vertex 106.16 8.11117 4.2
    endloop
  endfacet
  facet normal -0.772734 0.63473 0
    outer loop
      vertex 105.687 3.31299 3
      vertex 106.16 3.88883 4.2
      vertex 106.16 3.88883 3
    endloop
  endfacet
  facet normal -0.772734 0.63473 0
    outer loop
      vertex 106.16 3.88883 4.2
      vertex 105.687 3.31299 3
      vertex 105.687 3.31299 4.2
    endloop
  endfacet
  facet normal -0.63428 0.773103 0
    outer loop
      vertex 105.687 3.31299 3
      vertex 105.111 2.84042 4.2
      vertex 105.687 3.31299 4.2
    endloop
  endfacet
  facet normal -0.63428 0.773103 0
    outer loop
      vertex 105.111 2.84042 4.2
      vertex 105.687 3.31299 3
      vertex 105.111 2.84042 3
    endloop
  endfacet
  facet normal -0.47282 0.881159 0
    outer loop
      vertex 105.111 2.84042 3
      vertex 104.941 2.7492 4.2
      vertex 105.111 2.84042 4.2
    endloop
  endfacet
  facet normal -0.47282 0.881159 0
    outer loop
      vertex 104.941 2.7492 4.2
      vertex 105.111 2.84042 3
      vertex 104.941 2.7492 3
    endloop
  endfacet
  facet normal -0.882393 0.470513 0
    outer loop
      vertex 106.16 3.88883 3
      vertex 106.251 4.05949 4.2
      vertex 106.251 4.05949 3
    endloop
  endfacet
  facet normal -0.882393 0.470513 0
    outer loop
      vertex 106.251 4.05949 4.2
      vertex 106.16 3.88883 3
      vertex 106.16 3.88883 4.2
    endloop
  endfacet
  facet normal 0.63428 0.773103 -0
    outer loop
      vertex 100.889 2.84042 3
      vertex 100.313 3.31299 4.2
      vertex 100.889 2.84042 4.2
    endloop
  endfacet
  facet normal 0.63428 0.773103 0
    outer loop
      vertex 100.313 3.31299 4.2
      vertex 100.889 2.84042 3
      vertex 100.313 3.31299 3
    endloop
  endfacet
  facet normal 0.471655 0.881783 -0
    outer loop
      vertex 101.245 2.65 3
      vertex 100.889 2.84042 4.2
      vertex 101.245 2.65 4.2
    endloop
  endfacet
  facet normal 0.471655 0.881783 0
    outer loop
      vertex 100.889 2.84042 4.2
      vertex 101.245 2.65 3
      vertex 100.889 2.84042 3
    endloop
  endfacet
  facet normal -0.290228 -0.956958 0
    outer loop
      vertex 103.741 9.72698 3
      vertex 104.454 9.51074 4.2
      vertex 103.741 9.72698 4.2
    endloop
  endfacet
  facet normal -0.290228 -0.956958 -0
    outer loop
      vertex 104.454 9.51074 4.2
      vertex 103.741 9.72698 3
      vertex 104.454 9.51074 3
    endloop
  endfacet
  facet normal -0.63428 -0.773103 0
    outer loop
      vertex 105.111 9.15958 3
      vertex 105.687 8.68701 4.2
      vertex 105.111 9.15958 4.2
    endloop
  endfacet
  facet normal -0.63428 -0.773103 -0
    outer loop
      vertex 105.687 8.68701 4.2
      vertex 105.111 9.15958 3
      vertex 105.687 8.68701 3
    endloop
  endfacet
  facet normal 0.098018 -0.995185 0
    outer loop
      vertex 102.35 9.73598 3
      vertex 103 9.8 4.2
      vertex 102.35 9.73598 4.2
    endloop
  endfacet
  facet normal 0.098018 -0.995185 0
    outer loop
      vertex 103 9.8 4.2
      vertex 102.35 9.73598 3
      vertex 103 9.8 3
    endloop
  endfacet
  facet normal 0.995188 -0.0979877 0
    outer loop
      vertex 99.2 6 4.2
      vertex 99.264 6.65 3
      vertex 99.264 6.65 4.2
    endloop
  endfacet
  facet normal 0.995188 -0.0979877 0
    outer loop
      vertex 99.264 6.65 3
      vertex 99.2 6 4.2
      vertex 99.2 6 3
    endloop
  endfacet
  facet normal 0.956919 0.290354 0
    outer loop
      vertex 99.4893 4.5458 4.2
      vertex 99.273 5.25866 3
      vertex 99.273 5.25866 4.2
    endloop
  endfacet
  facet normal 0.956919 0.290354 0
    outer loop
      vertex 99.273 5.25866 3
      vertex 99.4893 4.5458 4.2
      vertex 99.4893 4.5458 3
    endloop
  endfacet
  facet normal 0.995187 0.0979964 0
    outer loop
      vertex 99.273 5.25866 4.2
      vertex 99.2 6 3
      vertex 99.2 6 4.2
    endloop
  endfacet
  facet normal 0.995187 0.0979964 0
    outer loop
      vertex 99.2 6 3
      vertex 99.273 5.25866 4.2
      vertex 99.273 5.25866 3
    endloop
  endfacet
  facet normal 0.772997 0.63441 0
    outer loop
      vertex 100.313 3.31299 4.2
      vertex 99.8404 3.88883 3
      vertex 99.8404 3.88883 4.2
    endloop
  endfacet
  facet normal 0.772997 0.63441 0
    outer loop
      vertex 99.8404 3.88883 3
      vertex 100.313 3.31299 4.2
      vertex 100.313 3.31299 3
    endloop
  endfacet
  facet normal 0.63441 -0.772997 0
    outer loop
      vertex 3.31299 74.987 3
      vertex 3.88883 75.4596 4.2
      vertex 3.31299 74.987 4.2
    endloop
  endfacet
  facet normal 0.63441 -0.772997 0
    outer loop
      vertex 3.88883 75.4596 4.2
      vertex 3.31299 74.987 3
      vertex 3.88883 75.4596 3
    endloop
  endfacet
  facet normal -0.956946 -0.290265 0
    outer loop
      vertex 9.72698 73.0413 3
      vertex 9.51074 73.7542 4.2
      vertex 9.51074 73.7542 3
    endloop
  endfacet
  facet normal -0.956946 -0.290265 0
    outer loop
      vertex 9.51074 73.7542 4.2
      vertex 9.72698 73.0413 3
      vertex 9.72698 73.0413 4.2
    endloop
  endfacet
  facet normal -0.995184 -0.0980282 0
    outer loop
      vertex 9.8 72.3 3
      vertex 9.72698 73.0413 4.2
      vertex 9.72698 73.0413 3
    endloop
  endfacet
  facet normal -0.995184 -0.0980282 0
    outer loop
      vertex 9.72698 73.0413 4.2
      vertex 9.8 72.3 3
      vertex 9.8 72.3 4.2
    endloop
  endfacet
  facet normal -0.881929 -0.471382 0
    outer loop
      vertex 9.51074 73.7542 3
      vertex 9.15958 74.4112 4.2
      vertex 9.15958 74.4112 3
    endloop
  endfacet
  facet normal -0.881929 -0.471382 0
    outer loop
      vertex 9.15958 74.4112 4.2
      vertex 9.51074 73.7542 3
      vertex 9.51074 73.7542 4.2
    endloop
  endfacet
  facet normal -0.772995 -0.634412 0
    outer loop
      vertex 9.15958 74.4112 3
      vertex 8.68701 74.987 4.2
      vertex 8.68701 74.987 3
    endloop
  endfacet
  facet normal -0.772995 -0.634412 0
    outer loop
      vertex 8.68701 74.987 4.2
      vertex 9.15958 74.4112 3
      vertex 9.15958 74.4112 4.2
    endloop
  endfacet
  facet normal 0.63441 0.772997 -0
    outer loop
      vertex 3.88883 69.1404 3
      vertex 3.31299 69.613 4.2
      vertex 3.88883 69.1404 4.2
    endloop
  endfacet
  facet normal 0.63441 0.772997 0
    outer loop
      vertex 3.31299 69.613 4.2
      vertex 3.88883 69.1404 3
      vertex 3.31299 69.613 3
    endloop
  endfacet
  facet normal -0.63441 -0.772997 0
    outer loop
      vertex 8.11117 75.4596 3
      vertex 8.68701 74.987 4.2
      vertex 8.11117 75.4596 4.2
    endloop
  endfacet
  facet normal -0.63441 -0.772997 -0
    outer loop
      vertex 8.68701 74.987 4.2
      vertex 8.11117 75.4596 3
      vertex 8.68701 74.987 3
    endloop
  endfacet
  facet normal 0.881948 0.471346 0
    outer loop
      vertex 2.84042 70.1888 4.2
      vertex 2.65 70.5451 3
      vertex 2.65 70.5451 4.2
    endloop
  endfacet
  facet normal 0.881948 0.471346 0
    outer loop
      vertex 2.65 70.5451 3
      vertex 2.84042 70.1888 4.2
      vertex 2.84042 70.1888 3
    endloop
  endfacet
  facet normal -0.995185 0.098018 0
    outer loop
      vertex 9.73598 71.65 3
      vertex 9.8 72.3 4.2
      vertex 9.8 72.3 3
    endloop
  endfacet
  facet normal -0.995185 0.098018 0
    outer loop
      vertex 9.8 72.3 4.2
      vertex 9.73598 71.65 3
      vertex 9.73598 71.65 4.2
    endloop
  endfacet
  facet normal -0.471359 -0.881941 0
    outer loop
      vertex 7.75492 75.65 3
      vertex 8.11117 75.4596 4.2
      vertex 7.75492 75.65 4.2
    endloop
  endfacet
  facet normal -0.471359 -0.881941 -0
    outer loop
      vertex 8.11117 75.4596 4.2
      vertex 7.75492 75.65 3
      vertex 8.11117 75.4596 3
    endloop
  endfacet
  facet normal -0.0979877 0.995188 0
    outer loop
      vertex 6.65 68.564 3
      vertex 6 68.5 4.2
      vertex 6.65 68.564 4.2
    endloop
  endfacet
  facet normal -0.0979877 0.995188 0
    outer loop
      vertex 6 68.5 4.2
      vertex 6.65 68.564 3
      vertex 6 68.5 3
    endloop
  endfacet
  facet normal 0.881966 -0.471312 0
    outer loop
      vertex 2.7492 74.2405 4.2
      vertex 2.84042 74.4112 3
      vertex 2.84042 74.4112 4.2
    endloop
  endfacet
  facet normal 0.881966 -0.471312 0
    outer loop
      vertex 2.84042 74.4112 3
      vertex 2.7492 74.2405 4.2
      vertex 2.7492 74.2405 3
    endloop
  endfacet
  facet normal 0.471339 -0.881952 0
    outer loop
      vertex 3.88883 75.4596 3
      vertex 4.05948 75.5508 4.2
      vertex 3.88883 75.4596 4.2
    endloop
  endfacet
  facet normal 0.471339 -0.881952 0
    outer loop
      vertex 4.05948 75.5508 4.2
      vertex 3.88883 75.4596 3
      vertex 4.05948 75.5508 3
    endloop
  endfacet
  facet normal 0.290354 0.956919 -0
    outer loop
      vertex 5.25866 68.573 3
      vertex 4.5458 68.7893 4.2
      vertex 5.25866 68.573 4.2
    endloop
  endfacet
  facet normal 0.290354 0.956919 0
    outer loop
      vertex 4.5458 68.7893 4.2
      vertex 5.25866 68.573 3
      vertex 4.5458 68.7893 3
    endloop
  endfacet
  facet normal 0.0979964 0.995187 -0
    outer loop
      vertex 6 68.5 3
      vertex 5.25866 68.573 4.2
      vertex 6 68.5 4.2
    endloop
  endfacet
  facet normal 0.0979964 0.995187 0
    outer loop
      vertex 5.25866 68.573 4.2
      vertex 6 68.5 3
      vertex 5.25866 68.573 3
    endloop
  endfacet
  facet normal 0.772995 0.634412 0
    outer loop
      vertex 3.31299 69.613 4.2
      vertex 2.84042 70.1888 3
      vertex 2.84042 70.1888 4.2
    endloop
  endfacet
  facet normal 0.772995 0.634412 0
    outer loop
      vertex 2.84042 70.1888 3
      vertex 3.31299 69.613 4.2
      vertex 3.31299 69.613 3
    endloop
  endfacet
  facet normal 0.772995 -0.634412 0
    outer loop
      vertex 2.84042 74.4112 4.2
      vertex 3.31299 74.987 3
      vertex 3.31299 74.987 4.2
    endloop
  endfacet
  facet normal 0.772995 -0.634412 0
    outer loop
      vertex 3.31299 74.987 3
      vertex 2.84042 74.4112 4.2
      vertex 2.84042 74.4112 3
    endloop
  endfacet
  facet normal 0.471336 0.881954 -0
    outer loop
      vertex 4.5458 68.7893 3
      vertex 3.88883 69.1404 4.2
      vertex 4.5458 68.7893 4.2
    endloop
  endfacet
  facet normal 0.471336 0.881954 0
    outer loop
      vertex 3.88883 69.1404 4.2
      vertex 4.5458 68.7893 3
      vertex 3.88883 69.1404 3
    endloop
  endfacet
  facet normal 0.634304 -0.773083 0
    outer loop
      vertex 100.313 74.987 3
      vertex 100.889 75.4596 4.2
      vertex 100.313 74.987 4.2
    endloop
  endfacet
  facet normal 0.634304 -0.773083 0
    outer loop
      vertex 100.889 75.4596 4.2
      vertex 100.313 74.987 3
      vertex 100.889 75.4596 3
    endloop
  endfacet
  facet normal -0.772712 0.634757 0
    outer loop
      vertex 105.687 69.613 3
      vertex 106.16 70.1888 4.2
      vertex 106.16 70.1888 3
    endloop
  endfacet
  facet normal -0.772712 0.634757 0
    outer loop
      vertex 106.16 70.1888 4.2
      vertex 105.687 69.613 3
      vertex 105.687 69.613 4.2
    endloop
  endfacet
  facet normal -0.882439 -0.470427 0
    outer loop
      vertex 106.251 74.2405 3
      vertex 106.16 74.4112 4.2
      vertex 106.16 74.4112 3
    endloop
  endfacet
  facet normal -0.882439 -0.470427 0
    outer loop
      vertex 106.16 74.4112 4.2
      vertex 106.251 74.2405 3
      vertex 106.251 74.2405 4.2
    endloop
  endfacet
  facet normal -0.772712 -0.634757 0
    outer loop
      vertex 106.16 74.4112 3
      vertex 105.687 74.987 4.2
      vertex 105.687 74.987 3
    endloop
  endfacet
  facet normal -0.772712 -0.634757 0
    outer loop
      vertex 105.687 74.987 4.2
      vertex 106.16 74.4112 3
      vertex 106.16 74.4112 4.2
    endloop
  endfacet
  facet normal -0.634304 -0.773083 0
    outer loop
      vertex 105.111 75.4596 3
      vertex 105.687 74.987 4.2
      vertex 105.111 75.4596 4.2
    endloop
  endfacet
  facet normal -0.634304 -0.773083 -0
    outer loop
      vertex 105.687 74.987 4.2
      vertex 105.111 75.4596 3
      vertex 105.687 74.987 3
    endloop
  endfacet
  facet normal -0.47132 0.881962 0
    outer loop
      vertex 105.111 69.1404 3
      vertex 104.454 68.7893 4.2
      vertex 105.111 69.1404 4.2
    endloop
  endfacet
  facet normal -0.47132 0.881962 0
    outer loop
      vertex 104.454 68.7893 4.2
      vertex 105.111 69.1404 3
      vertex 104.454 68.7893 3
    endloop
  endfacet
  facet normal -0.472739 -0.881202 0
    outer loop
      vertex 104.941 75.5508 3
      vertex 105.111 75.4596 4.2
      vertex 104.941 75.5508 4.2
    endloop
  endfacet
  facet normal -0.472739 -0.881202 -0
    outer loop
      vertex 105.111 75.4596 4.2
      vertex 104.941 75.5508 3
      vertex 105.111 75.4596 3
    endloop
  endfacet
  facet normal -0.0980409 0.995182 0
    outer loop
      vertex 103.741 68.573 3
      vertex 103 68.5 4.2
      vertex 103.741 68.573 4.2
    endloop
  endfacet
  facet normal -0.0980409 0.995182 0
    outer loop
      vertex 103 68.5 4.2
      vertex 103.741 68.573 3
      vertex 103 68.5 3
    endloop
  endfacet
  facet normal -0.290302 0.956935 0
    outer loop
      vertex 104.454 68.7893 3
      vertex 103.741 68.573 4.2
      vertex 104.454 68.7893 4.2
    endloop
  endfacet
  facet normal -0.290302 0.956935 0
    outer loop
      vertex 103.741 68.573 4.2
      vertex 104.454 68.7893 3
      vertex 103.741 68.573 3
    endloop
  endfacet
  facet normal 0.881962 -0.47132 0
    outer loop
      vertex 99.4893 73.7542 4.2
      vertex 99.8404 74.4112 3
      vertex 99.8404 74.4112 4.2
    endloop
  endfacet
  facet normal 0.881962 -0.47132 0
    outer loop
      vertex 99.8404 74.4112 3
      vertex 99.4893 73.7542 4.2
      vertex 99.4893 73.7542 3
    endloop
  endfacet
  facet normal 0.471616 -0.881804 0
    outer loop
      vertex 100.889 75.4596 3
      vertex 101.245 75.65 4.2
      vertex 100.889 75.4596 4.2
    endloop
  endfacet
  facet normal 0.471616 -0.881804 0
    outer loop
      vertex 101.245 75.65 4.2
      vertex 100.889 75.4596 3
      vertex 101.245 75.65 3
    endloop
  endfacet
  facet normal 0.995186 -0.0980016 0
    outer loop
      vertex 99.2 72.3 4.2
      vertex 99.273 73.0413 3
      vertex 99.273 73.0413 4.2
    endloop
  endfacet
  facet normal 0.995186 -0.0980016 0
    outer loop
      vertex 99.273 73.0413 3
      vertex 99.2 72.3 4.2
      vertex 99.2 72.3 3
    endloop
  endfacet
  facet normal -0.634304 0.773083 0
    outer loop
      vertex 105.687 69.613 3
      vertex 105.111 69.1404 4.2
      vertex 105.687 69.613 4.2
    endloop
  endfacet
  facet normal -0.634304 0.773083 0
    outer loop
      vertex 105.111 69.1404 4.2
      vertex 105.687 69.613 3
      vertex 105.111 69.1404 3
    endloop
  endfacet
  facet normal 0.0979877 0.995188 -0
    outer loop
      vertex 103 68.5 3
      vertex 102.35 68.564 4.2
      vertex 103 68.5 4.2
    endloop
  endfacet
  facet normal 0.0979877 0.995188 0
    outer loop
      vertex 102.35 68.564 4.2
      vertex 103 68.5 3
      vertex 102.35 68.564 3
    endloop
  endfacet
  facet normal -0.88238 0.470537 0
    outer loop
      vertex 106.16 70.1888 3
      vertex 106.35 70.5451 4.2
      vertex 106.35 70.5451 3
    endloop
  endfacet
  facet normal -0.88238 0.470537 0
    outer loop
      vertex 106.35 70.5451 4.2
      vertex 106.16 70.1888 3
      vertex 106.16 70.1888 4.2
    endloop
  endfacet
  facet normal 0.995188 0.0979877 0
    outer loop
      vertex 99.264 71.65 4.2
      vertex 99.2 72.3 3
      vertex 99.2 72.3 4.2
    endloop
  endfacet
  facet normal 0.995188 0.0979877 0
    outer loop
      vertex 99.2 72.3 3
      vertex 99.264 71.65 4.2
      vertex 99.264 71.65 3
    endloop
  endfacet
  facet normal 0.772975 -0.634436 0
    outer loop
      vertex 99.8404 74.4112 4.2
      vertex 100.313 74.987 3
      vertex 100.313 74.987 4.2
    endloop
  endfacet
  facet normal 0.772975 -0.634436 0
    outer loop
      vertex 100.313 74.987 3
      vertex 99.8404 74.4112 4.2
      vertex 99.8404 74.4112 3
    endloop
  endfacet
  facet normal 0.956924 -0.290339 0
    outer loop
      vertex 99.273 73.0413 4.2
      vertex 99.4893 73.7542 3
      vertex 99.4893 73.7542 4.2
    endloop
  endfacet
  facet normal 0.956924 -0.290339 0
    outer loop
      vertex 99.4893 73.7542 3
      vertex 99.273 73.0413 4.2
      vertex 99.273 73.0413 3
    endloop
  endfacet
  facet normal -0.956964 0.290208 0
    outer loop
      vertex 2.7492 74.2405 3
      vertex 2.80224 74.4154 4.2
      vertex 2.80224 74.4154 3
    endloop
  endfacet
  facet normal -0.956964 0.290208 0
    outer loop
      vertex 2.80224 74.4154 4.2
      vertex 2.7492 74.2405 3
      vertex 2.7492 74.2405 4.2
    endloop
  endfacet
  facet normal -0.634404 -0.773002 0
    outer loop
      vertex 3.23579 3.23579 3
      vertex 3.53886 2.98706 4.2
      vertex 3.23579 3.23579 4.2
    endloop
  endfacet
  facet normal -0.634404 -0.773002 -0
    outer loop
      vertex 3.53886 2.98706 4.2
      vertex 3.23579 3.23579 3
      vertex 3.53886 2.98706 3
    endloop
  endfacet
  facet normal 1 -0 0
    outer loop
      vertex 106.35 7.75492 4.2
      vertex 106.35 70.5451 3
      vertex 106.35 70.5451 4.2
    endloop
  endfacet
  facet normal 1 0 0
    outer loop
      vertex 106.35 70.5451 3
      vertex 106.35 7.75492 4.2
      vertex 106.35 7.75492 3
    endloop
  endfacet
  facet normal 0.634491 -0.77293 0
    outer loop
      vertex 105.461 2.98706 3
      vertex 105.764 3.23579 4.2
      vertex 105.461 2.98706 4.2
    endloop
  endfacet
  facet normal 0.634491 -0.77293 0
    outer loop
      vertex 105.764 3.23579 4.2
      vertex 105.461 2.98706 3
      vertex 105.764 3.23579 3
    endloop
  endfacet
  facet normal -1 0 0
    outer loop
      vertex 2.65 7.75492 3
      vertex 2.65 70.5451 4.2
      vertex 2.65 70.5451 3
    endloop
  endfacet
  facet normal -1 -0 0
    outer loop
      vertex 2.65 70.5451 4.2
      vertex 2.65 7.75492 3
      vertex 2.65 7.75492 4.2
    endloop
  endfacet
  facet normal 0.291582 -0.956546 0
    outer loop
      vertex 104.941 2.7492 3
      vertex 105.115 2.80224 4.2
      vertex 104.941 2.7492 4.2
    endloop
  endfacet
  facet normal 0.291582 -0.956546 0
    outer loop
      vertex 105.115 2.80224 4.2
      vertex 104.941 2.7492 3
      vertex 105.115 2.80224 3
    endloop
  endfacet
  facet normal 0.881688 0.471832 0
    outer loop
      vertex 106.198 74.4154 4.2
      vertex 106.013 74.7611 3
      vertex 106.013 74.7611 4.2
    endloop
  endfacet
  facet normal 0.881688 0.471832 0
    outer loop
      vertex 106.013 74.7611 3
      vertex 106.198 74.4154 4.2
      vertex 106.198 74.4154 3
    endloop
  endfacet
  facet normal 0.29138 0.956607 -0
    outer loop
      vertex 105.115 75.4978 3
      vertex 104.941 75.5508 4.2
      vertex 105.115 75.4978 4.2
    endloop
  endfacet
  facet normal 0.29138 0.956607 0
    outer loop
      vertex 104.941 75.5508 4.2
      vertex 105.115 75.4978 3
      vertex 104.941 75.5508 3
    endloop
  endfacet
  facet normal 0.881728 -0.471758 0
    outer loop
      vertex 106.013 3.53886 4.2
      vertex 106.198 3.88463 3
      vertex 106.198 3.88463 4.2
    endloop
  endfacet
  facet normal 0.881728 -0.471758 0
    outer loop
      vertex 106.198 3.88463 3
      vertex 106.013 3.53886 4.2
      vertex 106.013 3.53886 3
    endloop
  endfacet
  facet normal 0.471157 -0.882049 0
    outer loop
      vertex 105.115 2.80224 3
      vertex 105.461 2.98706 4.2
      vertex 105.115 2.80224 4.2
    endloop
  endfacet
  facet normal 0.471157 -0.882049 0
    outer loop
      vertex 105.461 2.98706 4.2
      vertex 105.115 2.80224 3
      vertex 105.461 2.98706 3
    endloop
  endfacet
  facet normal 0 -1 0
    outer loop
      vertex 7.75492 2.65 3
      vertex 101.245 2.65 4.2
      vertex 7.75492 2.65 4.2
    endloop
  endfacet
  facet normal 0 -1 -0
    outer loop
      vertex 101.245 2.65 4.2
      vertex 7.75492 2.65 3
      vertex 101.245 2.65 3
    endloop
  endfacet
  facet normal 0.957006 -0.290068 0
    outer loop
      vertex 106.198 3.88463 4.2
      vertex 106.251 4.05949 3
      vertex 106.251 4.05949 4.2
    endloop
  endfacet
  facet normal 0.957006 -0.290068 0
    outer loop
      vertex 106.251 4.05949 3
      vertex 106.198 3.88463 4.2
      vertex 106.198 3.88463 3
    endloop
  endfacet
  facet normal 0.471316 0.881965 -0
    outer loop
      vertex 105.461 75.3129 3
      vertex 105.115 75.4978 4.2
      vertex 105.461 75.3129 4.2
    endloop
  endfacet
  facet normal 0.471316 0.881965 0
    outer loop
      vertex 105.115 75.4978 4.2
      vertex 105.461 75.3129 3
      vertex 105.115 75.4978 3
    endloop
  endfacet
  facet normal 0 1 -0
    outer loop
      vertex 101.245 75.65 3
      vertex 7.75492 75.65 4.2
      vertex 101.245 75.65 4.2
    endloop
  endfacet
  facet normal 0 1 0
    outer loop
      vertex 7.75492 75.65 4.2
      vertex 101.245 75.65 3
      vertex 7.75492 75.65 3
    endloop
  endfacet
  facet normal 0.957024 0.290007 0
    outer loop
      vertex 106.251 74.2405 4.2
      vertex 106.198 74.4154 3
      vertex 106.198 74.4154 4.2
    endloop
  endfacet
  facet normal 0.957024 0.290007 0
    outer loop
      vertex 106.198 74.4154 3
      vertex 106.251 74.2405 4.2
      vertex 106.251 74.2405 3
    endloop
  endfacet
  facet normal -0.881879 0.471475 0
    outer loop
      vertex 2.80224 74.4154 3
      vertex 2.98706 74.7611 4.2
      vertex 2.98706 74.7611 3
    endloop
  endfacet
  facet normal -0.881879 0.471475 0
    outer loop
      vertex 2.98706 74.7611 4.2
      vertex 2.80224 74.4154 3
      vertex 2.80224 74.4154 4.2
    endloop
  endfacet
  facet normal -0.290083 0.957001 0
    outer loop
      vertex 4.05948 75.5508 3
      vertex 3.88463 75.4978 4.2
      vertex 4.05948 75.5508 4.2
    endloop
  endfacet
  facet normal -0.290083 0.957001 0
    outer loop
      vertex 3.88463 75.4978 4.2
      vertex 4.05948 75.5508 3
      vertex 3.88463 75.4978 3
    endloop
  endfacet
  facet normal 0.772664 -0.634815 0
    outer loop
      vertex 105.764 3.23579 4.2
      vertex 106.013 3.53886 3
      vertex 106.013 3.53886 4.2
    endloop
  endfacet
  facet normal 0.772664 -0.634815 0
    outer loop
      vertex 106.013 3.53886 3
      vertex 105.764 3.23579 4.2
      vertex 105.764 3.23579 3
    endloop
  endfacet
  facet normal 0 0 1
    outer loop
      vertex 106.198 74.4154 4.2
      vertex 106.16 74.4112 4.2
      vertex 106.251 74.2405 4.2
    endloop
  endfacet
  facet normal 0 0 1
    outer loop
      vertex 106.013 74.7611 4.2
      vertex 106.16 74.4112 4.2
      vertex 106.198 74.4154 4.2
    endloop
  endfacet
  facet normal -0 0 1
    outer loop
      vertex 105.687 74.987 4.2
      vertex 106.013 74.7611 4.2
      vertex 105.764 75.0642 4.2
    endloop
  endfacet
  facet normal 0 0 1
    outer loop
      vertex 106.013 74.7611 4.2
      vertex 105.687 74.987 4.2
      vertex 106.16 74.4112 4.2
    endloop
  endfacet
  facet normal 0 0 1
    outer loop
      vertex 105.461 75.3129 4.2
      vertex 105.687 74.987 4.2
      vertex 105.764 75.0642 4.2
    endloop
  endfacet
  facet normal -0 0 1
    outer loop
      vertex 105.111 75.4596 4.2
      vertex 105.461 75.3129 4.2
      vertex 105.115 75.4978 4.2
    endloop
  endfacet
  facet normal 0 0 1
    outer loop
      vertex 105.461 75.3129 4.2
      vertex 105.111 75.4596 4.2
      vertex 105.687 74.987 4.2
    endloop
  endfacet
  facet normal 0 -0 1
    outer loop
      vertex 105.111 75.4596 4.2
      vertex 105.115 75.4978 4.2
      vertex 104.941 75.5508 4.2
    endloop
  endfacet
  facet normal 0 0 1
    outer loop
      vertex 3.88883 2.84042 4.2
      vertex 3.88463 2.80224 4.2
      vertex 4.05949 2.7492 4.2
    endloop
  endfacet
  facet normal 0 0 1
    outer loop
      vertex 3.88883 2.84042 4.2
      vertex 3.53886 2.98706 4.2
      vertex 3.88463 2.80224 4.2
    endloop
  endfacet
  facet normal 0 0 1
    outer loop
      vertex 3.31299 3.31299 4.2
      vertex 3.53886 2.98706 4.2
      vertex 3.88883 2.84042 4.2
    endloop
  endfacet
  facet normal 0 0 1
    outer loop
      vertex 3.31299 3.31299 4.2
      vertex 3.23579 3.23579 4.2
      vertex 3.53886 2.98706 4.2
    endloop
  endfacet
  facet normal 0 0 1
    outer loop
      vertex 3.31299 3.31299 4.2
      vertex 2.98706 3.53886 4.2
      vertex 3.23579 3.23579 4.2
    endloop
  endfacet
  facet normal 0 0 1
    outer loop
      vertex 2.84042 3.88883 4.2
      vertex 2.98706 3.53886 4.2
      vertex 3.31299 3.31299 4.2
    endloop
  endfacet
  facet normal 0 0 1
    outer loop
      vertex 2.84042 3.88883 4.2
      vertex 2.80224 3.88463 4.2
      vertex 2.98706 3.53886 4.2
    endloop
  endfacet
  facet normal 0 -0 1
    outer loop
      vertex 2.80224 3.88463 4.2
      vertex 2.84042 3.88883 4.2
      vertex 2.7492 4.05949 4.2
    endloop
  endfacet
  facet normal -0 0 1
    outer loop
      vertex 106.16 3.88883 4.2
      vertex 106.198 3.88463 4.2
      vertex 106.251 4.05949 4.2
    endloop
  endfacet
  facet normal 0 0 1
    outer loop
      vertex 106.16 3.88883 4.2
      vertex 106.013 3.53886 4.2
      vertex 106.198 3.88463 4.2
    endloop
  endfacet
  facet normal 0 0 1
    outer loop
      vertex 105.687 3.31299 4.2
      vertex 106.013 3.53886 4.2
      vertex 106.16 3.88883 4.2
    endloop
  endfacet
  facet normal 0 0 1
    outer loop
      vertex 106.013 3.53886 4.2
      vertex 105.687 3.31299 4.2
      vertex 105.764 3.23579 4.2
    endloop
  endfacet
  facet normal 0 0 1
    outer loop
      vertex 105.687 3.31299 4.2
      vertex 105.461 2.98706 4.2
      vertex 105.764 3.23579 4.2
    endloop
  endfacet
  facet normal 0 0 1
    outer loop
      vertex 105.111 2.84042 4.2
      vertex 105.461 2.98706 4.2
      vertex 105.687 3.31299 4.2
    endloop
  endfacet
  facet normal 0 0 1
    outer loop
      vertex 105.461 2.98706 4.2
      vertex 105.111 2.84042 4.2
      vertex 105.115 2.80224 4.2
    endloop
  endfacet
  facet normal 0 0 1
    outer loop
      vertex 105.115 2.80224 4.2
      vertex 105.111 2.84042 4.2
      vertex 104.941 2.7492 4.2
    endloop
  endfacet
  facet normal -0 0 1
    outer loop
      vertex 3.88463 75.4978 4.2
      vertex 3.88883 75.4596 4.2
      vertex 4.05948 75.5508 4.2
    endloop
  endfacet
  facet normal 0 0 1
    outer loop
      vertex 3.53886 75.3129 4.2
      vertex 3.88883 75.4596 4.2
      vertex 3.88463 75.4978 4.2
    endloop
  endfacet
  facet normal -0 0 1
    outer loop
      vertex 3.53886 75.3129 4.2
      vertex 3.31299 74.987 4.2
      vertex 3.88883 75.4596 4.2
    endloop
  endfacet
  facet normal -0 0 1
    outer loop
      vertex 3.23579 75.0642 4.2
      vertex 3.31299 74.987 4.2
      vertex 3.53886 75.3129 4.2
    endloop
  endfacet
  facet normal 0 0 1
    outer loop
      vertex 2.98706 74.7611 4.2
      vertex 3.31299 74.987 4.2
      vertex 3.23579 75.0642 4.2
    endloop
  endfacet
  facet normal -0 0 1
    outer loop
      vertex 2.98706 74.7611 4.2
      vertex 2.84042 74.4112 4.2
      vertex 3.31299 74.987 4.2
    endloop
  endfacet
  facet normal -0 0 1
    outer loop
      vertex 2.80224 74.4154 4.2
      vertex 2.84042 74.4112 4.2
      vertex 2.98706 74.7611 4.2
    endloop
  endfacet
  facet normal 0 0 1
    outer loop
      vertex 2.84042 74.4112 4.2
      vertex 2.80224 74.4154 4.2
      vertex 2.7492 74.2405 4.2
    endloop
  endfacet
  facet normal -0 0 1
    outer loop
      vertex 6 68.5 4.2
      vertex 6.65 9.73598 4.2
      vertex 6.65 68.564 4.2
    endloop
  endfacet
  facet normal 0 0 1
    outer loop
      vertex 6 68.5 4.2
      vertex 6 9.8 4.2
      vertex 6.65 9.73598 4.2
    endloop
  endfacet
  facet normal 0 0 1
    outer loop
      vertex 5.25866 68.573 4.2
      vertex 6 9.8 4.2
      vertex 6 68.5 4.2
    endloop
  endfacet
  facet normal 0 0 1
    outer loop
      vertex 5.25866 68.573 4.2
      vertex 5.25866 9.72698 4.2
      vertex 6 9.8 4.2
    endloop
  endfacet
  facet normal 0 0 1
    outer loop
      vertex 4.5458 68.7893 4.2
      vertex 5.25866 9.72698 4.2
      vertex 5.25866 68.573 4.2
    endloop
  endfacet
  facet normal 0 0 1
    outer loop
      vertex 4.5458 68.7893 4.2
      vertex 4.5458 9.51074 4.2
      vertex 5.25866 9.72698 4.2
    endloop
  endfacet
  facet normal 0 0 1
    outer loop
      vertex 3.88883 69.1404 4.2
      vertex 4.5458 9.51074 4.2
      vertex 4.5458 68.7893 4.2
    endloop
  endfacet
  facet normal 0 0 1
    outer loop
      vertex 3.88883 69.1404 4.2
      vertex 3.88883 9.15958 4.2
      vertex 4.5458 9.51074 4.2
    endloop
  endfacet
  facet normal 0 0 1
    outer loop
      vertex 3.31299 69.613 4.2
      vertex 3.88883 9.15958 4.2
      vertex 3.88883 69.1404 4.2
    endloop
  endfacet
  facet normal 0 0 1
    outer loop
      vertex 3.31299 69.613 4.2
      vertex 3.31299 8.68701 4.2
      vertex 3.88883 9.15958 4.2
    endloop
  endfacet
  facet normal 0 0 1
    outer loop
      vertex 2.84042 70.1888 4.2
      vertex 3.31299 8.68701 4.2
      vertex 3.31299 69.613 4.2
    endloop
  endfacet
  facet normal 0 0 1
    outer loop
      vertex 2.84042 70.1888 4.2
      vertex 2.84042 8.11117 4.2
      vertex 3.31299 8.68701 4.2
    endloop
  endfacet
  facet normal 0 0 1
    outer loop
      vertex 2.65 70.5451 4.2
      vertex 2.84042 8.11117 4.2
      vertex 2.84042 70.1888 4.2
    endloop
  endfacet
  facet normal 0 0 1
    outer loop
      vertex 2.84042 8.11117 4.2
      vertex 2.65 70.5451 4.2
      vertex 2.65 7.75492 4.2
    endloop
  endfacet
  facet normal 0 0 1
    outer loop
      vertex 99.273 73.0413 4.2
      vertex 9.8 72.3 4.2
      vertex 99.2 72.3 4.2
    endloop
  endfacet
  facet normal 0 0 1
    outer loop
      vertex 9.72698 73.0413 4.2
      vertex 99.273 73.0413 4.2
      vertex 99.4893 73.7542 4.2
    endloop
  endfacet
  facet normal 0 0 1
    outer loop
      vertex 9.51074 73.7542 4.2
      vertex 99.4893 73.7542 4.2
      vertex 99.8404 74.4112 4.2
    endloop
  endfacet
  facet normal 0 0 1
    outer loop
      vertex 9.15958 74.4112 4.2
      vertex 99.8404 74.4112 4.2
      vertex 100.313 74.987 4.2
    endloop
  endfacet
  facet normal 0 0 1
    outer loop
      vertex 8.68701 74.987 4.2
      vertex 100.313 74.987 4.2
      vertex 100.889 75.4596 4.2
    endloop
  endfacet
  facet normal 0 0 1
    outer loop
      vertex 8.11117 75.4596 4.2
      vertex 100.889 75.4596 4.2
      vertex 101.245 75.65 4.2
    endloop
  endfacet
  facet normal 0 0 1
    outer loop
      vertex 99.273 73.0413 4.2
      vertex 9.72698 73.0413 4.2
      vertex 9.8 72.3 4.2
    endloop
  endfacet
  facet normal 0 0 1
    outer loop
      vertex 99.4893 73.7542 4.2
      vertex 9.51074 73.7542 4.2
      vertex 9.72698 73.0413 4.2
    endloop
  endfacet
  facet normal 0 0 1
    outer loop
      vertex 99.8404 74.4112 4.2
      vertex 9.15958 74.4112 4.2
      vertex 9.51074 73.7542 4.2
    endloop
  endfacet
  facet normal 0 0 1
    outer loop
      vertex 100.313 74.987 4.2
      vertex 8.68701 74.987 4.2
      vertex 9.15958 74.4112 4.2
    endloop
  endfacet
  facet normal 0 0 1
    outer loop
      vertex 100.889 75.4596 4.2
      vertex 8.11117 75.4596 4.2
      vertex 8.68701 74.987 4.2
    endloop
  endfacet
  facet normal 0 -0 1
    outer loop
      vertex 8.11117 75.4596 4.2
      vertex 101.245 75.65 4.2
      vertex 7.75492 75.65 4.2
    endloop
  endfacet
  facet normal -0 0 1
    outer loop
      vertex 9.8 72.3 4.2
      vertex 99.264 71.65 4.2
      vertex 99.2 72.3 4.2
    endloop
  endfacet
  facet normal 0 0 1
    outer loop
      vertex 99.264 71.65 4.2
      vertex 9.8 72.3 4.2
      vertex 9.73598 71.65 4.2
    endloop
  endfacet
  facet normal 0 0 1
    outer loop
      vertex 99.264 6.65 4.2
      vertex 9.8 6 4.2
      vertex 99.2 6 4.2
    endloop
  endfacet
  facet normal 0 -0 1
    outer loop
      vertex 9.8 6 4.2
      vertex 99.264 6.65 4.2
      vertex 9.73598 6.65 4.2
    endloop
  endfacet
  facet normal -0 0 1
    outer loop
      vertex 9.8 6 4.2
      vertex 99.273 5.25866 4.2
      vertex 99.2 6 4.2
    endloop
  endfacet
  facet normal 0 0 1
    outer loop
      vertex 9.72698 5.25866 4.2
      vertex 99.273 5.25866 4.2
      vertex 9.8 6 4.2
    endloop
  endfacet
  facet normal 0 0 1
    outer loop
      vertex 99.273 5.25866 4.2
      vertex 9.72698 5.25866 4.2
      vertex 99.4893 4.5458 4.2
    endloop
  endfacet
  facet normal 0 0 1
    outer loop
      vertex 9.51074 4.5458 4.2
      vertex 99.4893 4.5458 4.2
      vertex 9.72698 5.25866 4.2
    endloop
  endfacet
  facet normal 0 0 1
    outer loop
      vertex 99.4893 4.5458 4.2
      vertex 9.51074 4.5458 4.2
      vertex 99.8404 3.88883 4.2
    endloop
  endfacet
  facet normal 0 0 1
    outer loop
      vertex 9.15958 3.88883 4.2
      vertex 99.8404 3.88883 4.2
      vertex 9.51074 4.5458 4.2
    endloop
  endfacet
  facet normal 0 0 1
    outer loop
      vertex 99.8404 3.88883 4.2
      vertex 9.15958 3.88883 4.2
      vertex 100.313 3.31299 4.2
    endloop
  endfacet
  facet normal 0 0 1
    outer loop
      vertex 8.68701 3.31299 4.2
      vertex 100.313 3.31299 4.2
      vertex 9.15958 3.88883 4.2
    endloop
  endfacet
  facet normal 0 0 1
    outer loop
      vertex 100.313 3.31299 4.2
      vertex 8.68701 3.31299 4.2
      vertex 100.889 2.84042 4.2
    endloop
  endfacet
  facet normal 0 0 1
    outer loop
      vertex 8.11117 2.84042 4.2
      vertex 100.889 2.84042 4.2
      vertex 8.68701 3.31299 4.2
    endloop
  endfacet
  facet normal 0 0 1
    outer loop
      vertex 100.889 2.84042 4.2
      vertex 8.11117 2.84042 4.2
      vertex 101.245 2.65 4.2
    endloop
  endfacet
  facet normal 0 0 1
    outer loop
      vertex 101.245 2.65 4.2
      vertex 8.11117 2.84042 4.2
      vertex 7.75492 2.65 4.2
    endloop
  endfacet
  facet normal -0 0 1
    outer loop
      vertex 106.16 70.1888 4.2
      vertex 106.35 7.75492 4.2
      vertex 106.35 70.5451 4.2
    endloop
  endfacet
  facet normal 0 0 1
    outer loop
      vertex 106.16 70.1888 4.2
      vertex 106.16 8.11117 4.2
      vertex 106.35 7.75492 4.2
    endloop
  endfacet
  facet normal -0 0 1
    outer loop
      vertex 105.687 69.613 4.2
      vertex 106.16 8.11117 4.2
      vertex 106.16 70.1888 4.2
    endloop
  endfacet
  facet normal 0 0 1
    outer loop
      vertex 105.687 69.613 4.2
      vertex 105.687 8.68701 4.2
      vertex 106.16 8.11117 4.2
    endloop
  endfacet
  facet normal -0 0 1
    outer loop
      vertex 105.111 69.1404 4.2
      vertex 105.687 8.68701 4.2
      vertex 105.687 69.613 4.2
    endloop
  endfacet
  facet normal 0 0 1
    outer loop
      vertex 105.111 69.1404 4.2
      vertex 105.111 9.15958 4.2
      vertex 105.687 8.68701 4.2
    endloop
  endfacet
  facet normal -0 0 1
    outer loop
      vertex 104.454 68.7893 4.2
      vertex 105.111 9.15958 4.2
      vertex 105.111 69.1404 4.2
    endloop
  endfacet
  facet normal 0 0 1
    outer loop
      vertex 104.454 68.7893 4.2
      vertex 104.454 9.51074 4.2
      vertex 105.111 9.15958 4.2
    endloop
  endfacet
  facet normal -0 0 1
    outer loop
      vertex 103.741 68.573 4.2
      vertex 104.454 9.51074 4.2
      vertex 104.454 68.7893 4.2
    endloop
  endfacet
  facet normal 0 0 1
    outer loop
      vertex 103.741 68.573 4.2
      vertex 103.741 9.72698 4.2
      vertex 104.454 9.51074 4.2
    endloop
  endfacet
  facet normal -0 0 1
    outer loop
      vertex 103 68.5 4.2
      vertex 103.741 9.72698 4.2
      vertex 103.741 68.573 4.2
    endloop
  endfacet
  facet normal 0 0 1
    outer loop
      vertex 103 68.5 4.2
      vertex 103 9.8 4.2
      vertex 103.741 9.72698 4.2
    endloop
  endfacet
  facet normal 0 0 1
    outer loop
      vertex 102.35 68.564 4.2
      vertex 103 9.8 4.2
      vertex 103 68.5 4.2
    endloop
  endfacet
  facet normal 0 0 1
    outer loop
      vertex 103 9.8 4.2
      vertex 102.35 68.564 4.2
      vertex 102.35 9.73598 4.2
    endloop
  endfacet
  facet normal -0.773033 0.634366 0
    outer loop
      vertex 2.98706 74.7611 3
      vertex 3.23579 75.0642 4.2
      vertex 3.23579 75.0642 3
    endloop
  endfacet
  facet normal -0.773033 0.634366 0
    outer loop
      vertex 3.23579 75.0642 4.2
      vertex 2.98706 74.7611 3
      vertex 2.98706 74.7611 4.2
    endloop
  endfacet
  facet normal -0.634358 0.773039 0
    outer loop
      vertex 3.53886 75.3129 3
      vertex 3.23579 75.0642 4.2
      vertex 3.53886 75.3129 4.2
    endloop
  endfacet
  facet normal -0.634358 0.773039 0
    outer loop
      vertex 3.23579 75.0642 4.2
      vertex 3.53886 75.3129 3
      vertex 3.23579 75.0642 3
    endloop
  endfacet
  facet normal -0.956945 -0.290269 0
    outer loop
      vertex 2.80224 3.88463 3
      vertex 2.7492 4.05949 4.2
      vertex 2.7492 4.05949 3
    endloop
  endfacet
  facet normal -0.956945 -0.290269 0
    outer loop
      vertex 2.7492 4.05949 4.2
      vertex 2.80224 3.88463 3
      vertex 2.80224 3.88463 4.2
    endloop
  endfacet
  facet normal 0.772695 0.634777 0
    outer loop
      vertex 106.013 74.7611 4.2
      vertex 105.764 75.0642 3
      vertex 105.764 75.0642 4.2
    endloop
  endfacet
  facet normal 0.772695 0.634777 0
    outer loop
      vertex 105.764 75.0642 3
      vertex 106.013 74.7611 4.2
      vertex 106.013 74.7611 3
    endloop
  endfacet
  facet normal 0 0 1
    outer loop
      vertex 35.5218 55.6877 3
      vertex 6.65 68.564 3
      vertex 35.6696 55.4111 3
    endloop
  endfacet
  facet normal 0 0 1
    outer loop
      vertex 9.73598 6.65 3
      vertex 7.66733 6.33165 3
      vertex 7.7 6 3
    endloop
  endfacet
  facet normal 0 0 1
    outer loop
      vertex 6.65 9.73598 3
      vertex 35.6696 55.4111 3
      vertex 6.65 68.564 3
    endloop
  endfacet
  facet normal 0 0 1
    outer loop
      vertex 9.73598 6.65 3
      vertex 7.57059 6.65056 3
      vertex 7.66733 6.33165 3
    endloop
  endfacet
  facet normal 0 0 1
    outer loop
      vertex 6.65 68.564 3
      vertex 7.57059 71.6494 3
      vertex 7.4135 71.3555 3
    endloop
  endfacet
  facet normal 0 0 1
    outer loop
      vertex 35.6696 55.4111 3
      vertex 6.65 9.73598 3
      vertex 9.73598 6.65 3
    endloop
  endfacet
  facet normal 0 0 1
    outer loop
      vertex 6.65 68.564 3
      vertex 7.4135 71.3555 3
      vertex 7.20208 71.0979 3
    endloop
  endfacet
  facet normal -0 -0 1
    outer loop
      vertex 7.20208 7.20208 3
      vertex 9.73598 6.65 3
      vertex 6.65 9.73598 3
    endloop
  endfacet
  facet normal 0 0 1
    outer loop
      vertex 6.65 68.564 3
      vertex 7.20208 71.0979 3
      vertex 6.94447 70.8865 3
    endloop
  endfacet
  facet normal 0 0 1
    outer loop
      vertex 9.73598 6.65 3
      vertex 7.4135 6.94447 3
      vertex 7.57059 6.65056 3
    endloop
  endfacet
  facet normal 0 0 1
    outer loop
      vertex 6.65 68.564 3
      vertex 6.94447 70.8865 3
      vertex 6.65056 70.7294 3
    endloop
  endfacet
  facet normal 0 0 1
    outer loop
      vertex 9.73598 6.65 3
      vertex 7.20208 7.20208 3
      vertex 7.4135 6.94447 3
    endloop
  endfacet
  facet normal 0 0 1
    outer loop
      vertex 7.20208 7.20208 3
      vertex 6.65 9.73598 3
      vertex 6.94447 7.4135 3
    endloop
  endfacet
  facet normal -0 0 1
    outer loop
      vertex 6.33165 70.6327 3
      vertex 6.65 68.564 3
      vertex 6.65056 70.7294 3
    endloop
  endfacet
  facet normal -0 0 1
    outer loop
      vertex 6 70.6 3
      vertex 6.65 68.564 3
      vertex 6.33165 70.6327 3
    endloop
  endfacet
  facet normal 0 0 1
    outer loop
      vertex 6 70.6 3
      vertex 6 68.5 3
      vertex 6.65 68.564 3
    endloop
  endfacet
  facet normal 0 0 1
    outer loop
      vertex 5.66835 70.6327 3
      vertex 6 68.5 3
      vertex 6 70.6 3
    endloop
  endfacet
  facet normal 0 0 1
    outer loop
      vertex 5.25866 68.573 3
      vertex 5.66835 70.6327 3
      vertex 5.34944 70.7294 3
    endloop
  endfacet
  facet normal 0 0 1
    outer loop
      vertex 5.66835 70.6327 3
      vertex 5.25866 68.573 3
      vertex 6 68.5 3
    endloop
  endfacet
  facet normal 0 0 1
    outer loop
      vertex 4.5458 68.7893 3
      vertex 5.34944 70.7294 3
      vertex 5.05553 70.8865 3
    endloop
  endfacet
  facet normal 0 0 1
    outer loop
      vertex 3.88883 69.1404 3
      vertex 5.05553 70.8865 3
      vertex 4.79792 71.0979 3
    endloop
  endfacet
  facet normal 0 0 1
    outer loop
      vertex 3.31299 69.613 3
      vertex 4.79792 71.0979 3
      vertex 4.5865 71.3555 3
    endloop
  endfacet
  facet normal 0 0 1
    outer loop
      vertex 5.34944 70.7294 3
      vertex 4.5458 68.7893 3
      vertex 5.25866 68.573 3
    endloop
  endfacet
  facet normal 0 0 1
    outer loop
      vertex 2.65 70.5451 3
      vertex 4.5865 71.3555 3
      vertex 4.4294 71.6494 3
    endloop
  endfacet
  facet normal 0 0 1
    outer loop
      vertex 2.65 70.5451 3
      vertex 4.4294 71.6494 3
      vertex 4.33266 71.9683 3
    endloop
  endfacet
  facet normal 0 0 1
    outer loop
      vertex 2.65 70.5451 3
      vertex 4.33266 71.9683 3
      vertex 4.3 72.3 3
    endloop
  endfacet
  facet normal -0 0 1
    outer loop
      vertex 2.7492 74.2405 3
      vertex 4.5865 73.2445 3
      vertex 2.84042 74.4112 3
    endloop
  endfacet
  facet normal 0 0 1
    outer loop
      vertex 4.5865 73.2445 3
      vertex 2.7492 74.2405 3
      vertex 4.4294 72.9506 3
    endloop
  endfacet
  facet normal 0 0 1
    outer loop
      vertex 2.65 70.5451 3
      vertex 4.3 72.3 3
      vertex 2.7492 74.2405 3
    endloop
  endfacet
  facet normal 0 0 1
    outer loop
      vertex 4.4294 72.9506 3
      vertex 2.7492 74.2405 3
      vertex 4.33266 72.6317 3
    endloop
  endfacet
  facet normal 0 0 1
    outer loop
      vertex 4.5865 71.3555 3
      vertex 2.65 70.5451 3
      vertex 2.84042 70.1888 3
    endloop
  endfacet
  facet normal 0 0 1
    outer loop
      vertex 4.33266 72.6317 3
      vertex 2.7492 74.2405 3
      vertex 4.3 72.3 3
    endloop
  endfacet
  facet normal 0 0 1
    outer loop
      vertex 5.05553 70.8865 3
      vertex 3.88883 69.1404 3
      vertex 4.5458 68.7893 3
    endloop
  endfacet
  facet normal 0 0 1
    outer loop
      vertex 4.79792 71.0979 3
      vertex 3.31299 69.613 3
      vertex 3.88883 69.1404 3
    endloop
  endfacet
  facet normal 0 0 1
    outer loop
      vertex 4.5865 71.3555 3
      vertex 2.84042 70.1888 3
      vertex 3.31299 69.613 3
    endloop
  endfacet
  facet normal -0 0 1
    outer loop
      vertex 85.0693 24.4579 3
      vertex 102.35 9.73598 3
      vertex 85.1 24.77 3
    endloop
  endfacet
  facet normal 0 0 1
    outer loop
      vertex 102.35 68.564 3
      vertex 85.0693 25.0821 3
      vertex 85.1 24.77 3
    endloop
  endfacet
  facet normal 0 0 1
    outer loop
      vertex 102.35 68.564 3
      vertex 84.9782 25.3823 3
      vertex 85.0693 25.0821 3
    endloop
  endfacet
  facet normal 0 0 1
    outer loop
      vertex 102.35 68.564 3
      vertex 83.726 29.4439 3
      vertex 84.9782 25.3823 3
    endloop
  endfacet
  facet normal 0 0 1
    outer loop
      vertex 84.9782 25.3823 3
      vertex 83.726 29.4439 3
      vertex 84.8304 25.6589 3
    endloop
  endfacet
  facet normal -0 -0 1
    outer loop
      vertex 83.75 29.2 3
      vertex 84.8304 25.6589 3
      vertex 83.726 29.4439 3
    endloop
  endfacet
  facet normal 0 0 1
    outer loop
      vertex 84.8304 25.6589 3
      vertex 83.75 29.2 3
      vertex 84.6314 25.9014 3
    endloop
  endfacet
  facet normal -0 0 1
    outer loop
      vertex 83.6548 28.7216 3
      vertex 84.6314 25.9014 3
      vertex 83.726 28.9561 3
    endloop
  endfacet
  facet normal 0 0 1
    outer loop
      vertex 84.6314 25.9014 3
      vertex 83.6548 28.7216 3
      vertex 84.3889 26.1004 3
    endloop
  endfacet
  facet normal -0 0 1
    outer loop
      vertex 83.726 28.9561 3
      vertex 84.6314 25.9014 3
      vertex 83.75 29.2 3
    endloop
  endfacet
  facet normal 0 0 1
    outer loop
      vertex 102.35 68.564 3
      vertex 83.6548 29.6784 3
      vertex 83.726 29.4439 3
    endloop
  endfacet
  facet normal 0 0 1
    outer loop
      vertex 102.35 68.564 3
      vertex 83.5393 29.8945 3
      vertex 83.6548 29.6784 3
    endloop
  endfacet
  facet normal 0 0 1
    outer loop
      vertex 102.35 68.564 3
      vertex 83.3839 30.0839 3
      vertex 83.5393 29.8945 3
    endloop
  endfacet
  facet normal 0 0 1
    outer loop
      vertex 102.35 68.564 3
      vertex 83.1945 30.2393 3
      vertex 83.3839 30.0839 3
    endloop
  endfacet
  facet normal 0 0 1
    outer loop
      vertex 102.35 68.564 3
      vertex 82.9784 30.3548 3
      vertex 83.1945 30.2393 3
    endloop
  endfacet
  facet normal 0 0 1
    outer loop
      vertex 102.35 68.564 3
      vertex 69.5 59.8 3
      vertex 82.9784 30.3548 3
    endloop
  endfacet
  facet normal 0 0 1
    outer loop
      vertex 82.9784 30.3548 3
      vertex 69.5 59.8 3
      vertex 82.7439 30.426 3
    endloop
  endfacet
  facet normal 0 0 1
    outer loop
      vertex 82.7439 30.426 3
      vertex 69.5 59.8 3
      vertex 82.5 30.45 3
    endloop
  endfacet
  facet normal 0 0 1
    outer loop
      vertex 82.5 30.45 3
      vertex 69.5 59.8 3
      vertex 82.2561 30.426 3
    endloop
  endfacet
  facet normal 0 0 1
    outer loop
      vertex 82.2561 30.426 3
      vertex 69.5 59.8 3
      vertex 82.0216 30.3548 3
    endloop
  endfacet
  facet normal 0 0 1
    outer loop
      vertex 82.0216 30.3548 3
      vertex 69.5 59.8 3
      vertex 81.8055 30.2393 3
    endloop
  endfacet
  facet normal 0 0 1
    outer loop
      vertex 81.8055 30.2393 3
      vertex 69.5 59.8 3
      vertex 81.6161 30.0839 3
    endloop
  endfacet
  facet normal 0 0 1
    outer loop
      vertex 81.6161 30.0839 3
      vertex 69.5 59.8 3
      vertex 81.4607 29.8945 3
    endloop
  endfacet
  facet normal -0 0 1
    outer loop
      vertex 62.5 59.8 3
      vertex 81.4607 29.8945 3
      vertex 65.5 59.8 3
    endloop
  endfacet
  facet normal -0 0 1
    outer loop
      vertex 65.5 59.8 3
      vertex 81.4607 29.8945 3
      vertex 69.5 59.8 3
    endloop
  endfacet
  facet normal 0 0 1
    outer loop
      vertex 69.5 59.8 3
      vertex 99.264 71.65 3
      vertex 69.5 62.8 3
    endloop
  endfacet
  facet normal 0 0 1
    outer loop
      vertex 99.264 71.65 3
      vertex 65.5 62.8 3
      vertex 69.5 62.8 3
    endloop
  endfacet
  facet normal 0 0 1
    outer loop
      vertex 65.5 62.8 3
      vertex 62.5 62.8 3
      vertex 65.5 59.8 3
    endloop
  endfacet
  facet normal 0 0 1
    outer loop
      vertex 99.264 71.65 3
      vertex 62.5 62.8 3
      vertex 65.5 62.8 3
    endloop
  endfacet
  facet normal 0 0 1
    outer loop
      vertex 99.264 71.65 3
      vertex 58.5 62.8 3
      vertex 62.5 62.8 3
    endloop
  endfacet
  facet normal 0 0 1
    outer loop
      vertex 58.5 62.8 3
      vertex 55.5 62.8 3
      vertex 58.5 59.8 3
    endloop
  endfacet
  facet normal 0 0 1
    outer loop
      vertex 99.264 71.65 3
      vertex 55.5 62.8 3
      vertex 58.5 62.8 3
    endloop
  endfacet
  facet normal 0 0 1
    outer loop
      vertex 99.264 71.65 3
      vertex 51.5 62.8 3
      vertex 55.5 62.8 3
    endloop
  endfacet
  facet normal 0 0 1
    outer loop
      vertex 51.5 62.8 3
      vertex 48.5 62.8 3
      vertex 51.5 59.8 3
    endloop
  endfacet
  facet normal -0 0 1
    outer loop
      vertex 9.73598 71.65 3
      vertex 51.5 62.8 3
      vertex 99.264 71.65 3
    endloop
  endfacet
  facet normal 0 0 1
    outer loop
      vertex 51.5 62.8 3
      vertex 9.73598 71.65 3
      vertex 48.5 62.8 3
    endloop
  endfacet
  facet normal 0 0 1
    outer loop
      vertex 37.8889 57.6304 3
      vertex 44.5 59.8 3
      vertex 44.5 62.8 3
    endloop
  endfacet
  facet normal 0 0 1
    outer loop
      vertex 44.5 59.8 3
      vertex 41.726 17.0439 3
      vertex 41.75 16.8 3
    endloop
  endfacet
  facet normal 0 0 1
    outer loop
      vertex 44.5 59.8 3
      vertex 41.6549 17.2784 3
      vertex 41.726 17.0439 3
    endloop
  endfacet
  facet normal 0 0 1
    outer loop
      vertex 44.5 59.8 3
      vertex 41.5393 17.4945 3
      vertex 41.6549 17.2784 3
    endloop
  endfacet
  facet normal 0 0 1
    outer loop
      vertex 44.5 59.8 3
      vertex 41.3839 17.6839 3
      vertex 41.5393 17.4945 3
    endloop
  endfacet
  facet normal 0 0 1
    outer loop
      vertex 38.1314 55.1686 3
      vertex 44.5 59.8 3
      vertex 38.3304 55.4111 3
    endloop
  endfacet
  facet normal 0 -0 1
    outer loop
      vertex 41.1945 17.8393 3
      vertex 44.5 59.8 3
      vertex 38.1314 55.1686 3
    endloop
  endfacet
  facet normal 0 0 1
    outer loop
      vertex 44.5 59.8 3
      vertex 41.1945 17.8393 3
      vertex 41.3839 17.6839 3
    endloop
  endfacet
  facet normal -0 0 1
    outer loop
      vertex 37.8889 54.9697 3
      vertex 41.1945 17.8393 3
      vertex 38.1314 55.1686 3
    endloop
  endfacet
  facet normal 0 0 1
    outer loop
      vertex 41.1945 17.8393 3
      vertex 37.8889 54.9697 3
      vertex 40.9784 17.9548 3
    endloop
  endfacet
  facet normal -0 0 1
    outer loop
      vertex 37.6123 54.8218 3
      vertex 40.9784 17.9548 3
      vertex 37.8889 54.9697 3
    endloop
  endfacet
  facet normal 0 0 1
    outer loop
      vertex 40.9784 17.9548 3
      vertex 37.6123 54.8218 3
      vertex 40.7439 18.026 3
    endloop
  endfacet
  facet normal -0 0 1
    outer loop
      vertex 37.3121 54.7307 3
      vertex 40.7439 18.026 3
      vertex 37.6123 54.8218 3
    endloop
  endfacet
  facet normal 0 0 1
    outer loop
      vertex 40.7439 18.026 3
      vertex 37.3121 54.7307 3
      vertex 40.5 18.05 3
    endloop
  endfacet
  facet normal -0 0 1
    outer loop
      vertex 37 54.7 3
      vertex 40.5 18.05 3
      vertex 37.3121 54.7307 3
    endloop
  endfacet
  facet normal 0 0 1
    outer loop
      vertex 40.5 18.05 3
      vertex 37 54.7 3
      vertex 40.2561 18.026 3
    endloop
  endfacet
  facet normal 0 0 1
    outer loop
      vertex 44.5 59.8 3
      vertex 38.5693 55.9879 3
      vertex 38.4782 55.6877 3
    endloop
  endfacet
  facet normal 0 0 1
    outer loop
      vertex 44.5 59.8 3
      vertex 38.6 56.3 3
      vertex 38.5693 55.9879 3
    endloop
  endfacet
  facet normal 0 0 1
    outer loop
      vertex 44.5 59.8 3
      vertex 38.5693 56.6121 3
      vertex 38.6 56.3 3
    endloop
  endfacet
  facet normal 0 0 1
    outer loop
      vertex 44.5 59.8 3
      vertex 38.4782 56.9123 3
      vertex 38.5693 56.6121 3
    endloop
  endfacet
  facet normal 0 0 1
    outer loop
      vertex 44.5 59.8 3
      vertex 38.3304 57.1889 3
      vertex 38.4782 56.9123 3
    endloop
  endfacet
  facet normal 0 0 1
    outer loop
      vertex 44.5 59.8 3
      vertex 38.1314 57.4314 3
      vertex 38.3304 57.1889 3
    endloop
  endfacet
  facet normal 0 0 1
    outer loop
      vertex 44.5 59.8 3
      vertex 37.8889 57.6304 3
      vertex 38.1314 57.4314 3
    endloop
  endfacet
  facet normal 0 0 1
    outer loop
      vertex 44.5 62.8 3
      vertex 37.6123 57.7782 3
      vertex 37.8889 57.6304 3
    endloop
  endfacet
  facet normal 0 0 1
    outer loop
      vertex 44.5 62.8 3
      vertex 37.3121 57.8693 3
      vertex 37.6123 57.7782 3
    endloop
  endfacet
  facet normal 0 0 1
    outer loop
      vertex 44.5 62.8 3
      vertex 37 57.9 3
      vertex 37.3121 57.8693 3
    endloop
  endfacet
  facet normal 0 0 1
    outer loop
      vertex 44.5 62.8 3
      vertex 36.6879 57.8693 3
      vertex 37 57.9 3
    endloop
  endfacet
  facet normal 0 0 1
    outer loop
      vertex 44.5 62.8 3
      vertex 36.3877 57.7782 3
      vertex 36.6879 57.8693 3
    endloop
  endfacet
  facet normal 0 0 1
    outer loop
      vertex 9.73598 71.65 3
      vertex 36.3877 57.7782 3
      vertex 44.5 62.8 3
    endloop
  endfacet
  facet normal -0 0 1
    outer loop
      vertex 6.65 68.564 3
      vertex 35.4307 56.6121 3
      vertex 9.73598 71.65 3
    endloop
  endfacet
  facet normal 0 0 1
    outer loop
      vertex 35.5218 56.9123 3
      vertex 9.73598 71.65 3
      vertex 35.4307 56.6121 3
    endloop
  endfacet
  facet normal 0 0 1
    outer loop
      vertex 35.6696 57.1889 3
      vertex 9.73598 71.65 3
      vertex 35.5218 56.9123 3
    endloop
  endfacet
  facet normal 0 0 1
    outer loop
      vertex 35.8686 57.4314 3
      vertex 9.73598 71.65 3
      vertex 35.6696 57.1889 3
    endloop
  endfacet
  facet normal 0 0 1
    outer loop
      vertex 36.1111 57.6304 3
      vertex 9.73598 71.65 3
      vertex 35.8686 57.4314 3
    endloop
  endfacet
  facet normal 0 0 1
    outer loop
      vertex 36.3877 57.7782 3
      vertex 9.73598 71.65 3
      vertex 36.1111 57.6304 3
    endloop
  endfacet
  facet normal 0 0 1
    outer loop
      vertex 48.5 62.8 3
      vertex 9.73598 71.65 3
      vertex 44.5 62.8 3
    endloop
  endfacet
  facet normal 0 0 1
    outer loop
      vertex 101.429 6.65056 3
      vertex 99.264 6.65 3
      vertex 101.333 6.33165 3
    endloop
  endfacet
  facet normal 0 0 1
    outer loop
      vertex 101.333 6.33165 3
      vertex 99.264 6.65 3
      vertex 101.3 6 3
    endloop
  endfacet
  facet normal 0 0 1
    outer loop
      vertex 99.264 71.65 3
      vertex 100.889 75.4596 3
      vertex 100.313 74.987 3
    endloop
  endfacet
  facet normal 0 0 1
    outer loop
      vertex 99.2 6 3
      vertex 101.3 6 3
      vertex 99.264 6.65 3
    endloop
  endfacet
  facet normal 0 0 1
    outer loop
      vertex 99.264 71.65 3
      vertex 100.313 74.987 3
      vertex 99.8404 74.4112 3
    endloop
  endfacet
  facet normal 0 -0 1
    outer loop
      vertex 100.313 3.31299 3
      vertex 101.3 6 3
      vertex 99.8404 3.88883 3
    endloop
  endfacet
  facet normal 0 0 1
    outer loop
      vertex 99.264 71.65 3
      vertex 99.8404 74.4112 3
      vertex 99.4893 73.7542 3
    endloop
  endfacet
  facet normal 0 0 1
    outer loop
      vertex 101.3 6 3
      vertex 100.889 2.84042 3
      vertex 101.245 2.65 3
    endloop
  endfacet
  facet normal 0 0 1
    outer loop
      vertex 99.264 71.65 3
      vertex 99.4893 73.7542 3
      vertex 99.273 73.0413 3
    endloop
  endfacet
  facet normal 0 -0 1
    outer loop
      vertex 100.889 2.84042 3
      vertex 101.3 6 3
      vertex 100.313 3.31299 3
    endloop
  endfacet
  facet normal 0 0 1
    outer loop
      vertex 101.3 6 3
      vertex 99.4893 4.5458 3
      vertex 99.8404 3.88883 3
    endloop
  endfacet
  facet normal 0 -0 1
    outer loop
      vertex 99.264 71.65 3
      vertex 99.273 73.0413 3
      vertex 99.2 72.3 3
    endloop
  endfacet
  facet normal 0 0 1
    outer loop
      vertex 101.3 6 3
      vertex 99.273 5.25866 3
      vertex 99.4893 4.5458 3
    endloop
  endfacet
  facet normal 0 0 1
    outer loop
      vertex 101.3 6 3
      vertex 99.2 6 3
      vertex 99.273 5.25866 3
    endloop
  endfacet
  facet normal 0 0 1
    outer loop
      vertex 6.94447 7.4135 3
      vertex 6.65 9.73598 3
      vertex 6.65056 7.57059 3
    endloop
  endfacet
  facet normal 0 0 1
    outer loop
      vertex 6.65 9.73598 3
      vertex 6.33165 7.66733 3
      vertex 6.65056 7.57059 3
    endloop
  endfacet
  facet normal 0 0 1
    outer loop
      vertex 6.65 9.73598 3
      vertex 6 7.7 3
      vertex 6.33165 7.66733 3
    endloop
  endfacet
  facet normal 0 0 1
    outer loop
      vertex 6 9.8 3
      vertex 6 7.7 3
      vertex 6.65 9.73598 3
    endloop
  endfacet
  facet normal 0 0 1
    outer loop
      vertex 6 9.8 3
      vertex 5.66835 7.66733 3
      vertex 6 7.7 3
    endloop
  endfacet
  facet normal -0 0 1
    outer loop
      vertex 5.25866 9.72698 3
      vertex 5.66835 7.66733 3
      vertex 6 9.8 3
    endloop
  endfacet
  facet normal 0 0 1
    outer loop
      vertex 5.66835 7.66733 3
      vertex 5.25866 9.72698 3
      vertex 5.34944 7.57059 3
    endloop
  endfacet
  facet normal -0 0 1
    outer loop
      vertex 4.5458 9.51074 3
      vertex 5.34944 7.57059 3
      vertex 5.25866 9.72698 3
    endloop
  endfacet
  facet normal 0 0 1
    outer loop
      vertex 5.34944 7.57059 3
      vertex 4.5458 9.51074 3
      vertex 5.05553 7.4135 3
    endloop
  endfacet
  facet normal -0 0 1
    outer loop
      vertex 3.88883 9.15958 3
      vertex 5.05553 7.4135 3
      vertex 4.5458 9.51074 3
    endloop
  endfacet
  facet normal 0 0 1
    outer loop
      vertex 5.05553 7.4135 3
      vertex 3.88883 9.15958 3
      vertex 4.79792 7.20208 3
    endloop
  endfacet
  facet normal -0 0 1
    outer loop
      vertex 3.31299 8.68701 3
      vertex 4.79792 7.20208 3
      vertex 3.88883 9.15958 3
    endloop
  endfacet
  facet normal 0 0 1
    outer loop
      vertex 4.79792 7.20208 3
      vertex 3.31299 8.68701 3
      vertex 4.5865 6.94447 3
    endloop
  endfacet
  facet normal -0 0 1
    outer loop
      vertex 2.84042 8.11117 3
      vertex 4.5865 6.94447 3
      vertex 3.31299 8.68701 3
    endloop
  endfacet
  facet normal -0 0 1
    outer loop
      vertex 2.65 7.75492 3
      vertex 4.5865 6.94447 3
      vertex 2.84042 8.11117 3
    endloop
  endfacet
  facet normal 0 0 1
    outer loop
      vertex 4.5865 6.94447 3
      vertex 2.65 7.75492 3
      vertex 4.4294 6.65056 3
    endloop
  endfacet
  facet normal 0 -0 1
    outer loop
      vertex 2.7492 4.05949 3
      vertex 4.3 6 3
      vertex 2.65 7.75492 3
    endloop
  endfacet
  facet normal 0 0 1
    outer loop
      vertex 4.4294 6.65056 3
      vertex 2.65 7.75492 3
      vertex 4.33266 6.33165 3
    endloop
  endfacet
  facet normal 0 -0 1
    outer loop
      vertex 2.84042 3.88883 3
      vertex 4.3 6 3
      vertex 2.7492 4.05949 3
    endloop
  endfacet
  facet normal 0 0 1
    outer loop
      vertex 4.33266 6.33165 3
      vertex 2.65 7.75492 3
      vertex 4.3 6 3
    endloop
  endfacet
  facet normal 0 -0 1
    outer loop
      vertex 3.88883 2.84042 3
      vertex 4.3 6 3
      vertex 3.31299 3.31299 3
    endloop
  endfacet
  facet normal 0 0 1
    outer loop
      vertex 4.3 6 3
      vertex 2.84042 3.88883 3
      vertex 3.31299 3.31299 3
    endloop
  endfacet
  facet normal 0 0 1
    outer loop
      vertex 4.3 6 3
      vertex 3.88883 2.84042 3
      vertex 4.05949 2.7492 3
    endloop
  endfacet
  facet normal 0 0 1
    outer loop
      vertex 9.8 72.3 3
      vertex 7.7 72.3 3
      vertex 9.73598 71.65 3
    endloop
  endfacet
  facet normal 0 0 1
    outer loop
      vertex 7.7 72.3 3
      vertex 9.8 72.3 3
      vertex 9.72698 73.0413 3
    endloop
  endfacet
  facet normal 0 0 1
    outer loop
      vertex 7.7 6 3
      vertex 9.8 6 3
      vertex 9.73598 6.65 3
    endloop
  endfacet
  facet normal -0 0 1
    outer loop
      vertex 7.66733 71.9683 3
      vertex 9.73598 71.65 3
      vertex 7.7 72.3 3
    endloop
  endfacet
  facet normal 0 0 1
    outer loop
      vertex 7.66733 72.6317 3
      vertex 9.72698 73.0413 3
      vertex 9.51074 73.7542 3
    endloop
  endfacet
  facet normal 0 0 1
    outer loop
      vertex 7.57059 71.6494 3
      vertex 9.73598 71.65 3
      vertex 7.66733 71.9683 3
    endloop
  endfacet
  facet normal 0 0 1
    outer loop
      vertex 7.57059 72.9506 3
      vertex 9.51074 73.7542 3
      vertex 9.15958 74.4112 3
    endloop
  endfacet
  facet normal 0 0 1
    outer loop
      vertex 9.8 6 3
      vertex 7.7 6 3
      vertex 9.72698 5.25866 3
    endloop
  endfacet
  facet normal 0 0 1
    outer loop
      vertex 7.4135 73.2445 3
      vertex 9.15958 74.4112 3
      vertex 8.68701 74.987 3
    endloop
  endfacet
  facet normal -0 0 1
    outer loop
      vertex 7.66733 5.66835 3
      vertex 9.72698 5.25866 3
      vertex 7.7 6 3
    endloop
  endfacet
  facet normal 0 0 1
    outer loop
      vertex 7.20208 73.5021 3
      vertex 8.68701 74.987 3
      vertex 8.11117 75.4596 3
    endloop
  endfacet
  facet normal 0 0 1
    outer loop
      vertex 9.72698 5.25866 3
      vertex 7.66733 5.66835 3
      vertex 9.51074 4.5458 3
    endloop
  endfacet
  facet normal 0 0 1
    outer loop
      vertex 9.51074 4.5458 3
      vertex 7.57059 5.34944 3
      vertex 9.15958 3.88883 3
    endloop
  endfacet
  facet normal 0 0 1
    outer loop
      vertex 6.94447 73.7135 3
      vertex 8.11117 75.4596 3
      vertex 7.75492 75.65 3
    endloop
  endfacet
  facet normal -0 0 1
    outer loop
      vertex 84.9782 24.1577 3
      vertex 102.35 9.73598 3
      vertex 85.0693 24.4579 3
    endloop
  endfacet
  facet normal -0 0 1
    outer loop
      vertex 84.8304 23.8811 3
      vertex 102.35 9.73598 3
      vertex 84.9782 24.1577 3
    endloop
  endfacet
  facet normal -0 0 1
    outer loop
      vertex 84.6314 23.6386 3
      vertex 102.35 9.73598 3
      vertex 84.8304 23.8811 3
    endloop
  endfacet
  facet normal 0 0 1
    outer loop
      vertex 102.35 9.73598 3
      vertex 84.6314 23.6386 3
      vertex 99.264 6.65 3
    endloop
  endfacet
  facet normal -0 0 1
    outer loop
      vertex 84.3889 23.4396 3
      vertex 99.264 6.65 3
      vertex 84.6314 23.6386 3
    endloop
  endfacet
  facet normal -0 0 1
    outer loop
      vertex 84.1123 23.2918 3
      vertex 99.264 6.65 3
      vertex 84.3889 23.4396 3
    endloop
  endfacet
  facet normal -0 0 1
    outer loop
      vertex 83.8121 23.2007 3
      vertex 99.264 6.65 3
      vertex 84.1123 23.2918 3
    endloop
  endfacet
  facet normal -0 0 1
    outer loop
      vertex 83.5 23.17 3
      vertex 99.264 6.65 3
      vertex 83.8121 23.2007 3
    endloop
  endfacet
  facet normal 0 0 1
    outer loop
      vertex 83.1879 23.2007 3
      vertex 99.264 6.65 3
      vertex 83.5 23.17 3
    endloop
  endfacet
  facet normal 0 0 1
    outer loop
      vertex 82.8877 23.2918 3
      vertex 99.264 6.65 3
      vertex 83.1879 23.2007 3
    endloop
  endfacet
  facet normal 0 0 1
    outer loop
      vertex 41.3839 15.9161 3
      vertex 82.8877 23.2918 3
      vertex 82.6111 23.4396 3
    endloop
  endfacet
  facet normal 0 0 1
    outer loop
      vertex 41.5393 16.1055 3
      vertex 82.6111 23.4396 3
      vertex 82.3686 23.6386 3
    endloop
  endfacet
  facet normal 0 0 1
    outer loop
      vertex 82.0218 25.3823 3
      vertex 81.4607 28.5055 3
      vertex 81.9307 25.0821 3
    endloop
  endfacet
  facet normal 0 0 1
    outer loop
      vertex 81.3452 28.7216 3
      vertex 81.9307 25.0821 3
      vertex 81.4607 28.5055 3
    endloop
  endfacet
  facet normal 0 0 1
    outer loop
      vertex 81.9307 25.0821 3
      vertex 81.3452 28.7216 3
      vertex 81.9 24.77 3
    endloop
  endfacet
  facet normal 0 0 1
    outer loop
      vertex 81.274 28.9561 3
      vertex 81.9 24.77 3
      vertex 81.3452 28.7216 3
    endloop
  endfacet
  facet normal 0 0 1
    outer loop
      vertex 41.75 16.8 3
      vertex 81.9 24.77 3
      vertex 81.274 28.9561 3
    endloop
  endfacet
  facet normal 0 0 1
    outer loop
      vertex 81.4607 29.8945 3
      vertex 62.5 59.8 3
      vertex 81.3452 29.6784 3
    endloop
  endfacet
  facet normal -0 0 1
    outer loop
      vertex 58.5 59.8 3
      vertex 81.3452 29.6784 3
      vertex 62.5 59.8 3
    endloop
  endfacet
  facet normal 0 0 1
    outer loop
      vertex 81.3452 29.6784 3
      vertex 58.5 59.8 3
      vertex 81.274 29.4439 3
    endloop
  endfacet
  facet normal 0 0 1
    outer loop
      vertex 41.75 16.8 3
      vertex 81.274 29.4439 3
      vertex 58.5 59.8 3
    endloop
  endfacet
  facet normal 0 0 1
    outer loop
      vertex 81.274 29.4439 3
      vertex 41.75 16.8 3
      vertex 81.25 29.2 3
    endloop
  endfacet
  facet normal 0 0 1
    outer loop
      vertex 62.5 59.8 3
      vertex 65.5 59.8 3
      vertex 62.5 62.8 3
    endloop
  endfacet
  facet normal 0 0 1
    outer loop
      vertex 81.25 29.2 3
      vertex 41.75 16.8 3
      vertex 81.274 28.9561 3
    endloop
  endfacet
  facet normal 0 0 1
    outer loop
      vertex 81.9 24.77 3
      vertex 41.75 16.8 3
      vertex 81.9307 24.4579 3
    endloop
  endfacet
  facet normal 0 0 1
    outer loop
      vertex 81.9307 24.4579 3
      vertex 41.75 16.8 3
      vertex 82.0218 24.1577 3
    endloop
  endfacet
  facet normal 0 0 1
    outer loop
      vertex 55.5 59.8 3
      vertex 58.5 59.8 3
      vertex 55.5 62.8 3
    endloop
  endfacet
  facet normal 0 0 1
    outer loop
      vertex 41.75 16.8 3
      vertex 58.5 59.8 3
      vertex 55.5 59.8 3
    endloop
  endfacet
  facet normal 0 0 1
    outer loop
      vertex 41.75 16.8 3
      vertex 55.5 59.8 3
      vertex 51.5 59.8 3
    endloop
  endfacet
  facet normal 0 0 1
    outer loop
      vertex 41.726 16.5561 3
      vertex 82.0218 24.1577 3
      vertex 41.75 16.8 3
    endloop
  endfacet
  facet normal 0 0 1
    outer loop
      vertex 48.5 59.8 3
      vertex 51.5 59.8 3
      vertex 48.5 62.8 3
    endloop
  endfacet
  facet normal 0 0 1
    outer loop
      vertex 41.75 16.8 3
      vertex 51.5 59.8 3
      vertex 48.5 59.8 3
    endloop
  endfacet
  facet normal 0 0 1
    outer loop
      vertex 41.75 16.8 3
      vertex 48.5 59.8 3
      vertex 44.5 59.8 3
    endloop
  endfacet
  facet normal 0 0 1
    outer loop
      vertex 82.0218 24.1577 3
      vertex 41.726 16.5561 3
      vertex 82.1696 23.8811 3
    endloop
  endfacet
  facet normal 0 0 1
    outer loop
      vertex 41.6549 16.3216 3
      vertex 82.1696 23.8811 3
      vertex 41.726 16.5561 3
    endloop
  endfacet
  facet normal 0 0 1
    outer loop
      vertex 82.1696 23.8811 3
      vertex 41.6549 16.3216 3
      vertex 82.3686 23.6386 3
    endloop
  endfacet
  facet normal 0 0 1
    outer loop
      vertex 41.5393 16.1055 3
      vertex 82.3686 23.6386 3
      vertex 41.6549 16.3216 3
    endloop
  endfacet
  facet normal 0 0 1
    outer loop
      vertex 82.6111 23.4396 3
      vertex 41.5393 16.1055 3
      vertex 41.3839 15.9161 3
    endloop
  endfacet
  facet normal 0 0 1
    outer loop
      vertex 82.8877 23.2918 3
      vertex 41.3839 15.9161 3
      vertex 99.264 6.65 3
    endloop
  endfacet
  facet normal -0 0 1
    outer loop
      vertex 41.1945 15.7607 3
      vertex 99.264 6.65 3
      vertex 41.3839 15.9161 3
    endloop
  endfacet
  facet normal -0 0 1
    outer loop
      vertex 40.9784 15.6452 3
      vertex 99.264 6.65 3
      vertex 41.1945 15.7607 3
    endloop
  endfacet
  facet normal -0 0 1
    outer loop
      vertex 40.7439 15.574 3
      vertex 99.264 6.65 3
      vertex 40.9784 15.6452 3
    endloop
  endfacet
  facet normal 0 0 1
    outer loop
      vertex 9.73598 6.65 3
      vertex 40.7439 15.574 3
      vertex 40.5 15.55 3
    endloop
  endfacet
  facet normal 0 0 1
    outer loop
      vertex 9.73598 6.65 3
      vertex 40.5 15.55 3
      vertex 40.2561 15.574 3
    endloop
  endfacet
  facet normal 0 0 1
    outer loop
      vertex 44.5 59.8 3
      vertex 38.4782 55.6877 3
      vertex 38.3304 55.4111 3
    endloop
  endfacet
  facet normal 0 0 1
    outer loop
      vertex 36.6879 54.7307 3
      vertex 40.2561 18.026 3
      vertex 37 54.7 3
    endloop
  endfacet
  facet normal 0 0 1
    outer loop
      vertex 40.2561 18.026 3
      vertex 36.6879 54.7307 3
      vertex 40.0216 17.9548 3
    endloop
  endfacet
  facet normal 0 0 1
    outer loop
      vertex 36.3877 54.8218 3
      vertex 40.0216 17.9548 3
      vertex 36.6879 54.7307 3
    endloop
  endfacet
  facet normal 0 0 1
    outer loop
      vertex 40.0216 17.9548 3
      vertex 36.3877 54.8218 3
      vertex 39.8055 17.8393 3
    endloop
  endfacet
  facet normal 0 0 1
    outer loop
      vertex 36.1111 54.9697 3
      vertex 39.8055 17.8393 3
      vertex 36.3877 54.8218 3
    endloop
  endfacet
  facet normal 0 0 1
    outer loop
      vertex 39.8055 17.8393 3
      vertex 36.1111 54.9697 3
      vertex 39.6161 17.6839 3
    endloop
  endfacet
  facet normal 0 0 1
    outer loop
      vertex 39.6161 17.6839 3
      vertex 36.1111 54.9697 3
      vertex 39.4607 17.4945 3
    endloop
  endfacet
  facet normal 0 0 1
    outer loop
      vertex 35.8686 55.1686 3
      vertex 39.4607 17.4945 3
      vertex 36.1111 54.9697 3
    endloop
  endfacet
  facet normal 0 0 1
    outer loop
      vertex 9.73598 6.65 3
      vertex 39.4607 17.4945 3
      vertex 35.8686 55.1686 3
    endloop
  endfacet
  facet normal 0 0 1
    outer loop
      vertex 39.4607 17.4945 3
      vertex 9.73598 6.65 3
      vertex 39.3451 17.2784 3
    endloop
  endfacet
  facet normal 0 0 1
    outer loop
      vertex 39.3451 17.2784 3
      vertex 9.73598 6.65 3
      vertex 39.274 17.0439 3
    endloop
  endfacet
  facet normal 0 0 1
    outer loop
      vertex 9.73598 6.65 3
      vertex 35.8686 55.1686 3
      vertex 35.6696 55.4111 3
    endloop
  endfacet
  facet normal 0 0 1
    outer loop
      vertex 35.4307 55.9879 3
      vertex 6.65 68.564 3
      vertex 35.5218 55.6877 3
    endloop
  endfacet
  facet normal 0 0 1
    outer loop
      vertex 35.4 56.3 3
      vertex 6.65 68.564 3
      vertex 35.4307 55.9879 3
    endloop
  endfacet
  facet normal 0 0 1
    outer loop
      vertex 35.4307 56.6121 3
      vertex 6.65 68.564 3
      vertex 35.4 56.3 3
    endloop
  endfacet
  facet normal 0 0 1
    outer loop
      vertex 6.65 68.564 3
      vertex 9.73598 71.65 3
      vertex 7.57059 71.6494 3
    endloop
  endfacet
  facet normal 0 0 1
    outer loop
      vertex 39.274 17.0439 3
      vertex 9.73598 6.65 3
      vertex 39.25 16.8 3
    endloop
  endfacet
  facet normal 0 0 1
    outer loop
      vertex 39.25 16.8 3
      vertex 9.73598 6.65 3
      vertex 39.274 16.5561 3
    endloop
  endfacet
  facet normal 0 0 1
    outer loop
      vertex 39.274 16.5561 3
      vertex 9.73598 6.65 3
      vertex 39.3451 16.3216 3
    endloop
  endfacet
  facet normal 0 0 1
    outer loop
      vertex 40.7439 15.574 3
      vertex 9.73598 6.65 3
      vertex 99.264 6.65 3
    endloop
  endfacet
  facet normal 0 0 1
    outer loop
      vertex 40.0216 15.6452 3
      vertex 9.73598 6.65 3
      vertex 40.2561 15.574 3
    endloop
  endfacet
  facet normal 0 0 1
    outer loop
      vertex 39.8055 15.7607 3
      vertex 9.73598 6.65 3
      vertex 40.0216 15.6452 3
    endloop
  endfacet
  facet normal 0 0 1
    outer loop
      vertex 39.6161 15.9161 3
      vertex 9.73598 6.65 3
      vertex 39.8055 15.7607 3
    endloop
  endfacet
  facet normal 0 0 1
    outer loop
      vertex 39.4607 16.1055 3
      vertex 9.73598 6.65 3
      vertex 39.6161 15.9161 3
    endloop
  endfacet
  facet normal 0 0 1
    outer loop
      vertex 39.3451 16.3216 3
      vertex 9.73598 6.65 3
      vertex 39.4607 16.1055 3
    endloop
  endfacet
  facet normal -0 0 1
    outer loop
      vertex 83.5393 28.5055 3
      vertex 84.3889 26.1004 3
      vertex 83.6548 28.7216 3
    endloop
  endfacet
  facet normal 0 0 1
    outer loop
      vertex 84.3889 26.1004 3
      vertex 83.5393 28.5055 3
      vertex 84.1123 26.2482 3
    endloop
  endfacet
  facet normal -0 0 1
    outer loop
      vertex 83.3839 28.3161 3
      vertex 84.1123 26.2482 3
      vertex 83.5393 28.5055 3
    endloop
  endfacet
  facet normal 0 0 1
    outer loop
      vertex 84.1123 26.2482 3
      vertex 83.3839 28.3161 3
      vertex 83.8121 26.3393 3
    endloop
  endfacet
  facet normal -0 0 1
    outer loop
      vertex 83.1945 28.1607 3
      vertex 83.8121 26.3393 3
      vertex 83.3839 28.3161 3
    endloop
  endfacet
  facet normal 0 0 1
    outer loop
      vertex 83.8121 26.3393 3
      vertex 83.1945 28.1607 3
      vertex 83.5 26.37 3
    endloop
  endfacet
  facet normal -0 0 1
    outer loop
      vertex 82.9784 28.0452 3
      vertex 83.5 26.37 3
      vertex 83.1945 28.1607 3
    endloop
  endfacet
  facet normal 0 0 1
    outer loop
      vertex 83.5 26.37 3
      vertex 82.9784 28.0452 3
      vertex 83.1879 26.3393 3
    endloop
  endfacet
  facet normal -0 0 1
    outer loop
      vertex 82.7439 27.974 3
      vertex 83.1879 26.3393 3
      vertex 82.9784 28.0452 3
    endloop
  endfacet
  facet normal 0 0 1
    outer loop
      vertex 83.1879 26.3393 3
      vertex 82.7439 27.974 3
      vertex 82.8877 26.2482 3
    endloop
  endfacet
  facet normal -0 0 1
    outer loop
      vertex 82.5 27.95 3
      vertex 82.8877 26.2482 3
      vertex 82.7439 27.974 3
    endloop
  endfacet
  facet normal 0 0 1
    outer loop
      vertex 82.8877 26.2482 3
      vertex 82.5 27.95 3
      vertex 82.6111 26.1004 3
    endloop
  endfacet
  facet normal 0 0 1
    outer loop
      vertex 82.2561 27.974 3
      vertex 82.6111 26.1004 3
      vertex 82.5 27.95 3
    endloop
  endfacet
  facet normal 0 0 1
    outer loop
      vertex 82.0216 28.0452 3
      vertex 82.6111 26.1004 3
      vertex 82.2561 27.974 3
    endloop
  endfacet
  facet normal 0 0 1
    outer loop
      vertex 82.6111 26.1004 3
      vertex 82.0216 28.0452 3
      vertex 82.3686 25.9014 3
    endloop
  endfacet
  facet normal 0 0 1
    outer loop
      vertex 81.8055 28.1607 3
      vertex 82.3686 25.9014 3
      vertex 82.0216 28.0452 3
    endloop
  endfacet
  facet normal 0 0 1
    outer loop
      vertex 82.3686 25.9014 3
      vertex 81.8055 28.1607 3
      vertex 82.1696 25.6589 3
    endloop
  endfacet
  facet normal 0 0 1
    outer loop
      vertex 81.6161 28.3161 3
      vertex 82.1696 25.6589 3
      vertex 81.8055 28.1607 3
    endloop
  endfacet
  facet normal 0 0 1
    outer loop
      vertex 82.1696 25.6589 3
      vertex 81.6161 28.3161 3
      vertex 82.0218 25.3823 3
    endloop
  endfacet
  facet normal 0 0 1
    outer loop
      vertex 81.4607 28.5055 3
      vertex 82.0218 25.3823 3
      vertex 81.6161 28.3161 3
    endloop
  endfacet
  facet normal 0 0 1
    outer loop
      vertex 104.413 6.94447 3
      vertex 106.35 7.75492 3
      vertex 106.16 8.11117 3
    endloop
  endfacet
  facet normal 0 0 1
    outer loop
      vertex 106.35 7.75492 3
      vertex 104.7 6 3
      vertex 106.251 4.05949 3
    endloop
  endfacet
  facet normal 0 0 1
    outer loop
      vertex 104.413 6.94447 3
      vertex 106.16 8.11117 3
      vertex 105.687 8.68701 3
    endloop
  endfacet
  facet normal -0 0 1
    outer loop
      vertex 104.667 5.66835 3
      vertex 106.251 4.05949 3
      vertex 104.7 6 3
    endloop
  endfacet
  facet normal 0 0 1
    outer loop
      vertex 104.202 7.20208 3
      vertex 105.687 8.68701 3
      vertex 105.111 9.15958 3
    endloop
  endfacet
  facet normal -0 0 1
    outer loop
      vertex 104.571 5.34944 3
      vertex 106.251 4.05949 3
      vertex 104.667 5.66835 3
    endloop
  endfacet
  facet normal -0 0 1
    outer loop
      vertex 104.413 5.05553 3
      vertex 106.251 4.05949 3
      vertex 104.571 5.34944 3
    endloop
  endfacet
  facet normal 0 0 1
    outer loop
      vertex 106.251 4.05949 3
      vertex 104.413 5.05553 3
      vertex 106.16 3.88883 3
    endloop
  endfacet
  facet normal 0 0 1
    outer loop
      vertex 106.35 7.75492 3
      vertex 104.667 6.33165 3
      vertex 104.7 6 3
    endloop
  endfacet
  facet normal 0 0 1
    outer loop
      vertex 106.35 7.75492 3
      vertex 104.571 6.65056 3
      vertex 104.667 6.33165 3
    endloop
  endfacet
  facet normal 0 0 1
    outer loop
      vertex 103.944 7.4135 3
      vertex 105.111 9.15958 3
      vertex 104.454 9.51074 3
    endloop
  endfacet
  facet normal 0 0 1
    outer loop
      vertex 106.35 7.75492 3
      vertex 104.413 6.94447 3
      vertex 104.571 6.65056 3
    endloop
  endfacet
  facet normal 0 0 1
    outer loop
      vertex 105.687 8.68701 3
      vertex 104.202 7.20208 3
      vertex 104.413 6.94447 3
    endloop
  endfacet
  facet normal 0 0 1
    outer loop
      vertex 105.111 9.15958 3
      vertex 103.944 7.4135 3
      vertex 104.202 7.20208 3
    endloop
  endfacet
  facet normal 0 0 1
    outer loop
      vertex 103.651 7.57059 3
      vertex 104.454 9.51074 3
      vertex 103.741 9.72698 3
    endloop
  endfacet
  facet normal 0 0 1
    outer loop
      vertex 104.454 9.51074 3
      vertex 103.651 7.57059 3
      vertex 103.944 7.4135 3
    endloop
  endfacet
  facet normal 0 0 1
    outer loop
      vertex 103.741 9.72698 3
      vertex 103.332 7.66733 3
      vertex 103.651 7.57059 3
    endloop
  endfacet
  facet normal 0 0 1
    outer loop
      vertex 103 9.8 3
      vertex 103.332 7.66733 3
      vertex 103.741 9.72698 3
    endloop
  endfacet
  facet normal 0 0 1
    outer loop
      vertex 103 9.8 3
      vertex 103 7.7 3
      vertex 103.332 7.66733 3
    endloop
  endfacet
  facet normal -0 0 1
    outer loop
      vertex 102.35 9.73598 3
      vertex 103 7.7 3
      vertex 103 9.8 3
    endloop
  endfacet
  facet normal 0 0 1
    outer loop
      vertex 103 7.7 3
      vertex 102.35 9.73598 3
      vertex 102.668 7.66733 3
    endloop
  endfacet
  facet normal 0 0 1
    outer loop
      vertex 102.35 9.73598 3
      vertex 102.349 7.57059 3
      vertex 102.668 7.66733 3
    endloop
  endfacet
  facet normal 0 0 1
    outer loop
      vertex 101.798 71.0979 3
      vertex 102.35 68.564 3
      vertex 102.056 70.8865 3
    endloop
  endfacet
  facet normal 0 0 1
    outer loop
      vertex 99.264 71.65 3
      vertex 101.798 71.0979 3
      vertex 101.587 71.3555 3
    endloop
  endfacet
  facet normal 0 0 1
    outer loop
      vertex 102.35 9.73598 3
      vertex 102.056 7.4135 3
      vertex 102.349 7.57059 3
    endloop
  endfacet
  facet normal 0 0 1
    outer loop
      vertex 99.264 71.65 3
      vertex 101.587 71.3555 3
      vertex 101.429 71.6494 3
    endloop
  endfacet
  facet normal 0 0 1
    outer loop
      vertex 102.35 9.73598 3
      vertex 101.798 7.20208 3
      vertex 102.056 7.4135 3
    endloop
  endfacet
  facet normal 0 0 1
    outer loop
      vertex 101.798 71.0979 3
      vertex 99.264 71.65 3
      vertex 102.35 68.564 3
    endloop
  endfacet
  facet normal 0 0 1
    outer loop
      vertex 99.264 6.65 3
      vertex 101.798 7.20208 3
      vertex 102.35 9.73598 3
    endloop
  endfacet
  facet normal 0 0 1
    outer loop
      vertex 69.5 59.8 3
      vertex 102.35 68.564 3
      vertex 99.264 71.65 3
    endloop
  endfacet
  facet normal 0 0 1
    outer loop
      vertex 101.798 7.20208 3
      vertex 99.264 6.65 3
      vertex 101.587 6.94447 3
    endloop
  endfacet
  facet normal -0 0 1
    outer loop
      vertex 99.264 71.65 3
      vertex 101.429 71.6494 3
      vertex 101.333 71.9683 3
    endloop
  endfacet
  facet normal 0 0 1
    outer loop
      vertex 102.35 68.564 3
      vertex 85.1 24.77 3
      vertex 102.35 9.73598 3
    endloop
  endfacet
  facet normal 0 0 1
    outer loop
      vertex 101.333 72.6317 3
      vertex 99.264 71.65 3
      vertex 101.3 72.3 3
    endloop
  endfacet
  facet normal 0 0 1
    outer loop
      vertex 101.3 72.3 3
      vertex 99.264 71.65 3
      vertex 101.333 71.9683 3
    endloop
  endfacet
  facet normal 0 0 1
    outer loop
      vertex 106.013 74.7611 3
      vertex 109 75.3 3
      vertex 108.942 75.8853 3
    endloop
  endfacet
  facet normal 0 0 1
    outer loop
      vertex 109 75.3 3
      vertex 106.35 70.5451 3
      vertex 109 3 3
    endloop
  endfacet
  facet normal 0 0 1
    outer loop
      vertex 106.013 74.7611 3
      vertex 108.942 75.8853 3
      vertex 108.772 76.4481 3
    endloop
  endfacet
  facet normal -0 0 1
    outer loop
      vertex 106.35 7.75492 3
      vertex 109 3 3
      vertex 106.35 70.5451 3
    endloop
  endfacet
  facet normal 0 0 1
    outer loop
      vertex 106.013 74.7611 3
      vertex 108.772 76.4481 3
      vertex 108.494 76.9667 3
    endloop
  endfacet
  facet normal -0 0 1
    outer loop
      vertex 106.251 4.05949 3
      vertex 109 3 3
      vertex 106.35 7.75492 3
    endloop
  endfacet
  facet normal 0 0 1
    outer loop
      vertex 105.764 75.0642 3
      vertex 108.494 76.9667 3
      vertex 108.121 77.4213 3
    endloop
  endfacet
  facet normal -0 0 1
    outer loop
      vertex 106.198 3.88463 3
      vertex 109 3 3
      vertex 106.251 4.05949 3
    endloop
  endfacet
  facet normal 0 0 1
    outer loop
      vertex 105.764 75.0642 3
      vertex 108.121 77.4213 3
      vertex 107.667 77.7944 3
    endloop
  endfacet
  facet normal -0 0 1
    outer loop
      vertex 106.013 3.53886 3
      vertex 109 3 3
      vertex 106.198 3.88463 3
    endloop
  endfacet
  facet normal 0 0 1
    outer loop
      vertex 105.461 75.3129 3
      vertex 107.667 77.7944 3
      vertex 107.148 78.0716 3
    endloop
  endfacet
  facet normal 0 0 1
    outer loop
      vertex 109 3 3
      vertex 106.013 3.53886 3
      vertex 108.942 2.41473 3
    endloop
  endfacet
  facet normal 0 0 1
    outer loop
      vertex 105.461 75.3129 3
      vertex 107.148 78.0716 3
      vertex 106.585 78.2424 3
    endloop
  endfacet
  facet normal 0 0 1
    outer loop
      vertex 108.942 2.41473 3
      vertex 106.013 3.53886 3
      vertex 108.772 1.85195 3
    endloop
  endfacet
  facet normal 0 0 1
    outer loop
      vertex 108.772 1.85195 3
      vertex 106.013 3.53886 3
      vertex 108.494 1.33329 3
    endloop
  endfacet
  facet normal 0 0 1
    outer loop
      vertex 109 75.3 3
      vertex 106.251 74.2405 3
      vertex 106.35 70.5451 3
    endloop
  endfacet
  facet normal 0 0 1
    outer loop
      vertex 109 75.3 3
      vertex 106.198 74.4154 3
      vertex 106.251 74.2405 3
    endloop
  endfacet
  facet normal 0 0 1
    outer loop
      vertex 109 75.3 3
      vertex 106.013 74.7611 3
      vertex 106.198 74.4154 3
    endloop
  endfacet
  facet normal 0 0 1
    outer loop
      vertex 105.461 75.3129 3
      vertex 106.585 78.2424 3
      vertex 106 78.3 3
    endloop
  endfacet
  facet normal 0 0 1
    outer loop
      vertex 108.494 76.9667 3
      vertex 105.764 75.0642 3
      vertex 106.013 74.7611 3
    endloop
  endfacet
  facet normal 0 0 1
    outer loop
      vertex 107.667 77.7944 3
      vertex 105.461 75.3129 3
      vertex 105.764 75.0642 3
    endloop
  endfacet
  facet normal 0 0 1
    outer loop
      vertex 106 78.3 3
      vertex 105.115 75.4978 3
      vertex 105.461 75.3129 3
    endloop
  endfacet
  facet normal 0 0 1
    outer loop
      vertex 106 78.3 3
      vertex 104.941 75.5508 3
      vertex 105.115 75.4978 3
    endloop
  endfacet
  facet normal 0 0 1
    outer loop
      vertex 106.251 74.2405 3
      vertex 104.667 72.6317 3
      vertex 104.7 72.3 3
    endloop
  endfacet
  facet normal 0 0 1
    outer loop
      vertex 105.111 75.4596 3
      vertex 104.571 72.9506 3
      vertex 104.667 72.6317 3
    endloop
  endfacet
  facet normal 0 0 1
    outer loop
      vertex 105.111 75.4596 3
      vertex 104.413 73.2445 3
      vertex 104.571 72.9506 3
    endloop
  endfacet
  facet normal 0 0 1
    outer loop
      vertex 105.111 75.4596 3
      vertex 104.202 73.5021 3
      vertex 104.413 73.2445 3
    endloop
  endfacet
  facet normal 0 0 1
    outer loop
      vertex 105.111 75.4596 3
      vertex 103.944 73.7135 3
      vertex 104.202 73.5021 3
    endloop
  endfacet
  facet normal -0 0 1
    outer loop
      vertex 101.245 75.65 3
      vertex 104.941 75.5508 3
      vertex 106 78.3 3
    endloop
  endfacet
  facet normal 0 0 1
    outer loop
      vertex 104.941 75.5508 3
      vertex 103.651 73.8706 3
      vertex 103.944 73.7135 3
    endloop
  endfacet
  facet normal 0 0 1
    outer loop
      vertex 104.941 75.5508 3
      vertex 103.332 73.9673 3
      vertex 103.651 73.8706 3
    endloop
  endfacet
  facet normal 0 -0 1
    outer loop
      vertex 103 74 3
      vertex 104.941 75.5508 3
      vertex 101.245 75.65 3
    endloop
  endfacet
  facet normal 0 0 1
    outer loop
      vertex 104.941 75.5508 3
      vertex 103 74 3
      vertex 103.332 73.9673 3
    endloop
  endfacet
  facet normal 0 0 1
    outer loop
      vertex 103 74 3
      vertex 101.245 75.65 3
      vertex 102.668 73.9673 3
    endloop
  endfacet
  facet normal 0 0 1
    outer loop
      vertex 102.668 73.9673 3
      vertex 101.245 75.65 3
      vertex 102.349 73.8706 3
    endloop
  endfacet
  facet normal 0 0 1
    outer loop
      vertex 102.349 73.8706 3
      vertex 101.245 75.65 3
      vertex 102.056 73.7135 3
    endloop
  endfacet
  facet normal 0 0 1
    outer loop
      vertex 101.429 72.9506 3
      vertex 99.264 71.65 3
      vertex 101.333 72.6317 3
    endloop
  endfacet
  facet normal 0 0 1
    outer loop
      vertex 99.264 71.65 3
      vertex 101.429 72.9506 3
      vertex 100.889 75.4596 3
    endloop
  endfacet
  facet normal 0 0 1
    outer loop
      vertex 101.587 73.2445 3
      vertex 100.889 75.4596 3
      vertex 101.429 72.9506 3
    endloop
  endfacet
  facet normal 0 0 1
    outer loop
      vertex 101.798 73.5021 3
      vertex 100.889 75.4596 3
      vertex 101.587 73.2445 3
    endloop
  endfacet
  facet normal 0 0 1
    outer loop
      vertex 102.056 73.7135 3
      vertex 100.889 75.4596 3
      vertex 101.798 73.5021 3
    endloop
  endfacet
  facet normal -0 0 1
    outer loop
      vertex 100.889 75.4596 3
      vertex 102.056 73.7135 3
      vertex 101.245 75.65 3
    endloop
  endfacet
  facet normal 0 0 1
    outer loop
      vertex 106 78.3 3
      vertex 7.75492 75.65 3
      vertex 101.245 75.65 3
    endloop
  endfacet
  facet normal 0 0 1
    outer loop
      vertex 9.72698 73.0413 3
      vertex 7.66733 72.6317 3
      vertex 7.7 72.3 3
    endloop
  endfacet
  facet normal 0 0 1
    outer loop
      vertex 9.51074 73.7542 3
      vertex 7.57059 72.9506 3
      vertex 7.66733 72.6317 3
    endloop
  endfacet
  facet normal 0 0 1
    outer loop
      vertex 9.15958 74.4112 3
      vertex 7.4135 73.2445 3
      vertex 7.57059 72.9506 3
    endloop
  endfacet
  facet normal 0 0 1
    outer loop
      vertex 8.68701 74.987 3
      vertex 7.20208 73.5021 3
      vertex 7.4135 73.2445 3
    endloop
  endfacet
  facet normal 0 0 1
    outer loop
      vertex 8.11117 75.4596 3
      vertex 6.94447 73.7135 3
      vertex 7.20208 73.5021 3
    endloop
  endfacet
  facet normal 0 0 1
    outer loop
      vertex 7.75492 75.65 3
      vertex 6.65056 73.8706 3
      vertex 6.94447 73.7135 3
    endloop
  endfacet
  facet normal 0 0 1
    outer loop
      vertex 7.75492 75.65 3
      vertex 6.33165 73.9673 3
      vertex 6.65056 73.8706 3
    endloop
  endfacet
  facet normal 0 0 1
    outer loop
      vertex 7.75492 75.65 3
      vertex 6 74 3
      vertex 6.33165 73.9673 3
    endloop
  endfacet
  facet normal -0 0 1
    outer loop
      vertex 4.05948 75.5508 3
      vertex 6 74 3
      vertex 7.75492 75.65 3
    endloop
  endfacet
  facet normal 0 0 1
    outer loop
      vertex 6 74 3
      vertex 4.05948 75.5508 3
      vertex 5.66835 73.9673 3
    endloop
  endfacet
  facet normal 0 0 1
    outer loop
      vertex 5.66835 73.9673 3
      vertex 4.05948 75.5508 3
      vertex 5.34944 73.8706 3
    endloop
  endfacet
  facet normal -0 0 1
    outer loop
      vertex 2.84042 74.4112 3
      vertex 4.5865 73.2445 3
      vertex 3.31299 74.987 3
    endloop
  endfacet
  facet normal 0 0 1
    outer loop
      vertex 4.79792 73.5021 3
      vertex 3.31299 74.987 3
      vertex 4.5865 73.2445 3
    endloop
  endfacet
  facet normal -0 0 1
    outer loop
      vertex 3.31299 74.987 3
      vertex 4.79792 73.5021 3
      vertex 3.88883 75.4596 3
    endloop
  endfacet
  facet normal 0 0 1
    outer loop
      vertex 5.05553 73.7135 3
      vertex 3.88883 75.4596 3
      vertex 4.79792 73.5021 3
    endloop
  endfacet
  facet normal -0 0 1
    outer loop
      vertex 3.88883 75.4596 3
      vertex 5.05553 73.7135 3
      vertex 4.05948 75.5508 3
    endloop
  endfacet
  facet normal 0 0 1
    outer loop
      vertex 5.34944 73.8706 3
      vertex 4.05948 75.5508 3
      vertex 5.05553 73.7135 3
    endloop
  endfacet
  facet normal -0 0 1
    outer loop
      vertex 3 78.3 3
      vertex 7.75492 75.65 3
      vertex 106 78.3 3
    endloop
  endfacet
  facet normal 0 0 1
    outer loop
      vertex 7.75492 75.65 3
      vertex 3 78.3 3
      vertex 4.05948 75.5508 3
    endloop
  endfacet
  facet normal 0 0 1
    outer loop
      vertex 3 78.3 3
      vertex 3.88463 75.4978 3
      vertex 4.05948 75.5508 3
    endloop
  endfacet
  facet normal 0 0 1
    outer loop
      vertex 3 78.3 3
      vertex 3.53886 75.3129 3
      vertex 3.88463 75.4978 3
    endloop
  endfacet
  facet normal -0 0 1
    outer loop
      vertex 2.41473 78.2424 3
      vertex 3.53886 75.3129 3
      vertex 3 78.3 3
    endloop
  endfacet
  facet normal -0 0 1
    outer loop
      vertex 1.85195 78.0716 3
      vertex 3.53886 75.3129 3
      vertex 2.41473 78.2424 3
    endloop
  endfacet
  facet normal -0 0 1
    outer loop
      vertex 1.33329 77.7944 3
      vertex 3.53886 75.3129 3
      vertex 1.85195 78.0716 3
    endloop
  endfacet
  facet normal 0 0 1
    outer loop
      vertex 3.53886 75.3129 3
      vertex 1.33329 77.7944 3
      vertex 3.23579 75.0642 3
    endloop
  endfacet
  facet normal 0 0 1
    outer loop
      vertex 2.7492 74.2405 3
      vertex 0 75.3 3
      vertex 2.65 70.5451 3
    endloop
  endfacet
  facet normal 0 0 1
    outer loop
      vertex 2.80224 74.4154 3
      vertex 0 75.3 3
      vertex 2.7492 74.2405 3
    endloop
  endfacet
  facet normal -0 0 1
    outer loop
      vertex 0.878679 77.4213 3
      vertex 3.23579 75.0642 3
      vertex 1.33329 77.7944 3
    endloop
  endfacet
  facet normal -0 0 1
    outer loop
      vertex 105.764 3.23579 3
      vertex 108.494 1.33329 3
      vertex 106.013 3.53886 3
    endloop
  endfacet
  facet normal 0 0 1
    outer loop
      vertex 108.494 1.33329 3
      vertex 105.764 3.23579 3
      vertex 108.121 0.878679 3
    endloop
  endfacet
  facet normal 0 0 1
    outer loop
      vertex 108.121 0.878679 3
      vertex 105.764 3.23579 3
      vertex 107.667 0.50559 3
    endloop
  endfacet
  facet normal -0 0 1
    outer loop
      vertex 105.461 2.98706 3
      vertex 107.667 0.50559 3
      vertex 105.764 3.23579 3
    endloop
  endfacet
  facet normal 0 0 1
    outer loop
      vertex 107.667 0.50559 3
      vertex 105.461 2.98706 3
      vertex 107.148 0.228361 3
    endloop
  endfacet
  facet normal 0 0 1
    outer loop
      vertex 107.148 0.228361 3
      vertex 105.461 2.98706 3
      vertex 106.585 0.0576439 3
    endloop
  endfacet
  facet normal 0 0 1
    outer loop
      vertex 106.585 0.0576439 3
      vertex 105.461 2.98706 3
      vertex 106 0 3
    endloop
  endfacet
  facet normal -0 0 1
    outer loop
      vertex 105.115 2.80224 3
      vertex 106 0 3
      vertex 105.461 2.98706 3
    endloop
  endfacet
  facet normal -0 0 1
    outer loop
      vertex 104.941 2.7492 3
      vertex 106 0 3
      vertex 105.115 2.80224 3
    endloop
  endfacet
  facet normal 0 0 1
    outer loop
      vertex 106.16 3.88883 3
      vertex 104.413 5.05553 3
      vertex 105.687 3.31299 3
    endloop
  endfacet
  facet normal -0 0 1
    outer loop
      vertex 104.202 4.79792 3
      vertex 105.687 3.31299 3
      vertex 104.413 5.05553 3
    endloop
  endfacet
  facet normal 0 0 1
    outer loop
      vertex 105.687 3.31299 3
      vertex 104.202 4.79792 3
      vertex 105.111 2.84042 3
    endloop
  endfacet
  facet normal -0 0 1
    outer loop
      vertex 103.944 4.5865 3
      vertex 105.111 2.84042 3
      vertex 104.202 4.79792 3
    endloop
  endfacet
  facet normal 0 0 1
    outer loop
      vertex 105.111 2.84042 3
      vertex 103.944 4.5865 3
      vertex 104.941 2.7492 3
    endloop
  endfacet
  facet normal -0 0 1
    outer loop
      vertex 103.651 4.4294 3
      vertex 104.941 2.7492 3
      vertex 103.944 4.5865 3
    endloop
  endfacet
  facet normal -0 0 1
    outer loop
      vertex 103.332 4.33266 3
      vertex 104.941 2.7492 3
      vertex 103.651 4.4294 3
    endloop
  endfacet
  facet normal -0 0 1
    outer loop
      vertex 103 4.3 3
      vertex 104.941 2.7492 3
      vertex 103.332 4.33266 3
    endloop
  endfacet
  facet normal 0 0 1
    outer loop
      vertex 104.941 2.7492 3
      vertex 103 4.3 3
      vertex 101.245 2.65 3
    endloop
  endfacet
  facet normal 0 0 1
    outer loop
      vertex 101.245 2.65 3
      vertex 103 4.3 3
      vertex 102.668 4.33266 3
    endloop
  endfacet
  facet normal 0 0 1
    outer loop
      vertex 101.245 2.65 3
      vertex 102.668 4.33266 3
      vertex 102.349 4.4294 3
    endloop
  endfacet
  facet normal 0 0 1
    outer loop
      vertex 101.245 2.65 3
      vertex 102.349 4.4294 3
      vertex 102.056 4.5865 3
    endloop
  endfacet
  facet normal 0 0 1
    outer loop
      vertex 101.245 2.65 3
      vertex 102.056 4.5865 3
      vertex 101.798 4.79792 3
    endloop
  endfacet
  facet normal 0 0 1
    outer loop
      vertex 101.587 6.94447 3
      vertex 99.264 6.65 3
      vertex 101.429 6.65056 3
    endloop
  endfacet
  facet normal 0 0 1
    outer loop
      vertex 101.245 2.65 3
      vertex 101.333 5.66835 3
      vertex 101.3 6 3
    endloop
  endfacet
  facet normal 0 0 1
    outer loop
      vertex 101.245 2.65 3
      vertex 101.429 5.34944 3
      vertex 101.333 5.66835 3
    endloop
  endfacet
  facet normal 0 0 1
    outer loop
      vertex 101.245 2.65 3
      vertex 101.587 5.05553 3
      vertex 101.429 5.34944 3
    endloop
  endfacet
  facet normal 0 0 1
    outer loop
      vertex 101.245 2.65 3
      vertex 101.798 4.79792 3
      vertex 101.587 5.05553 3
    endloop
  endfacet
  facet normal 0 0 1
    outer loop
      vertex 104.941 2.7492 3
      vertex 101.245 2.65 3
      vertex 106 0 3
    endloop
  endfacet
  facet normal -0 0 1
    outer loop
      vertex 7.75492 2.65 3
      vertex 106 0 3
      vertex 101.245 2.65 3
    endloop
  endfacet
  facet normal -0 0 1
    outer loop
      vertex 7.57059 5.34944 3
      vertex 9.51074 4.5458 3
      vertex 7.66733 5.66835 3
    endloop
  endfacet
  facet normal -0 0 1
    outer loop
      vertex 7.4135 5.05553 3
      vertex 9.15958 3.88883 3
      vertex 7.57059 5.34944 3
    endloop
  endfacet
  facet normal 0 0 1
    outer loop
      vertex 9.15958 3.88883 3
      vertex 7.4135 5.05553 3
      vertex 8.68701 3.31299 3
    endloop
  endfacet
  facet normal -0 0 1
    outer loop
      vertex 7.20208 4.79792 3
      vertex 8.68701 3.31299 3
      vertex 7.4135 5.05553 3
    endloop
  endfacet
  facet normal 0 0 1
    outer loop
      vertex 8.68701 3.31299 3
      vertex 7.20208 4.79792 3
      vertex 8.11117 2.84042 3
    endloop
  endfacet
  facet normal -0 0 1
    outer loop
      vertex 6.94447 4.5865 3
      vertex 8.11117 2.84042 3
      vertex 7.20208 4.79792 3
    endloop
  endfacet
  facet normal 0 0 1
    outer loop
      vertex 8.11117 2.84042 3
      vertex 6.94447 4.5865 3
      vertex 7.75492 2.65 3
    endloop
  endfacet
  facet normal -0 0 1
    outer loop
      vertex 6.65056 4.4294 3
      vertex 7.75492 2.65 3
      vertex 6.94447 4.5865 3
    endloop
  endfacet
  facet normal -0 0 1
    outer loop
      vertex 6.33165 4.33266 3
      vertex 7.75492 2.65 3
      vertex 6.65056 4.4294 3
    endloop
  endfacet
  facet normal -0 0 1
    outer loop
      vertex 6 4.3 3
      vertex 7.75492 2.65 3
      vertex 6.33165 4.33266 3
    endloop
  endfacet
  facet normal 0 0 1
    outer loop
      vertex 4.05949 2.7492 3
      vertex 6 4.3 3
      vertex 5.66835 4.33266 3
    endloop
  endfacet
  facet normal 0 0 1
    outer loop
      vertex 4.05949 2.7492 3
      vertex 5.66835 4.33266 3
      vertex 5.34944 4.4294 3
    endloop
  endfacet
  facet normal 0 0 1
    outer loop
      vertex 4.05949 2.7492 3
      vertex 5.34944 4.4294 3
      vertex 5.05553 4.5865 3
    endloop
  endfacet
  facet normal 0 0 1
    outer loop
      vertex 4.05949 2.7492 3
      vertex 4.33266 5.66835 3
      vertex 4.3 6 3
    endloop
  endfacet
  facet normal 0 0 1
    outer loop
      vertex 4.05949 2.7492 3
      vertex 4.4294 5.34944 3
      vertex 4.33266 5.66835 3
    endloop
  endfacet
  facet normal 0 0 1
    outer loop
      vertex 4.05949 2.7492 3
      vertex 4.5865 5.05553 3
      vertex 4.4294 5.34944 3
    endloop
  endfacet
  facet normal 0 0 1
    outer loop
      vertex 4.05949 2.7492 3
      vertex 4.79792 4.79792 3
      vertex 4.5865 5.05553 3
    endloop
  endfacet
  facet normal 0 0 1
    outer loop
      vertex 4.05949 2.7492 3
      vertex 5.05553 4.5865 3
      vertex 4.79792 4.79792 3
    endloop
  endfacet
  facet normal 0 0 1
    outer loop
      vertex 6 4.3 3
      vertex 4.05949 2.7492 3
      vertex 7.75492 2.65 3
    endloop
  endfacet
  facet normal 0 0 1
    outer loop
      vertex 3 0 3
      vertex 7.75492 2.65 3
      vertex 4.05949 2.7492 3
    endloop
  endfacet
  facet normal 0 0 1
    outer loop
      vertex 7.75492 2.65 3
      vertex 3 0 3
      vertex 106 0 3
    endloop
  endfacet
  facet normal 0 0 1
    outer loop
      vertex 3.88463 2.80224 3
      vertex 3 0 3
      vertex 4.05949 2.7492 3
    endloop
  endfacet
  facet normal 0 0 1
    outer loop
      vertex 3.53886 2.98706 3
      vertex 3 0 3
      vertex 3.88463 2.80224 3
    endloop
  endfacet
  facet normal 0 0 1
    outer loop
      vertex 1.33329 0.50559 3
      vertex 3.53886 2.98706 3
      vertex 3.23579 3.23579 3
    endloop
  endfacet
  facet normal 0 0 1
    outer loop
      vertex 0.50559 1.33329 3
      vertex 3.23579 3.23579 3
      vertex 2.98706 3.53886 3
    endloop
  endfacet
  facet normal 0 0 1
    outer loop
      vertex 0 3 3
      vertex 2.98706 3.53886 3
      vertex 2.80224 3.88463 3
    endloop
  endfacet
  facet normal 0 0 1
    outer loop
      vertex 0 3 3
      vertex 2.80224 3.88463 3
      vertex 2.7492 4.05949 3
    endloop
  endfacet
  facet normal 0 0 1
    outer loop
      vertex 3.53886 2.98706 3
      vertex 2.41473 0.0576439 3
      vertex 3 0 3
    endloop
  endfacet
  facet normal 0 0 1
    outer loop
      vertex 0 3 3
      vertex 2.7492 4.05949 3
      vertex 2.65 7.75492 3
    endloop
  endfacet
  facet normal 0 0 1
    outer loop
      vertex 2.65 70.5451 3
      vertex 0 75.3 3
      vertex 2.65 7.75492 3
    endloop
  endfacet
  facet normal -0 0 1
    outer loop
      vertex 0.50559 76.9667 3
      vertex 3.23579 75.0642 3
      vertex 0.878679 77.4213 3
    endloop
  endfacet
  facet normal 0 0 1
    outer loop
      vertex 0 3 3
      vertex 2.65 7.75492 3
      vertex 0 75.3 3
    endloop
  endfacet
  facet normal 0 0 1
    outer loop
      vertex 3.23579 75.0642 3
      vertex 0.50559 76.9667 3
      vertex 2.98706 74.7611 3
    endloop
  endfacet
  facet normal 0 0 1
    outer loop
      vertex 2.98706 3.53886 3
      vertex 0 3 3
      vertex 0.0576439 2.41473 3
    endloop
  endfacet
  facet normal -0 0 1
    outer loop
      vertex 0.228361 76.4481 3
      vertex 2.98706 74.7611 3
      vertex 0.50559 76.9667 3
    endloop
  endfacet
  facet normal 0 0 1
    outer loop
      vertex 3.53886 2.98706 3
      vertex 1.85195 0.228361 3
      vertex 2.41473 0.0576439 3
    endloop
  endfacet
  facet normal -0 0 1
    outer loop
      vertex 0.0576439 75.8853 3
      vertex 2.98706 74.7611 3
      vertex 0.228361 76.4481 3
    endloop
  endfacet
  facet normal 0 0 1
    outer loop
      vertex 3.53886 2.98706 3
      vertex 1.33329 0.50559 3
      vertex 1.85195 0.228361 3
    endloop
  endfacet
  facet normal -0 0 1
    outer loop
      vertex 0 75.3 3
      vertex 2.98706 74.7611 3
      vertex 0.0576439 75.8853 3
    endloop
  endfacet
  facet normal 0 0 1
    outer loop
      vertex 3.23579 3.23579 3
      vertex 0.878679 0.878679 3
      vertex 1.33329 0.50559 3
    endloop
  endfacet
  facet normal 0 0 1
    outer loop
      vertex 2.98706 74.7611 3
      vertex 0 75.3 3
      vertex 2.80224 74.4154 3
    endloop
  endfacet
  facet normal 0 0 1
    outer loop
      vertex 3.23579 3.23579 3
      vertex 0.50559 1.33329 3
      vertex 0.878679 0.878679 3
    endloop
  endfacet
  facet normal 0 0 1
    outer loop
      vertex 2.98706 3.53886 3
      vertex 0.228361 1.85195 3
      vertex 0.50559 1.33329 3
    endloop
  endfacet
  facet normal 0 0 1
    outer loop
      vertex 2.98706 3.53886 3
      vertex 0.0576439 2.41473 3
      vertex 0.228361 1.85195 3
    endloop
  endfacet
  facet normal 0 0 1
    outer loop
      vertex 104.667 72.6317 3
      vertex 106.251 74.2405 3
      vertex 106.16 74.4112 3
    endloop
  endfacet
  facet normal 0 0 1
    outer loop
      vertex 106.251 74.2405 3
      vertex 104.7 72.3 3
      vertex 106.35 70.5451 3
    endloop
  endfacet
  facet normal 0 0 1
    outer loop
      vertex 104.667 72.6317 3
      vertex 106.16 74.4112 3
      vertex 105.687 74.987 3
    endloop
  endfacet
  facet normal -0 0 1
    outer loop
      vertex 104.667 71.9683 3
      vertex 106.35 70.5451 3
      vertex 104.7 72.3 3
    endloop
  endfacet
  facet normal 0 0 1
    outer loop
      vertex 104.667 72.6317 3
      vertex 105.687 74.987 3
      vertex 105.111 75.4596 3
    endloop
  endfacet
  facet normal -0 0 1
    outer loop
      vertex 104.571 71.6494 3
      vertex 106.35 70.5451 3
      vertex 104.667 71.9683 3
    endloop
  endfacet
  facet normal 0 0 1
    outer loop
      vertex 103.944 73.7135 3
      vertex 105.111 75.4596 3
      vertex 104.941 75.5508 3
    endloop
  endfacet
  facet normal -0 0 1
    outer loop
      vertex 104.413 71.3555 3
      vertex 106.35 70.5451 3
      vertex 104.571 71.6494 3
    endloop
  endfacet
  facet normal 0 0 1
    outer loop
      vertex 106.35 70.5451 3
      vertex 104.413 71.3555 3
      vertex 106.16 70.1888 3
    endloop
  endfacet
  facet normal 0 0 1
    outer loop
      vertex 106.16 70.1888 3
      vertex 104.413 71.3555 3
      vertex 105.687 69.613 3
    endloop
  endfacet
  facet normal -0 0 1
    outer loop
      vertex 104.202 71.0979 3
      vertex 105.687 69.613 3
      vertex 104.413 71.3555 3
    endloop
  endfacet
  facet normal 0 0 1
    outer loop
      vertex 105.687 69.613 3
      vertex 104.202 71.0979 3
      vertex 105.111 69.1404 3
    endloop
  endfacet
  facet normal -0 0 1
    outer loop
      vertex 103.944 70.8865 3
      vertex 105.111 69.1404 3
      vertex 104.202 71.0979 3
    endloop
  endfacet
  facet normal 0 0 1
    outer loop
      vertex 105.111 69.1404 3
      vertex 103.944 70.8865 3
      vertex 104.454 68.7893 3
    endloop
  endfacet
  facet normal -0 0 1
    outer loop
      vertex 103.651 70.7294 3
      vertex 104.454 68.7893 3
      vertex 103.944 70.8865 3
    endloop
  endfacet
  facet normal 0 0 1
    outer loop
      vertex 104.454 68.7893 3
      vertex 103.651 70.7294 3
      vertex 103.741 68.573 3
    endloop
  endfacet
  facet normal -0 0 1
    outer loop
      vertex 103.332 70.6327 3
      vertex 103.741 68.573 3
      vertex 103.651 70.7294 3
    endloop
  endfacet
  facet normal -0 0 1
    outer loop
      vertex 103 70.6 3
      vertex 103.741 68.573 3
      vertex 103.332 70.6327 3
    endloop
  endfacet
  facet normal 0 0 1
    outer loop
      vertex 103 70.6 3
      vertex 103 68.5 3
      vertex 103.741 68.573 3
    endloop
  endfacet
  facet normal 0 0 1
    outer loop
      vertex 102.35 68.564 3
      vertex 103 70.6 3
      vertex 102.668 70.6327 3
    endloop
  endfacet
  facet normal 0 0 1
    outer loop
      vertex 103 70.6 3
      vertex 102.35 68.564 3
      vertex 103 68.5 3
    endloop
  endfacet
  facet normal 0 0 1
    outer loop
      vertex 102.056 70.8865 3
      vertex 102.35 68.564 3
      vertex 102.349 70.7294 3
    endloop
  endfacet
  facet normal 0 0 1
    outer loop
      vertex 102.349 70.7294 3
      vertex 102.35 68.564 3
      vertex 102.668 70.6327 3
    endloop
  endfacet
  facet normal -0.47156 0.881834 0
    outer loop
      vertex 3.88463 75.4978 3
      vertex 3.53886 75.3129 4.2
      vertex 3.88463 75.4978 4.2
    endloop
  endfacet
  facet normal -0.47156 0.881834 0
    outer loop
      vertex 3.53886 75.3129 4.2
      vertex 3.88463 75.4978 3
      vertex 3.53886 75.3129 3
    endloop
  endfacet
  facet normal -0.881919 -0.471401 0
    outer loop
      vertex 2.98706 3.53886 3
      vertex 2.80224 3.88463 4.2
      vertex 2.80224 3.88463 3
    endloop
  endfacet
  facet normal -0.881919 -0.471401 0
    outer loop
      vertex 2.80224 3.88463 4.2
      vertex 2.98706 3.53886 3
      vertex 2.98706 3.53886 4.2
    endloop
  endfacet
  facet normal -0.290269 -0.956945 0
    outer loop
      vertex 3.88463 2.80224 3
      vertex 4.05949 2.7492 4.2
      vertex 3.88463 2.80224 4.2
    endloop
  endfacet
  facet normal -0.290269 -0.956945 -0
    outer loop
      vertex 4.05949 2.7492 4.2
      vertex 3.88463 2.80224 3
      vertex 4.05949 2.7492 3
    endloop
  endfacet
  facet normal -0.471401 -0.881919 0
    outer loop
      vertex 3.53886 2.98706 3
      vertex 3.88463 2.80224 4.2
      vertex 3.53886 2.98706 4.2
    endloop
  endfacet
  facet normal -0.471401 -0.881919 -0
    outer loop
      vertex 3.88463 2.80224 4.2
      vertex 3.53886 2.98706 3
      vertex 3.88463 2.80224 3
    endloop
  endfacet
  facet normal 0.634446 0.772968 -0
    outer loop
      vertex 105.764 75.0642 3
      vertex 105.461 75.3129 4.2
      vertex 105.764 75.0642 4.2
    endloop
  endfacet
  facet normal 0.634446 0.772968 0
    outer loop
      vertex 105.461 75.3129 4.2
      vertex 105.764 75.0642 3
      vertex 105.461 75.3129 3
    endloop
  endfacet
  facet normal -0.773002 -0.634404 0
    outer loop
      vertex 3.23579 3.23579 3
      vertex 2.98706 3.53886 4.2
      vertex 2.98706 3.53886 3
    endloop
  endfacet
  facet normal -0.773002 -0.634404 0
    outer loop
      vertex 2.98706 3.53886 4.2
      vertex 3.23579 3.23579 3
      vertex 3.23579 3.23579 4.2
    endloop
  endfacet
  facet normal -1 0 0
    outer loop
      vertex 102.35 9.73598 3
      vertex 102.35 68.564 4.2
      vertex 102.35 68.564 3
    endloop
  endfacet
  facet normal -1 -0 0
    outer loop
      vertex 102.35 68.564 4.2
      vertex 102.35 9.73598 3
      vertex 102.35 9.73598 4.2
    endloop
  endfacet
  facet normal 1 -0 0
    outer loop
      vertex 6.65 9.73598 4.2
      vertex 6.65 68.564 3
      vertex 6.65 68.564 4.2
    endloop
  endfacet
  facet normal 1 0 0
    outer loop
      vertex 6.65 68.564 3
      vertex 6.65 9.73598 4.2
      vertex 6.65 9.73598 3
    endloop
  endfacet
  facet normal 0 1 -0
    outer loop
      vertex 99.264 6.65 3
      vertex 9.73598 6.65 4.2
      vertex 99.264 6.65 4.2
    endloop
  endfacet
  facet normal 0 1 0
    outer loop
      vertex 9.73598 6.65 4.2
      vertex 99.264 6.65 3
      vertex 9.73598 6.65 3
    endloop
  endfacet
  facet normal 0 -1 0
    outer loop
      vertex 9.73598 71.65 3
      vertex 99.264 71.65 4.2
      vertex 9.73598 71.65 4.2
    endloop
  endfacet
  facet normal 0 -1 -0
    outer loop
      vertex 99.264 71.65 4.2
      vertex 9.73598 71.65 3
      vertex 99.264 71.65 3
    endloop
  endfacet
  facet normal 0.634902 -0.772592 0
    outer loop
      vertex 107.667 0.50559 0
      vertex 108.121 0.878679 3
      vertex 107.667 0.50559 3
    endloop
  endfacet
  facet normal 0.634902 -0.772592 0
    outer loop
      vertex 108.121 0.878679 3
      vertex 107.667 0.50559 0
      vertex 108.121 0.878679 0
    endloop
  endfacet
  facet normal 0.471117 0.882071 -0
    outer loop
      vertex 107.667 77.7944 0
      vertex 107.148 78.0716 3
      vertex 107.667 77.7944 3
    endloop
  endfacet
  facet normal 0.471117 0.882071 0
    outer loop
      vertex 107.148 78.0716 3
      vertex 107.667 77.7944 0
      vertex 107.148 78.0716 0
    endloop
  endfacet
  facet normal 0.290309 0.956933 -0
    outer loop
      vertex 107.148 78.0716 0
      vertex 106.585 78.2424 3
      vertex 107.148 78.0716 3
    endloop
  endfacet
  facet normal 0.290309 0.956933 0
    outer loop
      vertex 106.585 78.2424 3
      vertex 107.148 78.0716 0
      vertex 106.585 78.2424 0
    endloop
  endfacet
  facet normal 1 -0 0
    outer loop
      vertex 109 3 3
      vertex 109 75.3 0
      vertex 109 75.3 3
    endloop
  endfacet
  facet normal 1 0 0
    outer loop
      vertex 109 75.3 0
      vertex 109 3 3
      vertex 109 3 0
    endloop
  endfacet
  facet normal 0.634914 0.772583 -0
    outer loop
      vertex 108.121 77.4213 0
      vertex 107.667 77.7944 3
      vertex 108.121 77.4213 3
    endloop
  endfacet
  facet normal 0.634914 0.772583 0
    outer loop
      vertex 107.667 77.7944 3
      vertex 108.121 77.4213 0
      vertex 107.667 77.7944 0
    endloop
  endfacet
  facet normal 0.995126 -0.0986165 0
    outer loop
      vertex 108.942 2.41473 3
      vertex 109 3 0
      vertex 109 3 3
    endloop
  endfacet
  facet normal 0.995126 -0.0986165 0
    outer loop
      vertex 109 3 0
      vertex 108.942 2.41473 3
      vertex 108.942 2.41473 0
    endloop
  endfacet
  facet normal 0 -1 0
    outer loop
      vertex 3 0 0
      vertex 106 0 3
      vertex 3 0 3
    endloop
  endfacet
  facet normal 0 -1 -0
    outer loop
      vertex 106 0 3
      vertex 3 0 0
      vertex 106 0 0
    endloop
  endfacet
  facet normal -0.995185 -0.0980169 0
    outer loop
      vertex 0.0576439 2.41473 0
      vertex 0 3 3
      vertex 0 3 0
    endloop
  endfacet
  facet normal -0.995185 -0.0980169 0
    outer loop
      vertex 0 3 3
      vertex 0.0576439 2.41473 0
      vertex 0.0576439 2.41473 3
    endloop
  endfacet
  facet normal 0.471156 -0.88205 0
    outer loop
      vertex 107.148 0.228361 0
      vertex 107.667 0.50559 3
      vertex 107.148 0.228361 3
    endloop
  endfacet
  facet normal 0.471156 -0.88205 0
    outer loop
      vertex 107.667 0.50559 3
      vertex 107.148 0.228361 0
      vertex 107.667 0.50559 0
    endloop
  endfacet
  facet normal -0.95694 -0.290284 0
    outer loop
      vertex 0.228361 1.85195 0
      vertex 0.0576439 2.41473 3
      vertex 0.0576439 2.41473 0
    endloop
  endfacet
  facet normal -0.95694 -0.290284 0
    outer loop
      vertex 0.0576439 2.41473 3
      vertex 0.228361 1.85195 0
      vertex 0.228361 1.85195 3
    endloop
  endfacet
  facet normal 0 1 -0
    outer loop
      vertex 106 78.3 0
      vertex 3 78.3 3
      vertex 106 78.3 3
    endloop
  endfacet
  facet normal 0 1 0
    outer loop
      vertex 3 78.3 3
      vertex 106 78.3 0
      vertex 3 78.3 0
    endloop
  endfacet
  facet normal -0.881922 -0.471396 0
    outer loop
      vertex 0.50559 1.33329 0
      vertex 0.228361 1.85195 3
      vertex 0.228361 1.85195 0
    endloop
  endfacet
  facet normal -0.881922 -0.471396 0
    outer loop
      vertex 0.228361 1.85195 3
      vertex 0.50559 1.33329 0
      vertex 0.50559 1.33329 3
    endloop
  endfacet
  facet normal -0.471358 0.881942 0
    outer loop
      vertex 1.85195 78.0716 0
      vertex 1.33329 77.7944 3
      vertex 1.85195 78.0716 3
    endloop
  endfacet
  facet normal -0.471358 0.881942 0
    outer loop
      vertex 1.33329 77.7944 3
      vertex 1.85195 78.0716 0
      vertex 1.33329 77.7944 0
    endloop
  endfacet
  facet normal -0.471396 -0.881922 0
    outer loop
      vertex 1.33329 0.50559 0
      vertex 1.85195 0.228361 3
      vertex 1.33329 0.50559 3
    endloop
  endfacet
  facet normal -0.471396 -0.881922 -0
    outer loop
      vertex 1.85195 0.228361 3
      vertex 1.33329 0.50559 0
      vertex 1.85195 0.228361 0
    endloop
  endfacet
  facet normal -0.634393 -0.773011 0
    outer loop
      vertex 0.878679 0.878679 0
      vertex 1.33329 0.50559 3
      vertex 0.878679 0.878679 3
    endloop
  endfacet
  facet normal -0.634393 -0.773011 -0
    outer loop
      vertex 1.33329 0.50559 3
      vertex 0.878679 0.878679 0
      vertex 1.33329 0.50559 0
    endloop
  endfacet
  facet normal 0.881376 -0.472415 0
    outer loop
      vertex 108.494 1.33329 3
      vertex 108.772 1.85195 0
      vertex 108.772 1.85195 3
    endloop
  endfacet
  facet normal 0.881376 -0.472415 0
    outer loop
      vertex 108.772 1.85195 0
      vertex 108.494 1.33329 3
      vertex 108.494 1.33329 0
    endloop
  endfacet
  facet normal -1 0 0
    outer loop
      vertex 0 3 0
      vertex 0 75.3 3
      vertex 0 75.3 0
    endloop
  endfacet
  facet normal -1 -0 0
    outer loop
      vertex 0 75.3 3
      vertex 0 3 0
      vertex 0 3 3
    endloop
  endfacet
  facet normal -0.956943 0.290275 0
    outer loop
      vertex 0.0576439 75.8853 0
      vertex 0.228361 76.4481 3
      vertex 0.228361 76.4481 0
    endloop
  endfacet
  facet normal -0.956943 0.290275 0
    outer loop
      vertex 0.228361 76.4481 3
      vertex 0.0576439 75.8853 0
      vertex 0.0576439 75.8853 3
    endloop
  endfacet
  facet normal -0.290413 0.956901 0
    outer loop
      vertex 2.41473 78.2424 0
      vertex 1.85195 78.0716 3
      vertex 2.41473 78.2424 3
    endloop
  endfacet
  facet normal -0.290413 0.956901 0
    outer loop
      vertex 1.85195 78.0716 3
      vertex 2.41473 78.2424 0
      vertex 1.85195 78.0716 0
    endloop
  endfacet
  facet normal -0.773011 -0.634393 0
    outer loop
      vertex 0.878679 0.878679 0
      vertex 0.50559 1.33329 3
      vertex 0.50559 1.33329 0
    endloop
  endfacet
  facet normal -0.773011 -0.634393 0
    outer loop
      vertex 0.50559 1.33329 3
      vertex 0.878679 0.878679 0
      vertex 0.878679 0.878679 3
    endloop
  endfacet
  facet normal -0.290284 -0.95694 0
    outer loop
      vertex 1.85195 0.228361 0
      vertex 2.41473 0.0576439 3
      vertex 1.85195 0.228361 3
    endloop
  endfacet
  facet normal -0.290284 -0.95694 -0
    outer loop
      vertex 2.41473 0.0576439 3
      vertex 1.85195 0.228361 0
      vertex 2.41473 0.0576439 0
    endloop
  endfacet
  facet normal 0.29018 -0.956972 0
    outer loop
      vertex 106.585 0.0576439 0
      vertex 107.148 0.228361 3
      vertex 106.585 0.0576439 3
    endloop
  endfacet
  facet normal 0.29018 -0.956972 0
    outer loop
      vertex 107.148 0.228361 3
      vertex 106.585 0.0576439 0
      vertex 107.148 0.228361 0
    endloop
  endfacet
  facet normal 0.0979877 0.995188 -0
    outer loop
      vertex 106.585 78.2424 0
      vertex 106 78.3 3
      vertex 106.585 78.2424 3
    endloop
  endfacet
  facet normal 0.0979877 0.995188 0
    outer loop
      vertex 106 78.3 3
      vertex 106.585 78.2424 0
      vertex 106 78.3 0
    endloop
  endfacet
  facet normal 0.881354 0.472457 0
    outer loop
      vertex 108.772 76.4481 3
      vertex 108.494 76.9667 0
      vertex 108.494 76.9667 3
    endloop
  endfacet
  facet normal 0.881354 0.472457 0
    outer loop
      vertex 108.494 76.9667 0
      vertex 108.772 76.4481 3
      vertex 108.772 76.4481 0
    endloop
  endfacet
  facet normal 0.995126 0.0986115 0
    outer loop
      vertex 109 75.3 3
      vertex 108.942 75.8853 0
      vertex 108.942 75.8853 3
    endloop
  endfacet
  facet normal 0.995126 0.0986115 0
    outer loop
      vertex 108.942 75.8853 0
      vertex 109 75.3 3
      vertex 109 75.3 0
    endloop
  endfacet
  facet normal 0.773085 -0.634302 0
    outer loop
      vertex 108.121 0.878679 3
      vertex 108.494 1.33329 0
      vertex 108.494 1.33329 3
    endloop
  endfacet
  facet normal 0.773085 -0.634302 0
    outer loop
      vertex 108.494 1.33329 0
      vertex 108.121 0.878679 3
      vertex 108.121 0.878679 0
    endloop
  endfacet
  facet normal -0.995185 0.0980119 0
    outer loop
      vertex 0 75.3 0
      vertex 0.0576439 75.8853 3
      vertex 0.0576439 75.8853 0
    endloop
  endfacet
  facet normal -0.995185 0.0980119 0
    outer loop
      vertex 0.0576439 75.8853 3
      vertex 0 75.3 0
      vertex 0 75.3 3
    endloop
  endfacet
  facet normal -0.0980169 -0.995185 0
    outer loop
      vertex 2.41473 0.0576439 0
      vertex 3 0 3
      vertex 2.41473 0.0576439 3
    endloop
  endfacet
  facet normal -0.0980169 -0.995185 -0
    outer loop
      vertex 3 0 3
      vertex 2.41473 0.0576439 0
      vertex 3 0 0
    endloop
  endfacet
  facet normal 0.957279 -0.289167 0
    outer loop
      vertex 108.772 1.85195 3
      vertex 108.942 2.41473 0
      vertex 108.942 2.41473 3
    endloop
  endfacet
  facet normal 0.957279 -0.289167 0
    outer loop
      vertex 108.942 2.41473 0
      vertex 108.772 1.85195 3
      vertex 108.772 1.85195 0
    endloop
  endfacet
  facet normal -0.773003 0.634402 0
    outer loop
      vertex 0.50559 76.9667 0
      vertex 0.878679 77.4213 3
      vertex 0.878679 77.4213 0
    endloop
  endfacet
  facet normal -0.773003 0.634402 0
    outer loop
      vertex 0.878679 77.4213 3
      vertex 0.50559 76.9667 0
      vertex 0.50559 76.9667 3
    endloop
  endfacet
  facet normal -0.634404 0.773002 0
    outer loop
      vertex 1.33329 77.7944 0
      vertex 0.878679 77.4213 3
      vertex 1.33329 77.7944 3
    endloop
  endfacet
  facet normal -0.634404 0.773002 0
    outer loop
      vertex 0.878679 77.4213 3
      vertex 1.33329 77.7944 0
      vertex 0.878679 77.4213 0
    endloop
  endfacet
  facet normal 0 0 -1
    outer loop
      vertex 8.65465 7.77156 0
      vertex 39.25 16.8 0
      vertex 8.94872 7.2214 0
    endloop
  endfacet
  facet normal 0 0 -1
    outer loop
      vertex 35.6696 55.4111 0
      vertex 9.13052 71.6792 0
      vertex 9.19167 72.3 0
    endloop
  endfacet
  facet normal 0 0 -1
    outer loop
      vertex 8.65377 7.77319 0
      vertex 39.25 16.8 0
      vertex 8.65465 7.77156 0
    endloop
  endfacet
  facet normal 0 0 -1
    outer loop
      vertex 35.6696 55.4111 0
      vertex 9.13034 71.6773 0
      vertex 9.13052 71.6792 0
    endloop
  endfacet
  facet normal -0 0 -1
    outer loop
      vertex 39.25 16.8 0
      vertex 8.65377 7.77319 0
      vertex 39.274 17.0439 0
    endloop
  endfacet
  facet normal 0 0 -1
    outer loop
      vertex 35.6696 55.4111 0
      vertex 8.94925 71.0804 0
      vertex 9.13034 71.6773 0
    endloop
  endfacet
  facet normal 0 0 -1
    outer loop
      vertex 8.6526 7.77463 0
      vertex 39.274 17.0439 0
      vertex 8.65377 7.77319 0
    endloop
  endfacet
  facet normal 0 0 -1
    outer loop
      vertex 35.6696 55.4111 0
      vertex 8.94872 71.0786 0
      vertex 8.94925 71.0804 0
    endloop
  endfacet
  facet normal 0 0 -1
    outer loop
      vertex 35.6696 55.4111 0
      vertex 8.94784 71.077 0
      vertex 8.94872 71.0786 0
    endloop
  endfacet
  facet normal 0 0 -1
    outer loop
      vertex 8.25685 8.25685 0
      vertex 39.274 17.0439 0
      vertex 8.6526 7.77463 0
    endloop
  endfacet
  facet normal 0 0 -1
    outer loop
      vertex 7.77463 8.6526 0
      vertex 39.274 17.0439 0
      vertex 8.25685 8.25685 0
    endloop
  endfacet
  facet normal 0 0 -1
    outer loop
      vertex 35.6696 55.4111 0
      vertex 8.65377 70.5268 0
      vertex 8.94784 71.077 0
    endloop
  endfacet
  facet normal 0 0 -1
    outer loop
      vertex 7.77319 8.65377 0
      vertex 39.274 17.0439 0
      vertex 7.77463 8.6526 0
    endloop
  endfacet
  facet normal 0 0 -1
    outer loop
      vertex 35.6696 55.4111 0
      vertex 8.6526 70.5254 0
      vertex 8.65377 70.5268 0
    endloop
  endfacet
  facet normal 0 0 -1
    outer loop
      vertex 7.77156 8.65465 0
      vertex 39.274 17.0439 0
      vertex 7.77319 8.65377 0
    endloop
  endfacet
  facet normal 0 0 -1
    outer loop
      vertex 35.6696 55.4111 0
      vertex 8.25685 70.0432 0
      vertex 8.6526 70.5254 0
    endloop
  endfacet
  facet normal 0 0 -1
    outer loop
      vertex 7.2214 8.94872 0
      vertex 39.274 17.0439 0
      vertex 7.77156 8.65465 0
    endloop
  endfacet
  facet normal 0 0 -1
    outer loop
      vertex 35.6696 55.4111 0
      vertex 7.77463 69.6474 0
      vertex 8.25685 70.0432 0
    endloop
  endfacet
  facet normal -0 0 -1
    outer loop
      vertex 39.274 17.0439 0
      vertex 7.2214 8.94872 0
      vertex 35.8686 55.1686 0
    endloop
  endfacet
  facet normal 0 0 -1
    outer loop
      vertex 35.6696 55.4111 0
      vertex 7.77319 69.6462 0
      vertex 7.77463 69.6474 0
    endloop
  endfacet
  facet normal 0 0 -1
    outer loop
      vertex 6.62443 9.1298 0
      vertex 35.8686 55.1686 0
      vertex 7.2214 8.94872 0
    endloop
  endfacet
  facet normal 0 0 -1
    outer loop
      vertex 35.6696 55.4111 0
      vertex 7.77156 69.6454 0
      vertex 7.77319 69.6462 0
    endloop
  endfacet
  facet normal 0 0 -1
    outer loop
      vertex 6.62266 9.13034 0
      vertex 35.8686 55.1686 0
      vertex 6.62443 9.1298 0
    endloop
  endfacet
  facet normal 0 0 -1
    outer loop
      vertex 35.6696 55.4111 0
      vertex 7.2214 69.3513 0
      vertex 7.77156 69.6454 0
    endloop
  endfacet
  facet normal -0 0 -1
    outer loop
      vertex 35.8686 55.1686 0
      vertex 6.62266 9.13034 0
      vertex 35.6696 55.4111 0
    endloop
  endfacet
  facet normal 0 0 -1
    outer loop
      vertex 35.6696 55.4111 0
      vertex 6.62443 69.1702 0
      vertex 7.2214 69.3513 0
    endloop
  endfacet
  facet normal 0 0 -1
    outer loop
      vertex 6.62266 69.1697 0
      vertex 35.6696 55.4111 0
      vertex 6.62266 9.13034 0
    endloop
  endfacet
  facet normal 0 0 -1
    outer loop
      vertex 35.6696 55.4111 0
      vertex 6.62266 69.1697 0
      vertex 6.62443 69.1702 0
    endloop
  endfacet
  facet normal 0 0 -1
    outer loop
      vertex 6.62082 9.13052 0
      vertex 6.62266 69.1697 0
      vertex 6.62266 9.13034 0
    endloop
  endfacet
  facet normal 0 0 -1
    outer loop
      vertex 6.62082 9.13052 0
      vertex 6.62082 69.1695 0
      vertex 6.62266 69.1697 0
    endloop
  endfacet
  facet normal 0 0 -1
    outer loop
      vertex 6 9.19167 0
      vertex 6.62082 69.1695 0
      vertex 6.62082 9.13052 0
    endloop
  endfacet
  facet normal 0 0 -1
    outer loop
      vertex 6 9.19167 0
      vertex 6 69.1083 0
      vertex 6.62082 69.1695 0
    endloop
  endfacet
  facet normal 0 0 -1
    outer loop
      vertex 5.37918 9.13052 0
      vertex 6 69.1083 0
      vertex 6 9.19167 0
    endloop
  endfacet
  facet normal 0 0 -1
    outer loop
      vertex 5.37918 9.13052 0
      vertex 5.37918 69.1695 0
      vertex 6 69.1083 0
    endloop
  endfacet
  facet normal 0 0 -1
    outer loop
      vertex 5.37734 9.13034 0
      vertex 5.37918 69.1695 0
      vertex 5.37918 9.13052 0
    endloop
  endfacet
  facet normal 0 0 -1
    outer loop
      vertex 5.37734 9.13034 0
      vertex 5.37734 69.1697 0
      vertex 5.37918 69.1695 0
    endloop
  endfacet
  facet normal 0 0 -1
    outer loop
      vertex 5.37556 9.1298 0
      vertex 5.37734 69.1697 0
      vertex 5.37734 9.13034 0
    endloop
  endfacet
  facet normal 0 0 -1
    outer loop
      vertex 5.37556 9.1298 0
      vertex 5.37556 69.1702 0
      vertex 5.37734 69.1697 0
    endloop
  endfacet
  facet normal 0 0 -1
    outer loop
      vertex 4.7786 8.94872 0
      vertex 5.37556 69.1702 0
      vertex 5.37556 9.1298 0
    endloop
  endfacet
  facet normal 0 0 -1
    outer loop
      vertex 4.7786 8.94872 0
      vertex 4.7786 69.3513 0
      vertex 5.37556 69.1702 0
    endloop
  endfacet
  facet normal 0 0 -1
    outer loop
      vertex 4.22844 8.65465 0
      vertex 4.7786 69.3513 0
      vertex 4.7786 8.94872 0
    endloop
  endfacet
  facet normal 0 0 -1
    outer loop
      vertex 4.22844 8.65465 0
      vertex 4.22844 69.6454 0
      vertex 4.7786 69.3513 0
    endloop
  endfacet
  facet normal 0 0 -1
    outer loop
      vertex 4.2268 8.65377 0
      vertex 4.22844 69.6454 0
      vertex 4.22844 8.65465 0
    endloop
  endfacet
  facet normal 0 0 -1
    outer loop
      vertex 4.2268 8.65377 0
      vertex 4.2268 69.6462 0
      vertex 4.22844 69.6454 0
    endloop
  endfacet
  facet normal 0 0 -1
    outer loop
      vertex 4.22537 8.6526 0
      vertex 4.2268 69.6462 0
      vertex 4.2268 8.65377 0
    endloop
  endfacet
  facet normal 0 0 -1
    outer loop
      vertex 4.22537 8.6526 0
      vertex 4.22537 69.6474 0
      vertex 4.2268 69.6462 0
    endloop
  endfacet
  facet normal 0 0 -1
    outer loop
      vertex 3.74315 8.25685 0
      vertex 4.22537 69.6474 0
      vertex 4.22537 8.6526 0
    endloop
  endfacet
  facet normal 0 0 -1
    outer loop
      vertex 3.74315 8.25685 0
      vertex 3.74315 70.0432 0
      vertex 4.22537 69.6474 0
    endloop
  endfacet
  facet normal 0 0 -1
    outer loop
      vertex 3.3474 7.77463 0
      vertex 3.74315 70.0432 0
      vertex 3.74315 8.25685 0
    endloop
  endfacet
  facet normal 0 0 -1
    outer loop
      vertex 3.3474 7.77463 0
      vertex 3.3474 70.5254 0
      vertex 3.74315 70.0432 0
    endloop
  endfacet
  facet normal 0 0 -1
    outer loop
      vertex 3.34622 7.77319 0
      vertex 3.3474 70.5254 0
      vertex 3.3474 7.77463 0
    endloop
  endfacet
  facet normal 0 0 -1
    outer loop
      vertex 3.34622 7.77319 0
      vertex 3.34622 70.5268 0
      vertex 3.3474 70.5254 0
    endloop
  endfacet
  facet normal 0 0 -1
    outer loop
      vertex 0 3 0
      vertex 3.34622 7.77319 0
      vertex 3.34535 7.77156 0
    endloop
  endfacet
  facet normal -0 0 -1
    outer loop
      vertex 3.34622 7.77319 0
      vertex 0 3 0
      vertex 3.34622 70.5268 0
    endloop
  endfacet
  facet normal 0 0 -1
    outer loop
      vertex 0 3 0
      vertex 3.34535 7.77156 0
      vertex 3.05128 7.2214 0
    endloop
  endfacet
  facet normal 0 0 -1
    outer loop
      vertex 0 75.3 0
      vertex 3.34622 70.5268 0
      vertex 0 3 0
    endloop
  endfacet
  facet normal 0 0 -1
    outer loop
      vertex 3.34622 70.5268 0
      vertex 0 75.3 0
      vertex 3.05216 71.077 0
    endloop
  endfacet
  facet normal 0 0 -1
    outer loop
      vertex 0 3 0
      vertex 3.05128 7.2214 0
      vertex 2.8702 6.62443 0
    endloop
  endfacet
  facet normal 0 0 -1
    outer loop
      vertex 0 3 0
      vertex 2.8702 6.62443 0
      vertex 2.86966 6.62266 0
    endloop
  endfacet
  facet normal 0 0 -1
    outer loop
      vertex 3.05216 71.077 0
      vertex 0 75.3 0
      vertex 3.05128 71.0786 0
    endloop
  endfacet
  facet normal 0 0 -1
    outer loop
      vertex 0 3 0
      vertex 2.86966 6.62266 0
      vertex 2.86948 6.62082 0
    endloop
  endfacet
  facet normal 0 0 -1
    outer loop
      vertex 3.05128 71.0786 0
      vertex 0 75.3 0
      vertex 3.05075 71.0804 0
    endloop
  endfacet
  facet normal 0 0 -1
    outer loop
      vertex 0 3 0
      vertex 2.86948 6.62082 0
      vertex 2.80833 6 0
    endloop
  endfacet
  facet normal 0 0 -1
    outer loop
      vertex 3.05075 71.0804 0
      vertex 0 75.3 0
      vertex 2.86966 71.6773 0
    endloop
  endfacet
  facet normal 0 0 -1
    outer loop
      vertex 84.6314 25.9014 0
      vertex 83.726 28.9561 0
      vertex 83.75 29.2 0
    endloop
  endfacet
  facet normal 0 0 -1
    outer loop
      vertex 84.1123 26.2482 0
      vertex 83.6548 28.7216 0
      vertex 83.726 28.9561 0
    endloop
  endfacet
  facet normal 0 0 -1
    outer loop
      vertex 84.1123 26.2482 0
      vertex 83.5393 28.5055 0
      vertex 83.6548 28.7216 0
    endloop
  endfacet
  facet normal 0 0 -1
    outer loop
      vertex 83.1945 28.1607 0
      vertex 83.8121 26.3393 0
      vertex 83.5 26.37 0
    endloop
  endfacet
  facet normal 0 0 -1
    outer loop
      vertex 84.1123 26.2482 0
      vertex 83.3839 28.3161 0
      vertex 83.5393 28.5055 0
    endloop
  endfacet
  facet normal 0 0 -1
    outer loop
      vertex 83.8121 26.3393 0
      vertex 83.1945 28.1607 0
      vertex 83.3839 28.3161 0
    endloop
  endfacet
  facet normal 0 0 -1
    outer loop
      vertex 82.9784 28.0452 0
      vertex 83.5 26.37 0
      vertex 83.1879 26.3393 0
    endloop
  endfacet
  facet normal 0 0 -1
    outer loop
      vertex 83.5 26.37 0
      vertex 82.9784 28.0452 0
      vertex 83.1945 28.1607 0
    endloop
  endfacet
  facet normal 0 0 -1
    outer loop
      vertex 82.7439 27.974 0
      vertex 83.1879 26.3393 0
      vertex 82.8877 26.2482 0
    endloop
  endfacet
  facet normal 0 0 -1
    outer loop
      vertex 83.1879 26.3393 0
      vertex 82.7439 27.974 0
      vertex 82.9784 28.0452 0
    endloop
  endfacet
  facet normal 0 0 -1
    outer loop
      vertex 82.5 27.95 0
      vertex 82.8877 26.2482 0
      vertex 82.6111 26.1004 0
    endloop
  endfacet
  facet normal 0 0 -1
    outer loop
      vertex 82.8877 26.2482 0
      vertex 82.5 27.95 0
      vertex 82.7439 27.974 0
    endloop
  endfacet
  facet normal 0 0 -1
    outer loop
      vertex 82.0216 28.0452 0
      vertex 82.6111 26.1004 0
      vertex 82.3686 25.9014 0
    endloop
  endfacet
  facet normal 0 0 -1
    outer loop
      vertex 82.6111 26.1004 0
      vertex 82.2561 27.974 0
      vertex 82.5 27.95 0
    endloop
  endfacet
  facet normal 0 0 -1
    outer loop
      vertex 81.8055 28.1607 0
      vertex 82.3686 25.9014 0
      vertex 82.1696 25.6589 0
    endloop
  endfacet
  facet normal 0 0 -1
    outer loop
      vertex 81.6161 28.3161 0
      vertex 82.1696 25.6589 0
      vertex 82.0218 25.3823 0
    endloop
  endfacet
  facet normal 0 0 -1
    outer loop
      vertex 82.6111 26.1004 0
      vertex 82.0216 28.0452 0
      vertex 82.2561 27.974 0
    endloop
  endfacet
  facet normal 0 0 -1
    outer loop
      vertex 81.4607 28.5055 0
      vertex 82.0218 25.3823 0
      vertex 81.9307 25.0821 0
    endloop
  endfacet
  facet normal 0 0 -1
    outer loop
      vertex 81.3452 28.7216 0
      vertex 81.9307 25.0821 0
      vertex 81.9 24.77 0
    endloop
  endfacet
  facet normal 0 0 -1
    outer loop
      vertex 82.3686 25.9014 0
      vertex 81.8055 28.1607 0
      vertex 82.0216 28.0452 0
    endloop
  endfacet
  facet normal 0 0 -1
    outer loop
      vertex 106.13 6.62443 0
      vertex 109 3 0
      vertex 106.13 6.62266 0
    endloop
  endfacet
  facet normal 0 0 -1
    outer loop
      vertex 109 75.3 0
      vertex 106.131 71.6792 0
      vertex 106.192 72.3 0
    endloop
  endfacet
  facet normal 0 0 -1
    outer loop
      vertex 105.949 7.2214 0
      vertex 109 3 0
      vertex 106.13 6.62443 0
    endloop
  endfacet
  facet normal 0 0 -1
    outer loop
      vertex 109 75.3 0
      vertex 106.13 71.6773 0
      vertex 106.131 71.6792 0
    endloop
  endfacet
  facet normal 0 0 -1
    outer loop
      vertex 105.655 7.77156 0
      vertex 109 3 0
      vertex 105.949 7.2214 0
    endloop
  endfacet
  facet normal 0 0 -1
    outer loop
      vertex 109 75.3 0
      vertex 105.949 71.0804 0
      vertex 106.13 71.6773 0
    endloop
  endfacet
  facet normal 0 0 -1
    outer loop
      vertex 105.654 7.77319 0
      vertex 109 3 0
      vertex 105.655 7.77156 0
    endloop
  endfacet
  facet normal 0 0 -1
    outer loop
      vertex 109 75.3 0
      vertex 105.949 71.0786 0
      vertex 105.949 71.0804 0
    endloop
  endfacet
  facet normal 0 0 -1
    outer loop
      vertex 109 75.3 0
      vertex 105.948 71.077 0
      vertex 105.949 71.0786 0
    endloop
  endfacet
  facet normal 0 0 -1
    outer loop
      vertex 109 3 0
      vertex 105.654 7.77319 0
      vertex 109 75.3 0
    endloop
  endfacet
  facet normal 0 0 -1
    outer loop
      vertex 105.654 70.5268 0
      vertex 109 75.3 0
      vertex 105.654 7.77319 0
    endloop
  endfacet
  facet normal 0 0 -1
    outer loop
      vertex 109 75.3 0
      vertex 105.654 70.5268 0
      vertex 105.948 71.077 0
    endloop
  endfacet
  facet normal 0 0 -1
    outer loop
      vertex 105.653 7.77463 0
      vertex 105.654 70.5268 0
      vertex 105.654 7.77319 0
    endloop
  endfacet
  facet normal 0 0 -1
    outer loop
      vertex 105.653 7.77463 0
      vertex 105.653 70.5254 0
      vertex 105.654 70.5268 0
    endloop
  endfacet
  facet normal 0 0 -1
    outer loop
      vertex 105.257 8.25685 0
      vertex 105.653 70.5254 0
      vertex 105.653 7.77463 0
    endloop
  endfacet
  facet normal 0 0 -1
    outer loop
      vertex 105.257 8.25685 0
      vertex 105.257 70.0432 0
      vertex 105.653 70.5254 0
    endloop
  endfacet
  facet normal 0 0 -1
    outer loop
      vertex 104.775 8.6526 0
      vertex 105.257 70.0432 0
      vertex 105.257 8.25685 0
    endloop
  endfacet
  facet normal 0 0 -1
    outer loop
      vertex 104.775 8.6526 0
      vertex 104.775 69.6474 0
      vertex 105.257 70.0432 0
    endloop
  endfacet
  facet normal 0 0 -1
    outer loop
      vertex 104.773 8.65377 0
      vertex 104.775 69.6474 0
      vertex 104.775 8.6526 0
    endloop
  endfacet
  facet normal 0 0 -1
    outer loop
      vertex 104.773 8.65377 0
      vertex 104.773 69.6462 0
      vertex 104.775 69.6474 0
    endloop
  endfacet
  facet normal 0 0 -1
    outer loop
      vertex 104.772 8.65465 0
      vertex 104.773 69.6462 0
      vertex 104.773 8.65377 0
    endloop
  endfacet
  facet normal 0 0 -1
    outer loop
      vertex 104.772 8.65465 0
      vertex 104.772 69.6454 0
      vertex 104.773 69.6462 0
    endloop
  endfacet
  facet normal 0 0 -1
    outer loop
      vertex 104.221 8.94872 0
      vertex 104.772 69.6454 0
      vertex 104.772 8.65465 0
    endloop
  endfacet
  facet normal 0 0 -1
    outer loop
      vertex 104.221 8.94872 0
      vertex 104.221 69.3513 0
      vertex 104.772 69.6454 0
    endloop
  endfacet
  facet normal 0 0 -1
    outer loop
      vertex 83.726 29.4439 0
      vertex 104.221 8.94872 0
      vertex 103.624 9.1298 0
    endloop
  endfacet
  facet normal 0 0 -1
    outer loop
      vertex 104.221 8.94872 0
      vertex 83.6548 29.6784 0
      vertex 104.221 69.3513 0
    endloop
  endfacet
  facet normal 0 0 -1
    outer loop
      vertex 83.726 29.4439 0
      vertex 103.624 9.1298 0
      vertex 103.623 9.13034 0
    endloop
  endfacet
  facet normal 0 0 -1
    outer loop
      vertex 104.221 69.3513 0
      vertex 83.6548 29.6784 0
      vertex 103.624 69.1702 0
    endloop
  endfacet
  facet normal 0 0 -1
    outer loop
      vertex 85.0693 25.0821 0
      vertex 103.623 9.13034 0
      vertex 103.621 9.13052 0
    endloop
  endfacet
  facet normal 0 0 -1
    outer loop
      vertex 103.624 69.1702 0
      vertex 83.6548 29.6784 0
      vertex 103.623 69.1697 0
    endloop
  endfacet
  facet normal 0 0 -1
    outer loop
      vertex 85.0693 25.0821 0
      vertex 103.621 9.13052 0
      vertex 103 9.19167 0
    endloop
  endfacet
  facet normal 0 0 -1
    outer loop
      vertex 104.221 8.94872 0
      vertex 83.726 29.4439 0
      vertex 83.6548 29.6784 0
    endloop
  endfacet
  facet normal 0 0 -1
    outer loop
      vertex 85.1 24.77 0
      vertex 103 9.19167 0
      vertex 102.379 9.13052 0
    endloop
  endfacet
  facet normal 0 0 -1
    outer loop
      vertex 83.5393 29.8945 0
      vertex 103.623 69.1697 0
      vertex 83.6548 29.6784 0
    endloop
  endfacet
  facet normal 0 0 -1
    outer loop
      vertex 85.1 24.77 0
      vertex 102.379 9.13052 0
      vertex 102.377 9.13034 0
    endloop
  endfacet
  facet normal 0 0 -1
    outer loop
      vertex 103.623 69.1697 0
      vertex 83.5393 29.8945 0
      vertex 103.621 69.1695 0
    endloop
  endfacet
  facet normal 0 0 -1
    outer loop
      vertex 85.0693 24.4579 0
      vertex 102.377 9.13034 0
      vertex 102.376 9.1298 0
    endloop
  endfacet
  facet normal 0 0 -1
    outer loop
      vertex 103.621 69.1695 0
      vertex 83.5393 29.8945 0
      vertex 103 69.1083 0
    endloop
  endfacet
  facet normal 0 0 -1
    outer loop
      vertex 85.0693 24.4579 0
      vertex 102.376 9.1298 0
      vertex 101.779 8.94872 0
    endloop
  endfacet
  facet normal 0 0 -1
    outer loop
      vertex 83.3839 30.0839 0
      vertex 103 69.1083 0
      vertex 83.5393 29.8945 0
    endloop
  endfacet
  facet normal 0 0 -1
    outer loop
      vertex 84.9782 24.1577 0
      vertex 101.779 8.94872 0
      vertex 101.228 8.65465 0
    endloop
  endfacet
  facet normal -0 0 -1
    outer loop
      vertex 103 69.1083 0
      vertex 83.3839 30.0839 0
      vertex 102.379 69.1695 0
    endloop
  endfacet
  facet normal 0 0 -1
    outer loop
      vertex 84.9782 24.1577 0
      vertex 101.228 8.65465 0
      vertex 101.227 8.65377 0
    endloop
  endfacet
  facet normal -0 0 -1
    outer loop
      vertex 102.379 69.1695 0
      vertex 83.3839 30.0839 0
      vertex 102.377 69.1697 0
    endloop
  endfacet
  facet normal 0 0 -1
    outer loop
      vertex 84.8304 23.8811 0
      vertex 101.227 8.65377 0
      vertex 101.225 8.6526 0
    endloop
  endfacet
  facet normal 0 0 -1
    outer loop
      vertex 83.1945 30.2393 0
      vertex 102.377 69.1697 0
      vertex 83.3839 30.0839 0
    endloop
  endfacet
  facet normal 0 0 -1
    outer loop
      vertex 84.8304 23.8811 0
      vertex 101.225 8.6526 0
      vertex 100.743 8.25685 0
    endloop
  endfacet
  facet normal -0 0 -1
    outer loop
      vertex 102.377 69.1697 0
      vertex 83.1945 30.2393 0
      vertex 102.376 69.1702 0
    endloop
  endfacet
  facet normal 0 0 -1
    outer loop
      vertex 84.6314 23.6386 0
      vertex 100.743 8.25685 0
      vertex 100.347 7.77463 0
    endloop
  endfacet
  facet normal -0 0 -1
    outer loop
      vertex 102.376 69.1702 0
      vertex 83.1945 30.2393 0
      vertex 101.779 69.3513 0
    endloop
  endfacet
  facet normal 0 0 -1
    outer loop
      vertex 84.6314 23.6386 0
      vertex 100.347 7.77463 0
      vertex 100.346 7.77319 0
    endloop
  endfacet
  facet normal 0 0 -1
    outer loop
      vertex 82.9784 30.3548 0
      vertex 101.779 69.3513 0
      vertex 83.1945 30.2393 0
    endloop
  endfacet
  facet normal 0 0 -1
    outer loop
      vertex 84.3889 23.4396 0
      vertex 100.346 7.77319 0
      vertex 100.345 7.77156 0
    endloop
  endfacet
  facet normal -0 0 -1
    outer loop
      vertex 101.779 69.3513 0
      vertex 82.9784 30.3548 0
      vertex 101.228 69.6454 0
    endloop
  endfacet
  facet normal 0 0 -1
    outer loop
      vertex 84.3889 23.4396 0
      vertex 100.345 7.77156 0
      vertex 100.051 7.2214 0
    endloop
  endfacet
  facet normal -0 0 -1
    outer loop
      vertex 101.228 69.6454 0
      vertex 82.9784 30.3548 0
      vertex 101.227 69.6462 0
    endloop
  endfacet
  facet normal 0 0 -1
    outer loop
      vertex 69.5 59.8 0
      vertex 101.227 69.6462 0
      vertex 82.9784 30.3548 0
    endloop
  endfacet
  facet normal 0 0 -1
    outer loop
      vertex 83.8121 23.2007 0
      vertex 100.051 7.2214 0
      vertex 99.8702 6.62443 0
    endloop
  endfacet
  facet normal 0 0 -1
    outer loop
      vertex 83.8121 23.2007 0
      vertex 99.8702 6.62443 0
      vertex 99.8697 6.62266 0
    endloop
  endfacet
  facet normal 0 0 -1
    outer loop
      vertex 103.623 9.13034 0
      vertex 84.9782 25.3823 0
      vertex 83.726 29.4439 0
    endloop
  endfacet
  facet normal 0 0 -1
    outer loop
      vertex 83.5 23.17 0
      vertex 99.8697 6.62266 0
      vertex 99.8695 6.62082 0
    endloop
  endfacet
  facet normal -0 0 -1
    outer loop
      vertex 101.227 69.6462 0
      vertex 69.5 59.8 0
      vertex 101.225 69.6474 0
    endloop
  endfacet
  facet normal 0 0 -1
    outer loop
      vertex 83.5 23.17 0
      vertex 99.8695 6.62082 0
      vertex 99.8083 6 0
    endloop
  endfacet
  facet normal -0 0 -1
    outer loop
      vertex 101.225 69.6474 0
      vertex 69.5 59.8 0
      vertex 100.743 70.0432 0
    endloop
  endfacet
  facet normal 0 0 -1
    outer loop
      vertex 105.653 4.22537 0
      vertex 109 3 0
      vertex 108.942 2.41473 0
    endloop
  endfacet
  facet normal 0 0 -1
    outer loop
      vertex 106.131 6.62082 0
      vertex 109 3 0
      vertex 106.192 6 0
    endloop
  endfacet
  facet normal 0 0 -1
    outer loop
      vertex 105.257 3.74315 0
      vertex 108.942 2.41473 0
      vertex 108.772 1.85195 0
    endloop
  endfacet
  facet normal 0 0 -1
    outer loop
      vertex 106.13 6.62266 0
      vertex 109 3 0
      vertex 106.131 6.62082 0
    endloop
  endfacet
  facet normal 0 0 -1
    outer loop
      vertex 105.257 3.74315 0
      vertex 108.772 1.85195 0
      vertex 108.494 1.33329 0
    endloop
  endfacet
  facet normal 0 0 -1
    outer loop
      vertex 106.131 72.9208 0
      vertex 109 75.3 0
      vertex 106.192 72.3 0
    endloop
  endfacet
  facet normal 0 0 -1
    outer loop
      vertex 105.257 3.74315 0
      vertex 108.494 1.33329 0
      vertex 108.121 0.878679 0
    endloop
  endfacet
  facet normal 0 0 -1
    outer loop
      vertex 106.13 72.9227 0
      vertex 109 75.3 0
      vertex 106.131 72.9208 0
    endloop
  endfacet
  facet normal 0 0 -1
    outer loop
      vertex 105.257 3.74315 0
      vertex 108.121 0.878679 0
      vertex 107.667 0.50559 0
    endloop
  endfacet
  facet normal 0 0 -1
    outer loop
      vertex 106.13 72.9244 0
      vertex 109 75.3 0
      vertex 106.13 72.9227 0
    endloop
  endfacet
  facet normal 0 0 -1
    outer loop
      vertex 105.257 3.74315 0
      vertex 107.667 0.50559 0
      vertex 107.148 0.228361 0
    endloop
  endfacet
  facet normal 0 0 -1
    outer loop
      vertex 105.949 73.5214 0
      vertex 109 75.3 0
      vertex 106.13 72.9244 0
    endloop
  endfacet
  facet normal 0 0 -1
    outer loop
      vertex 105.257 3.74315 0
      vertex 107.148 0.228361 0
      vertex 106.585 0.0576439 0
    endloop
  endfacet
  facet normal 0 0 -1
    outer loop
      vertex 105.655 74.0716 0
      vertex 109 75.3 0
      vertex 105.949 73.5214 0
    endloop
  endfacet
  facet normal 0 0 -1
    outer loop
      vertex 105.654 74.0732 0
      vertex 109 75.3 0
      vertex 105.655 74.0716 0
    endloop
  endfacet
  facet normal 0 0 -1
    outer loop
      vertex 109 3 0
      vertex 106.131 5.37918 0
      vertex 106.192 6 0
    endloop
  endfacet
  facet normal 0 0 -1
    outer loop
      vertex 109 3 0
      vertex 106.13 5.37734 0
      vertex 106.131 5.37918 0
    endloop
  endfacet
  facet normal 0 0 -1
    outer loop
      vertex 109 3 0
      vertex 106.13 5.37556 0
      vertex 106.13 5.37734 0
    endloop
  endfacet
  facet normal 0 0 -1
    outer loop
      vertex 104.775 3.3474 0
      vertex 106.585 0.0576439 0
      vertex 106 0 0
    endloop
  endfacet
  facet normal 0 0 -1
    outer loop
      vertex 109 3 0
      vertex 105.949 4.7786 0
      vertex 106.13 5.37556 0
    endloop
  endfacet
  facet normal 0 0 -1
    outer loop
      vertex 109 3 0
      vertex 105.655 4.22844 0
      vertex 105.949 4.7786 0
    endloop
  endfacet
  facet normal 0 0 -1
    outer loop
      vertex 109 3 0
      vertex 105.654 4.2268 0
      vertex 105.655 4.22844 0
    endloop
  endfacet
  facet normal 0 0 -1
    outer loop
      vertex 109 3 0
      vertex 105.653 4.22537 0
      vertex 105.654 4.2268 0
    endloop
  endfacet
  facet normal 0 0 -1
    outer loop
      vertex 108.942 2.41473 0
      vertex 105.257 3.74315 0
      vertex 105.653 4.22537 0
    endloop
  endfacet
  facet normal 0 0 -1
    outer loop
      vertex 106.585 0.0576439 0
      vertex 104.775 3.3474 0
      vertex 105.257 3.74315 0
    endloop
  endfacet
  facet normal 0 0 -1
    outer loop
      vertex 106 0 0
      vertex 104.773 3.34622 0
      vertex 104.775 3.3474 0
    endloop
  endfacet
  facet normal 0 0 -1
    outer loop
      vertex 106 0 0
      vertex 104.772 3.34535 0
      vertex 104.773 3.34622 0
    endloop
  endfacet
  facet normal 0 0 -1
    outer loop
      vertex 106 0 0
      vertex 104.221 3.05128 0
      vertex 104.772 3.34535 0
    endloop
  endfacet
  facet normal 0 0 -1
    outer loop
      vertex 106 0 0
      vertex 103.624 2.8702 0
      vertex 104.221 3.05128 0
    endloop
  endfacet
  facet normal 0 0 -1
    outer loop
      vertex 106 0 0
      vertex 103.623 2.86966 0
      vertex 103.624 2.8702 0
    endloop
  endfacet
  facet normal 0 0 -1
    outer loop
      vertex 106 0 0
      vertex 103.621 2.86948 0
      vertex 103.623 2.86966 0
    endloop
  endfacet
  facet normal 0 0 -1
    outer loop
      vertex 106 0 0
      vertex 103 2.80833 0
      vertex 103.621 2.86948 0
    endloop
  endfacet
  facet normal 0 0 -1
    outer loop
      vertex 106 0 0
      vertex 102.379 2.86948 0
      vertex 103 2.80833 0
    endloop
  endfacet
  facet normal 0 0 -1
    outer loop
      vertex 106 0 0
      vertex 102.377 2.86966 0
      vertex 102.379 2.86948 0
    endloop
  endfacet
  facet normal 0 0 -1
    outer loop
      vertex 106 0 0
      vertex 102.376 2.8702 0
      vertex 102.377 2.86966 0
    endloop
  endfacet
  facet normal 0 0 -1
    outer loop
      vertex 106 0 0
      vertex 101.779 3.05128 0
      vertex 102.376 2.8702 0
    endloop
  endfacet
  facet normal 0 0 -1
    outer loop
      vertex 106 0 0
      vertex 101.228 3.34535 0
      vertex 101.779 3.05128 0
    endloop
  endfacet
  facet normal 0 0 1
    outer loop
      vertex 106 0 0
      vertex 101.227 3.34622 0
      vertex 101.228 3.34535 0
    endloop
  endfacet
  facet normal 0 0 1
    outer loop
      vertex 100.743 3.74315 0
      vertex 100.346 4.2268 0
      vertex 100.347 4.22537 0
    endloop
  endfacet
  facet normal 0 0 1
    outer loop
      vertex 100.346 4.2268 0
      vertex 100.051 4.7786 0
      vertex 100.345 4.22844 0
    endloop
  endfacet
  facet normal 0 0 -1
    outer loop
      vertex 103 9.19167 0
      vertex 85.1 24.77 0
      vertex 85.0693 25.0821 0
    endloop
  endfacet
  facet normal 0 0 -1
    outer loop
      vertex 83.1879 23.2007 0
      vertex 99.8083 6 0
      vertex 99.8695 5.37918 0
    endloop
  endfacet
  facet normal 0 0 -1
    outer loop
      vertex 83.1879 23.2007 0
      vertex 99.8695 5.37918 0
      vertex 99.8697 5.37734 0
    endloop
  endfacet
  facet normal 0 0 -1
    outer loop
      vertex 82.8877 23.2918 0
      vertex 99.8697 5.37734 0
      vertex 99.8702 5.37556 0
    endloop
  endfacet
  facet normal 0 0 -1
    outer loop
      vertex 82.8877 23.2918 0
      vertex 99.8702 5.37556 0
      vertex 100.051 4.7786 0
    endloop
  endfacet
  facet normal 0 0 -1
    outer loop
      vertex 41.3839 15.9161 0
      vertex 100.051 4.7786 0
      vertex 100.346 4.2268 0
    endloop
  endfacet
  facet normal 0 0 -1
    outer loop
      vertex 102.377 9.13034 0
      vertex 85.0693 24.4579 0
      vertex 85.1 24.77 0
    endloop
  endfacet
  facet normal 0 0 -1
    outer loop
      vertex 101.779 8.94872 0
      vertex 84.9782 24.1577 0
      vertex 85.0693 24.4579 0
    endloop
  endfacet
  facet normal 0 0 -1
    outer loop
      vertex 101.227 8.65377 0
      vertex 84.8304 23.8811 0
      vertex 84.9782 24.1577 0
    endloop
  endfacet
  facet normal 0 0 -1
    outer loop
      vertex 100.743 8.25685 0
      vertex 84.6314 23.6386 0
      vertex 84.8304 23.8811 0
    endloop
  endfacet
  facet normal 0 0 -1
    outer loop
      vertex 100.346 7.77319 0
      vertex 84.3889 23.4396 0
      vertex 84.6314 23.6386 0
    endloop
  endfacet
  facet normal 0 0 -1
    outer loop
      vertex 41.1945 15.7607 0
      vertex 100.346 4.2268 0
      vertex 100.743 3.74315 0
    endloop
  endfacet
  facet normal 0 0 -1
    outer loop
      vertex 100.051 7.2214 0
      vertex 84.1123 23.2918 0
      vertex 84.3889 23.4396 0
    endloop
  endfacet
  facet normal 0 0 -1
    outer loop
      vertex 100.051 7.2214 0
      vertex 83.8121 23.2007 0
      vertex 84.1123 23.2918 0
    endloop
  endfacet
  facet normal 0 0 -1
    outer loop
      vertex 99.8697 6.62266 0
      vertex 83.5 23.17 0
      vertex 83.8121 23.2007 0
    endloop
  endfacet
  facet normal 0 0 -1
    outer loop
      vertex 99.8083 6 0
      vertex 83.1879 23.2007 0
      vertex 83.5 23.17 0
    endloop
  endfacet
  facet normal 0 0 -1
    outer loop
      vertex 99.8697 5.37734 0
      vertex 82.8877 23.2918 0
      vertex 83.1879 23.2007 0
    endloop
  endfacet
  facet normal 0 0 -1
    outer loop
      vertex 100.051 4.7786 0
      vertex 41.3839 15.9161 0
      vertex 82.8877 23.2918 0
    endloop
  endfacet
  facet normal -0 0 -1
    outer loop
      vertex 82.8877 23.2918 0
      vertex 41.3839 15.9161 0
      vertex 82.6111 23.4396 0
    endloop
  endfacet
  facet normal 0 0 -1
    outer loop
      vertex 82.1696 25.6589 0
      vertex 81.6161 28.3161 0
      vertex 81.8055 28.1607 0
    endloop
  endfacet
  facet normal 0 0 -1
    outer loop
      vertex 82.0218 25.3823 0
      vertex 81.4607 28.5055 0
      vertex 81.6161 28.3161 0
    endloop
  endfacet
  facet normal 0 0 -1
    outer loop
      vertex 41.726 17.0439 0
      vertex 81.9 24.77 0
      vertex 81.9307 24.4579 0
    endloop
  endfacet
  facet normal 0 0 -1
    outer loop
      vertex 81.9307 25.0821 0
      vertex 81.3452 28.7216 0
      vertex 81.4607 28.5055 0
    endloop
  endfacet
  facet normal 0 0 -1
    outer loop
      vertex 81.9 24.77 0
      vertex 81.274 28.9561 0
      vertex 81.3452 28.7216 0
    endloop
  endfacet
  facet normal 0 0 -1
    outer loop
      vertex 41.6549 17.2784 0
      vertex 81.25 29.2 0
      vertex 81.274 28.9561 0
    endloop
  endfacet
  facet normal -0 0 -1
    outer loop
      vertex 81.9 24.77 0
      vertex 41.6549 17.2784 0
      vertex 81.274 28.9561 0
    endloop
  endfacet
  facet normal 0 0 -1
    outer loop
      vertex 41.75 16.8 0
      vertex 81.9307 24.4579 0
      vertex 82.0218 24.1577 0
    endloop
  endfacet
  facet normal 0 0 -1
    outer loop
      vertex 81.25 29.2 0
      vertex 65.5 59.8 0
      vertex 69.5 59.8 0
    endloop
  endfacet
  facet normal 0 0 -1
    outer loop
      vertex 65.5 59.8 0
      vertex 62.5 59.8 0
      vertex 65.5 62.8 0
    endloop
  endfacet
  facet normal 0 0 -1
    outer loop
      vertex 81.25 29.2 0
      vertex 62.5 59.8 0
      vertex 65.5 59.8 0
    endloop
  endfacet
  facet normal 0 0 -1
    outer loop
      vertex 41.726 16.5561 0
      vertex 82.0218 24.1577 0
      vertex 82.1696 23.8811 0
    endloop
  endfacet
  facet normal 0 0 -1
    outer loop
      vertex 81.25 29.2 0
      vertex 58.5 59.8 0
      vertex 62.5 59.8 0
    endloop
  endfacet
  facet normal 0 0 -1
    outer loop
      vertex 58.5 59.8 0
      vertex 55.5 59.8 0
      vertex 58.5 62.8 0
    endloop
  endfacet
  facet normal -0 0 -1
    outer loop
      vertex 81.25 29.2 0
      vertex 41.3839 17.6839 0
      vertex 58.5 59.8 0
    endloop
  endfacet
  facet normal -0 0 -1
    outer loop
      vertex 58.5 59.8 0
      vertex 41.3839 17.6839 0
      vertex 55.5 59.8 0
    endloop
  endfacet
  facet normal 0 0 -1
    outer loop
      vertex 41.6549 16.3216 0
      vertex 82.1696 23.8811 0
      vertex 82.3686 23.6386 0
    endloop
  endfacet
  facet normal 0 0 -1
    outer loop
      vertex 51.5 59.8 0
      vertex 48.5 59.8 0
      vertex 51.5 62.8 0
    endloop
  endfacet
  facet normal 0 0 -1
    outer loop
      vertex 41.1945 17.8393 0
      vertex 55.5 59.8 0
      vertex 41.3839 17.6839 0
    endloop
  endfacet
  facet normal 0 -0 -1
    outer loop
      vertex 41.5393 16.1055 0
      vertex 82.6111 23.4396 0
      vertex 41.3839 15.9161 0
    endloop
  endfacet
  facet normal 0 0 -1
    outer loop
      vertex 81.25 29.2 0
      vertex 41.6549 17.2784 0
      vertex 41.5393 17.4945 0
    endloop
  endfacet
  facet normal 0 0 -1
    outer loop
      vertex 81.9 24.77 0
      vertex 41.726 17.0439 0
      vertex 41.6549 17.2784 0
    endloop
  endfacet
  facet normal 0 0 -1
    outer loop
      vertex 81.9307 24.4579 0
      vertex 41.75 16.8 0
      vertex 41.726 17.0439 0
    endloop
  endfacet
  facet normal 0 0 -1
    outer loop
      vertex 40.9784 15.6452 0
      vertex 100.743 3.74315 0
      vertex 101.225 3.3474 0
    endloop
  endfacet
  facet normal 0 0 -1
    outer loop
      vertex 40.9784 15.6452 0
      vertex 101.225 3.3474 0
      vertex 101.227 3.34622 0
    endloop
  endfacet
  facet normal 0 0 -1
    outer loop
      vertex 40.7439 15.574 0
      vertex 101.227 3.34622 0
      vertex 106 0 0
    endloop
  endfacet
  facet normal 0 0 -1
    outer loop
      vertex 82.0218 24.1577 0
      vertex 41.726 16.5561 0
      vertex 41.75 16.8 0
    endloop
  endfacet
  facet normal 0 0 -1
    outer loop
      vertex 82.1696 23.8811 0
      vertex 41.6549 16.3216 0
      vertex 41.726 16.5561 0
    endloop
  endfacet
  facet normal 0 0 -1
    outer loop
      vertex 82.3686 23.6386 0
      vertex 41.5393 16.1055 0
      vertex 41.6549 16.3216 0
    endloop
  endfacet
  facet normal -0 0 -1
    outer loop
      vertex 82.6111 23.4396 0
      vertex 41.5393 16.1055 0
      vertex 82.3686 23.6386 0
    endloop
  endfacet
  facet normal 0 0 -1
    outer loop
      vertex 100.346 4.2268 0
      vertex 41.1945 15.7607 0
      vertex 41.3839 15.9161 0
    endloop
  endfacet
  facet normal 0 0 -1
    outer loop
      vertex 100.743 3.74315 0
      vertex 40.9784 15.6452 0
      vertex 41.1945 15.7607 0
    endloop
  endfacet
  facet normal 0 0 -1
    outer loop
      vertex 101.227 3.34622 0
      vertex 40.7439 15.574 0
      vertex 40.9784 15.6452 0
    endloop
  endfacet
  facet normal 0 0 -1
    outer loop
      vertex 3 0 0
      vertex 40.7439 15.574 0
      vertex 106 0 0
    endloop
  endfacet
  facet normal 0 -0 -1
    outer loop
      vertex 7.77319 3.34622 0
      vertex 40.7439 15.574 0
      vertex 3 0 0
    endloop
  endfacet
  facet normal 0 0 -1
    outer loop
      vertex 38.5693 56.6121 0
      vertex 44.5 59.8 0
      vertex 38.6 56.3 0
    endloop
  endfacet
  facet normal 0 0 -1
    outer loop
      vertex 39.274 17.0439 0
      vertex 38.4782 55.6877 0
      vertex 38.5693 55.9879 0
    endloop
  endfacet
  facet normal 0 0 -1
    outer loop
      vertex 39.274 17.0439 0
      vertex 38.3304 55.4111 0
      vertex 38.4782 55.6877 0
    endloop
  endfacet
  facet normal 0 0 -1
    outer loop
      vertex 39.274 17.0439 0
      vertex 38.1314 55.1686 0
      vertex 38.3304 55.4111 0
    endloop
  endfacet
  facet normal 0 0 -1
    outer loop
      vertex 39.274 17.0439 0
      vertex 37.8889 54.9697 0
      vertex 38.1314 55.1686 0
    endloop
  endfacet
  facet normal 0 0 -1
    outer loop
      vertex 39.274 17.0439 0
      vertex 37.6123 54.8218 0
      vertex 37.8889 54.9697 0
    endloop
  endfacet
  facet normal 0 0 -1
    outer loop
      vertex 39.274 17.0439 0
      vertex 37.3121 54.7307 0
      vertex 37.6123 54.8218 0
    endloop
  endfacet
  facet normal 0 0 -1
    outer loop
      vertex 39.274 17.0439 0
      vertex 37 54.7 0
      vertex 37.3121 54.7307 0
    endloop
  endfacet
  facet normal 0 0 -1
    outer loop
      vertex 39.274 17.0439 0
      vertex 36.6879 54.7307 0
      vertex 37 54.7 0
    endloop
  endfacet
  facet normal 0 0 -1
    outer loop
      vertex 39.274 17.0439 0
      vertex 36.3877 54.8218 0
      vertex 36.6879 54.7307 0
    endloop
  endfacet
  facet normal 0 0 -1
    outer loop
      vertex 39.274 17.0439 0
      vertex 36.1111 54.9697 0
      vertex 36.3877 54.8218 0
    endloop
  endfacet
  facet normal 0 0 -1
    outer loop
      vertex 39.274 17.0439 0
      vertex 35.8686 55.1686 0
      vertex 36.1111 54.9697 0
    endloop
  endfacet
  facet normal 0 0 -1
    outer loop
      vertex 8.94872 7.2214 0
      vertex 39.3451 16.3216 0
      vertex 9.1298 6.62443 0
    endloop
  endfacet
  facet normal -0 0 -1
    outer loop
      vertex 39.3451 16.3216 0
      vertex 8.94872 7.2214 0
      vertex 39.274 16.5561 0
    endloop
  endfacet
  facet normal -0 0 -1
    outer loop
      vertex 39.274 16.5561 0
      vertex 8.94872 7.2214 0
      vertex 39.25 16.8 0
    endloop
  endfacet
  facet normal 0 0 -1
    outer loop
      vertex 35.6696 55.4111 0
      vertex 9.19167 72.3 0
      vertex 35.5218 55.6877 0
    endloop
  endfacet
  facet normal 0 0 -1
    outer loop
      vertex 35.5218 55.6877 0
      vertex 9.19167 72.3 0
      vertex 35.4307 55.9879 0
    endloop
  endfacet
  facet normal -0 0 -1
    outer loop
      vertex 39.4607 16.1055 0
      vertex 9.13034 6.62266 0
      vertex 39.3451 16.3216 0
    endloop
  endfacet
  facet normal 0 0 -1
    outer loop
      vertex 9.13034 6.62266 0
      vertex 39.4607 16.1055 0
      vertex 9.13052 6.62082 0
    endloop
  endfacet
  facet normal 0 0 -1
    outer loop
      vertex 9.13052 6.62082 0
      vertex 39.4607 16.1055 0
      vertex 9.19167 6 0
    endloop
  endfacet
  facet normal -0 0 -1
    outer loop
      vertex 39.6161 15.9161 0
      vertex 9.19167 6 0
      vertex 39.4607 16.1055 0
    endloop
  endfacet
  facet normal 0 0 -1
    outer loop
      vertex 9.13034 5.37734 0
      vertex 39.6161 15.9161 0
      vertex 39.8055 15.7607 0
    endloop
  endfacet
  facet normal 0 0 -1
    outer loop
      vertex 8.94872 4.7786 0
      vertex 39.8055 15.7607 0
      vertex 40.0216 15.6452 0
    endloop
  endfacet
  facet normal 0 0 -1
    outer loop
      vertex 8.65377 4.2268 0
      vertex 40.0216 15.6452 0
      vertex 40.2561 15.574 0
    endloop
  endfacet
  facet normal 0 0 -1
    outer loop
      vertex 40.7439 15.574 0
      vertex 7.77319 3.34622 0
      vertex 40.5 15.55 0
    endloop
  endfacet
  facet normal 0 0 -1
    outer loop
      vertex 39.6161 15.9161 0
      vertex 9.13052 5.37918 0
      vertex 9.19167 6 0
    endloop
  endfacet
  facet normal 0 0 -1
    outer loop
      vertex 39.6161 15.9161 0
      vertex 9.13034 5.37734 0
      vertex 9.13052 5.37918 0
    endloop
  endfacet
  facet normal 0 0 -1
    outer loop
      vertex 39.8055 15.7607 0
      vertex 9.1298 5.37556 0
      vertex 9.13034 5.37734 0
    endloop
  endfacet
  facet normal 0 0 -1
    outer loop
      vertex 39.8055 15.7607 0
      vertex 8.94872 4.7786 0
      vertex 9.1298 5.37556 0
    endloop
  endfacet
  facet normal 0 0 -1
    outer loop
      vertex 40.0216 15.6452 0
      vertex 8.65465 4.22844 0
      vertex 8.94872 4.7786 0
    endloop
  endfacet
  facet normal 0 0 -1
    outer loop
      vertex 40.0216 15.6452 0
      vertex 8.65377 4.2268 0
      vertex 8.65465 4.22844 0
    endloop
  endfacet
  facet normal 0 0 -1
    outer loop
      vertex 40.2561 15.574 0
      vertex 8.6526 4.22537 0
      vertex 8.65377 4.2268 0
    endloop
  endfacet
  facet normal 0 0 -1
    outer loop
      vertex 40.2561 15.574 0
      vertex 8.25685 3.74315 0
      vertex 8.6526 4.22537 0
    endloop
  endfacet
  facet normal -0 0 -1
    outer loop
      vertex 40.5 15.55 0
      vertex 8.25685 3.74315 0
      vertex 40.2561 15.574 0
    endloop
  endfacet
  facet normal 0 -0 -1
    outer loop
      vertex 8.25685 3.74315 0
      vertex 40.5 15.55 0
      vertex 7.77463 3.3474 0
    endloop
  endfacet
  facet normal 0 -0 -1
    outer loop
      vertex 7.77463 3.3474 0
      vertex 40.5 15.55 0
      vertex 7.77319 3.34622 0
    endloop
  endfacet
  facet normal 0 0 -1
    outer loop
      vertex 7.77319 3.34622 0
      vertex 3 0 0
      vertex 7.77156 3.34535 0
    endloop
  endfacet
  facet normal 0 0 -1
    outer loop
      vertex 7.77156 3.34535 0
      vertex 3 0 0
      vertex 7.2214 3.05128 0
    endloop
  endfacet
  facet normal 0 0 -1
    outer loop
      vertex 7.2214 3.05128 0
      vertex 3 0 0
      vertex 6.62443 2.8702 0
    endloop
  endfacet
  facet normal 0 0 -1
    outer loop
      vertex 6.62443 2.8702 0
      vertex 3 0 0
      vertex 6.62266 2.86966 0
    endloop
  endfacet
  facet normal 0 0 -1
    outer loop
      vertex 6.62266 2.86966 0
      vertex 3 0 0
      vertex 6.62082 2.86948 0
    endloop
  endfacet
  facet normal 0 0 -1
    outer loop
      vertex 3 0 0
      vertex 5.37918 2.86948 0
      vertex 6 2.80833 0
    endloop
  endfacet
  facet normal 0 0 -1
    outer loop
      vertex 3 0 0
      vertex 5.37556 2.8702 0
      vertex 5.37734 2.86966 0
    endloop
  endfacet
  facet normal 0 0 -1
    outer loop
      vertex 3 0 0
      vertex 4.22844 3.34535 0
      vertex 4.7786 3.05128 0
    endloop
  endfacet
  facet normal 0 0 -1
    outer loop
      vertex 0 3 0
      vertex 3.34535 4.22844 0
      vertex 3.34622 4.2268 0
    endloop
  endfacet
  facet normal 0 0 -1
    outer loop
      vertex 6.62082 2.86948 0
      vertex 3 0 0
      vertex 6 2.80833 0
    endloop
  endfacet
  facet normal -0 0 -1
    outer loop
      vertex 5.37918 2.86948 0
      vertex 3 0 0
      vertex 5.37734 2.86966 0
    endloop
  endfacet
  facet normal -0 0 -1
    outer loop
      vertex 5.37556 2.8702 0
      vertex 3 0 0
      vertex 4.7786 3.05128 0
    endloop
  endfacet
  facet normal -0 0 -1
    outer loop
      vertex 4.22844 3.34535 0
      vertex 3 0 0
      vertex 4.2268 3.34622 0
    endloop
  endfacet
  facet normal 0 0 -1
    outer loop
      vertex 3 0 0
      vertex 4.22537 3.3474 0
      vertex 4.2268 3.34622 0
    endloop
  endfacet
  facet normal 0 0 -1
    outer loop
      vertex 2.41473 0.0576439 0
      vertex 4.22537 3.3474 0
      vertex 3 0 0
    endloop
  endfacet
  facet normal -0 0 -1
    outer loop
      vertex 4.22537 3.3474 0
      vertex 2.41473 0.0576439 0
      vertex 3.74315 3.74315 0
    endloop
  endfacet
  facet normal 0 0 -1
    outer loop
      vertex 1.85195 0.228361 0
      vertex 3.74315 3.74315 0
      vertex 2.41473 0.0576439 0
    endloop
  endfacet
  facet normal 0 0 -1
    outer loop
      vertex 1.33329 0.50559 0
      vertex 3.74315 3.74315 0
      vertex 1.85195 0.228361 0
    endloop
  endfacet
  facet normal 0 0 -1
    outer loop
      vertex 0.878679 0.878679 0
      vertex 3.74315 3.74315 0
      vertex 1.33329 0.50559 0
    endloop
  endfacet
  facet normal 0 0 -1
    outer loop
      vertex 0.50559 1.33329 0
      vertex 3.74315 3.74315 0
      vertex 0.878679 0.878679 0
    endloop
  endfacet
  facet normal 0 0 -1
    outer loop
      vertex 0.228361 1.85195 0
      vertex 3.74315 3.74315 0
      vertex 0.50559 1.33329 0
    endloop
  endfacet
  facet normal 0 0 -1
    outer loop
      vertex 0.0576439 2.41473 0
      vertex 3.74315 3.74315 0
      vertex 0.228361 1.85195 0
    endloop
  endfacet
  facet normal -0 0 -1
    outer loop
      vertex 2.86948 5.37918 0
      vertex 0 3 0
      vertex 2.80833 6 0
    endloop
  endfacet
  facet normal -0 0 -1
    outer loop
      vertex 3.74315 3.74315 0
      vertex 0.0576439 2.41473 0
      vertex 3.3474 4.22537 0
    endloop
  endfacet
  facet normal 0 0 -1
    outer loop
      vertex 105.653 74.0746 0
      vertex 109 75.3 0
      vertex 105.654 74.0732 0
    endloop
  endfacet
  facet normal -0 0 -1
    outer loop
      vertex 109 75.3 0
      vertex 105.653 74.0746 0
      vertex 108.942 75.8853 0
    endloop
  endfacet
  facet normal 0 0 -1
    outer loop
      vertex 105.257 74.5568 0
      vertex 108.942 75.8853 0
      vertex 105.653 74.0746 0
    endloop
  endfacet
  facet normal -0 0 -1
    outer loop
      vertex 108.942 75.8853 0
      vertex 105.257 74.5568 0
      vertex 108.772 76.4481 0
    endloop
  endfacet
  facet normal -0 0 -1
    outer loop
      vertex 108.772 76.4481 0
      vertex 105.257 74.5568 0
      vertex 108.494 76.9667 0
    endloop
  endfacet
  facet normal -0 0 -1
    outer loop
      vertex 108.494 76.9667 0
      vertex 105.257 74.5568 0
      vertex 108.121 77.4213 0
    endloop
  endfacet
  facet normal -0 0 -1
    outer loop
      vertex 108.121 77.4213 0
      vertex 105.257 74.5568 0
      vertex 107.667 77.7944 0
    endloop
  endfacet
  facet normal 0 0 -1
    outer loop
      vertex 105.255 74.558 0
      vertex 107.667 77.7944 0
      vertex 105.257 74.5568 0
    endloop
  endfacet
  facet normal -0 0 -1
    outer loop
      vertex 107.667 77.7944 0
      vertex 105.255 74.558 0
      vertex 107.148 78.0716 0
    endloop
  endfacet
  facet normal -0 0 -1
    outer loop
      vertex 107.148 78.0716 0
      vertex 105.255 74.558 0
      vertex 106.585 78.2424 0
    endloop
  endfacet
  facet normal 0 0 -1
    outer loop
      vertex 104.773 74.9538 0
      vertex 106.585 78.2424 0
      vertex 105.255 74.558 0
    endloop
  endfacet
  facet normal -0 0 -1
    outer loop
      vertex 106.585 78.2424 0
      vertex 104.773 74.9538 0
      vertex 106 78.3 0
    endloop
  endfacet
  facet normal 0 0 -1
    outer loop
      vertex 104.223 75.2478 0
      vertex 106 78.3 0
      vertex 104.773 74.9538 0
    endloop
  endfacet
  facet normal 0 0 -1
    outer loop
      vertex 104.221 75.2487 0
      vertex 106 78.3 0
      vertex 104.223 75.2478 0
    endloop
  endfacet
  facet normal 0 0 -1
    outer loop
      vertex 103.624 75.4298 0
      vertex 106 78.3 0
      vertex 104.221 75.2487 0
    endloop
  endfacet
  facet normal 0 0 -1
    outer loop
      vertex 103.623 75.4303 0
      vertex 106 78.3 0
      vertex 103.624 75.4298 0
    endloop
  endfacet
  facet normal 0 0 -1
    outer loop
      vertex 103.621 75.4305 0
      vertex 106 78.3 0
      vertex 103.623 75.4303 0
    endloop
  endfacet
  facet normal 0 0 -1
    outer loop
      vertex 103 75.4917 0
      vertex 106 78.3 0
      vertex 103.621 75.4305 0
    endloop
  endfacet
  facet normal 0 0 -1
    outer loop
      vertex 102.379 75.4305 0
      vertex 106 78.3 0
      vertex 103 75.4917 0
    endloop
  endfacet
  facet normal 0 0 -1
    outer loop
      vertex 102.377 75.4303 0
      vertex 106 78.3 0
      vertex 102.379 75.4305 0
    endloop
  endfacet
  facet normal 0 0 -1
    outer loop
      vertex 102.376 75.4298 0
      vertex 106 78.3 0
      vertex 102.377 75.4303 0
    endloop
  endfacet
  facet normal 0 0 -1
    outer loop
      vertex 101.779 75.2487 0
      vertex 106 78.3 0
      vertex 102.376 75.4298 0
    endloop
  endfacet
  facet normal 0 0 -1
    outer loop
      vertex 101.777 75.2478 0
      vertex 106 78.3 0
      vertex 101.779 75.2487 0
    endloop
  endfacet
  facet normal 0 0 -1
    outer loop
      vertex 101.227 74.9538 0
      vertex 106 78.3 0
      vertex 101.777 75.2478 0
    endloop
  endfacet
  facet normal 0 0 -1
    outer loop
      vertex 100.743 74.5568 0
      vertex 101.227 74.9538 0
      vertex 100.745 74.558 0
    endloop
  endfacet
  facet normal 0 0 1
    outer loop
      vertex 100.346 74.0732 0
      vertex 100.743 74.5568 0
      vertex 100.347 74.0746 0
    endloop
  endfacet
  facet normal 0 0 -1
    outer loop
      vertex 69.5 62.8 0
      vertex 100.345 74.0716 0
      vertex 100.051 73.5214 0
    endloop
  endfacet
  facet normal 0 0 -1
    outer loop
      vertex 103.623 9.13034 0
      vertex 85.0693 25.0821 0
      vertex 84.9782 25.3823 0
    endloop
  endfacet
  facet normal -0 0 -1
    outer loop
      vertex 100.743 70.0432 0
      vertex 69.5 59.8 0
      vertex 100.347 70.5254 0
    endloop
  endfacet
  facet normal -0 0 -1
    outer loop
      vertex 100.347 70.5254 0
      vertex 69.5 59.8 0
      vertex 100.346 70.5268 0
    endloop
  endfacet
  facet normal 0 0 -1
    outer loop
      vertex 69.5 62.8 0
      vertex 100.346 70.5268 0
      vertex 69.5 59.8 0
    endloop
  endfacet
  facet normal -0 0 -1
    outer loop
      vertex 100.346 70.5268 0
      vertex 69.5 62.8 0
      vertex 100.052 71.077 0
    endloop
  endfacet
  facet normal -0 0 -1
    outer loop
      vertex 100.052 71.077 0
      vertex 69.5 62.8 0
      vertex 100.051 71.0786 0
    endloop
  endfacet
  facet normal 0 0 -1
    outer loop
      vertex 83.726 29.4439 0
      vertex 84.9782 25.3823 0
      vertex 84.8304 25.6589 0
    endloop
  endfacet
  facet normal 0 0 -1
    outer loop
      vertex 83.75 29.2 0
      vertex 84.8304 25.6589 0
      vertex 84.6314 25.9014 0
    endloop
  endfacet
  facet normal 0 0 -1
    outer loop
      vertex 83.726 28.9561 0
      vertex 84.6314 25.9014 0
      vertex 84.3889 26.1004 0
    endloop
  endfacet
  facet normal 0 0 -1
    outer loop
      vertex 83.726 28.9561 0
      vertex 84.3889 26.1004 0
      vertex 84.1123 26.2482 0
    endloop
  endfacet
  facet normal 0 0 -1
    outer loop
      vertex 83.3839 28.3161 0
      vertex 84.1123 26.2482 0
      vertex 83.8121 26.3393 0
    endloop
  endfacet
  facet normal 0 0 -1
    outer loop
      vertex 84.8304 25.6589 0
      vertex 83.75 29.2 0
      vertex 83.726 29.4439 0
    endloop
  endfacet
  facet normal -0 0 -1
    outer loop
      vertex 100.051 71.0786 0
      vertex 69.5 62.8 0
      vertex 100.051 71.0804 0
    endloop
  endfacet
  facet normal -0 0 -1
    outer loop
      vertex 100.051 71.0804 0
      vertex 69.5 62.8 0
      vertex 99.8697 71.6773 0
    endloop
  endfacet
  facet normal -0 0 -1
    outer loop
      vertex 99.8697 71.6773 0
      vertex 69.5 62.8 0
      vertex 99.8695 71.6792 0
    endloop
  endfacet
  facet normal -0 0 -1
    outer loop
      vertex 99.8695 71.6792 0
      vertex 69.5 62.8 0
      vertex 99.8083 72.3 0
    endloop
  endfacet
  facet normal -0 0 -1
    outer loop
      vertex 99.8083 72.3 0
      vertex 69.5 62.8 0
      vertex 99.8695 72.9208 0
    endloop
  endfacet
  facet normal -0 0 -1
    outer loop
      vertex 99.8695 72.9208 0
      vertex 69.5 62.8 0
      vertex 99.8697 72.9227 0
    endloop
  endfacet
  facet normal 0 0 -1
    outer loop
      vertex 69.5 59.8 0
      vertex 82.9784 30.3548 0
      vertex 82.7439 30.426 0
    endloop
  endfacet
  facet normal 0 0 -1
    outer loop
      vertex 69.5 59.8 0
      vertex 82.7439 30.426 0
      vertex 82.5 30.45 0
    endloop
  endfacet
  facet normal 0 0 -1
    outer loop
      vertex 69.5 59.8 0
      vertex 82.5 30.45 0
      vertex 82.2561 30.426 0
    endloop
  endfacet
  facet normal 0 0 -1
    outer loop
      vertex 69.5 59.8 0
      vertex 82.2561 30.426 0
      vertex 82.0216 30.3548 0
    endloop
  endfacet
  facet normal 0 0 -1
    outer loop
      vertex 69.5 59.8 0
      vertex 82.0216 30.3548 0
      vertex 81.8055 30.2393 0
    endloop
  endfacet
  facet normal 0 0 -1
    outer loop
      vertex 69.5 59.8 0
      vertex 81.8055 30.2393 0
      vertex 81.6161 30.0839 0
    endloop
  endfacet
  facet normal 0 0 -1
    outer loop
      vertex 69.5 59.8 0
      vertex 81.6161 30.0839 0
      vertex 81.4607 29.8945 0
    endloop
  endfacet
  facet normal 0 0 -1
    outer loop
      vertex 69.5 59.8 0
      vertex 81.4607 29.8945 0
      vertex 81.3452 29.6784 0
    endloop
  endfacet
  facet normal 0 0 -1
    outer loop
      vertex 69.5 59.8 0
      vertex 81.274 29.4439 0
      vertex 81.25 29.2 0
    endloop
  endfacet
  facet normal 0 0 -1
    outer loop
      vertex 69.5 59.8 0
      vertex 81.3452 29.6784 0
      vertex 81.274 29.4439 0
    endloop
  endfacet
  facet normal -0 0 -1
    outer loop
      vertex 99.8697 72.9227 0
      vertex 69.5 62.8 0
      vertex 99.8702 72.9244 0
    endloop
  endfacet
  facet normal -0 0 -1
    outer loop
      vertex 99.8702 72.9244 0
      vertex 69.5 62.8 0
      vertex 100.051 73.5214 0
    endloop
  endfacet
  facet normal -0 0 -1
    outer loop
      vertex 100.345 74.0716 0
      vertex 69.5 62.8 0
      vertex 100.346 74.0732 0
    endloop
  endfacet
  facet normal -0 0 -1
    outer loop
      vertex 100.346 74.0732 0
      vertex 69.5 62.8 0
      vertex 100.743 74.5568 0
    endloop
  endfacet
  facet normal -0 0 -1
    outer loop
      vertex 100.743 74.5568 0
      vertex 69.5 62.8 0
      vertex 101.227 74.9538 0
    endloop
  endfacet
  facet normal 0 0 -1
    outer loop
      vertex 65.5 62.8 0
      vertex 101.227 74.9538 0
      vertex 69.5 62.8 0
    endloop
  endfacet
  facet normal 0 0 -1
    outer loop
      vertex 62.5 62.8 0
      vertex 101.227 74.9538 0
      vertex 65.5 62.8 0
    endloop
  endfacet
  facet normal 0 0 -1
    outer loop
      vertex 62.5 62.8 0
      vertex 65.5 62.8 0
      vertex 62.5 59.8 0
    endloop
  endfacet
  facet normal -0 0 -1
    outer loop
      vertex 101.227 74.9538 0
      vertex 62.5 62.8 0
      vertex 106 78.3 0
    endloop
  endfacet
  facet normal 0 0 -1
    outer loop
      vertex 58.5 62.8 0
      vertex 106 78.3 0
      vertex 62.5 62.8 0
    endloop
  endfacet
  facet normal 0 0 -1
    outer loop
      vertex 55.5 62.8 0
      vertex 58.5 62.8 0
      vertex 55.5 59.8 0
    endloop
  endfacet
  facet normal 0 0 -1
    outer loop
      vertex 55.5 62.8 0
      vertex 106 78.3 0
      vertex 58.5 62.8 0
    endloop
  endfacet
  facet normal 0 0 -1
    outer loop
      vertex 3 78.3 0
      vertex 55.5 62.8 0
      vertex 51.5 62.8 0
    endloop
  endfacet
  facet normal 0 0 -1
    outer loop
      vertex 48.5 62.8 0
      vertex 51.5 62.8 0
      vertex 48.5 59.8 0
    endloop
  endfacet
  facet normal 0 0 -1
    outer loop
      vertex 3 78.3 0
      vertex 51.5 62.8 0
      vertex 48.5 62.8 0
    endloop
  endfacet
  facet normal 0 0 -1
    outer loop
      vertex 7.77319 74.9538 0
      vertex 48.5 62.8 0
      vertex 44.5 62.8 0
    endloop
  endfacet
  facet normal 0 0 -1
    outer loop
      vertex 81.25 29.2 0
      vertex 41.5393 17.4945 0
      vertex 41.3839 17.6839 0
    endloop
  endfacet
  facet normal -0 0 -1
    outer loop
      vertex 55.5 59.8 0
      vertex 41.1945 17.8393 0
      vertex 51.5 59.8 0
    endloop
  endfacet
  facet normal 0 0 -1
    outer loop
      vertex 40.9784 17.9548 0
      vertex 51.5 59.8 0
      vertex 41.1945 17.8393 0
    endloop
  endfacet
  facet normal 0 0 -1
    outer loop
      vertex 38.5693 55.9879 0
      vertex 51.5 59.8 0
      vertex 40.9784 17.9548 0
    endloop
  endfacet
  facet normal -0 0 -1
    outer loop
      vertex 48.5 59.8 0
      vertex 38.5693 55.9879 0
      vertex 44.5 59.8 0
    endloop
  endfacet
  facet normal -0 0 -1
    outer loop
      vertex 51.5 59.8 0
      vertex 38.5693 55.9879 0
      vertex 48.5 59.8 0
    endloop
  endfacet
  facet normal 0 0 -1
    outer loop
      vertex 38.5693 55.9879 0
      vertex 40.9784 17.9548 0
      vertex 40.7439 18.026 0
    endloop
  endfacet
  facet normal 0 0 -1
    outer loop
      vertex 38.5693 55.9879 0
      vertex 40.7439 18.026 0
      vertex 40.5 18.05 0
    endloop
  endfacet
  facet normal 0 0 -1
    outer loop
      vertex 38.5693 55.9879 0
      vertex 40.5 18.05 0
      vertex 40.2561 18.026 0
    endloop
  endfacet
  facet normal 0 0 -1
    outer loop
      vertex 38.5693 55.9879 0
      vertex 40.2561 18.026 0
      vertex 40.0216 17.9548 0
    endloop
  endfacet
  facet normal 0 0 -1
    outer loop
      vertex 38.5693 55.9879 0
      vertex 40.0216 17.9548 0
      vertex 39.8055 17.8393 0
    endloop
  endfacet
  facet normal 0 0 -1
    outer loop
      vertex 38.5693 55.9879 0
      vertex 39.8055 17.8393 0
      vertex 39.6161 17.6839 0
    endloop
  endfacet
  facet normal 0 0 -1
    outer loop
      vertex 38.5693 55.9879 0
      vertex 39.6161 17.6839 0
      vertex 39.4607 17.4945 0
    endloop
  endfacet
  facet normal 0 0 -1
    outer loop
      vertex 38.5693 55.9879 0
      vertex 39.4607 17.4945 0
      vertex 39.3451 17.2784 0
    endloop
  endfacet
  facet normal 0 0 -1
    outer loop
      vertex 38.5693 55.9879 0
      vertex 39.3451 17.2784 0
      vertex 39.274 17.0439 0
    endloop
  endfacet
  facet normal 0 0 -1
    outer loop
      vertex 9.1298 6.62443 0
      vertex 39.3451 16.3216 0
      vertex 9.13034 6.62266 0
    endloop
  endfacet
  facet normal 0 -0 -1
    outer loop
      vertex 38.6 56.3 0
      vertex 44.5 59.8 0
      vertex 38.5693 55.9879 0
    endloop
  endfacet
  facet normal 0 0 -1
    outer loop
      vertex 38.4782 56.9123 0
      vertex 44.5 59.8 0
      vertex 38.5693 56.6121 0
    endloop
  endfacet
  facet normal 0 0 -1
    outer loop
      vertex 38.3304 57.1889 0
      vertex 44.5 59.8 0
      vertex 38.4782 56.9123 0
    endloop
  endfacet
  facet normal 0 0 -1
    outer loop
      vertex 38.1314 57.4314 0
      vertex 44.5 59.8 0
      vertex 38.3304 57.1889 0
    endloop
  endfacet
  facet normal 0 0 -1
    outer loop
      vertex 37.8889 57.6304 0
      vertex 44.5 59.8 0
      vertex 38.1314 57.4314 0
    endloop
  endfacet
  facet normal -0 0 -1
    outer loop
      vertex 44.5 59.8 0
      vertex 37.8889 57.6304 0
      vertex 44.5 62.8 0
    endloop
  endfacet
  facet normal 0 0 -1
    outer loop
      vertex 37.6123 57.7782 0
      vertex 44.5 62.8 0
      vertex 37.8889 57.6304 0
    endloop
  endfacet
  facet normal 0 0 -1
    outer loop
      vertex 37.3121 57.8693 0
      vertex 44.5 62.8 0
      vertex 37.6123 57.7782 0
    endloop
  endfacet
  facet normal 0 0 -1
    outer loop
      vertex 37 57.9 0
      vertex 44.5 62.8 0
      vertex 37.3121 57.8693 0
    endloop
  endfacet
  facet normal 0 0 -1
    outer loop
      vertex 36.6879 57.8693 0
      vertex 44.5 62.8 0
      vertex 37 57.9 0
    endloop
  endfacet
  facet normal 0 0 -1
    outer loop
      vertex 36.3877 57.7782 0
      vertex 44.5 62.8 0
      vertex 36.6879 57.8693 0
    endloop
  endfacet
  facet normal 0 0 -1
    outer loop
      vertex 9.19167 72.3 0
      vertex 36.3877 57.7782 0
      vertex 36.1111 57.6304 0
    endloop
  endfacet
  facet normal 0 0 -1
    outer loop
      vertex 35.4307 55.9879 0
      vertex 9.19167 72.3 0
      vertex 35.4 56.3 0
    endloop
  endfacet
  facet normal 0 0 -1
    outer loop
      vertex 35.4 56.3 0
      vertex 9.19167 72.3 0
      vertex 35.4307 56.6121 0
    endloop
  endfacet
  facet normal 0 0 -1
    outer loop
      vertex 35.4307 56.6121 0
      vertex 9.19167 72.3 0
      vertex 35.5218 56.9123 0
    endloop
  endfacet
  facet normal 0 0 -1
    outer loop
      vertex 9.19167 72.3 0
      vertex 35.6696 57.1889 0
      vertex 35.5218 56.9123 0
    endloop
  endfacet
  facet normal 0 0 -1
    outer loop
      vertex 9.19167 72.3 0
      vertex 35.8686 57.4314 0
      vertex 35.6696 57.1889 0
    endloop
  endfacet
  facet normal 0 0 -1
    outer loop
      vertex 9.19167 72.3 0
      vertex 36.1111 57.6304 0
      vertex 35.8686 57.4314 0
    endloop
  endfacet
  facet normal 0 0 -1
    outer loop
      vertex 36.3877 57.7782 0
      vertex 9.19167 72.3 0
      vertex 9.13052 72.9208 0
    endloop
  endfacet
  facet normal 0 0 -1
    outer loop
      vertex 36.3877 57.7782 0
      vertex 9.13052 72.9208 0
      vertex 9.13034 72.9227 0
    endloop
  endfacet
  facet normal 0 0 -1
    outer loop
      vertex 36.3877 57.7782 0
      vertex 9.13034 72.9227 0
      vertex 44.5 62.8 0
    endloop
  endfacet
  facet normal 0 0 -1
    outer loop
      vertex 9.1298 72.9244 0
      vertex 44.5 62.8 0
      vertex 9.13034 72.9227 0
    endloop
  endfacet
  facet normal 0 0 -1
    outer loop
      vertex 8.94872 73.5214 0
      vertex 44.5 62.8 0
      vertex 9.1298 72.9244 0
    endloop
  endfacet
  facet normal 0 0 -1
    outer loop
      vertex 8.65465 74.0716 0
      vertex 44.5 62.8 0
      vertex 8.94872 73.5214 0
    endloop
  endfacet
  facet normal 0 0 -1
    outer loop
      vertex 8.65377 74.0732 0
      vertex 44.5 62.8 0
      vertex 8.65465 74.0716 0
    endloop
  endfacet
  facet normal 0 0 -1
    outer loop
      vertex 8.6526 74.0746 0
      vertex 44.5 62.8 0
      vertex 8.65377 74.0732 0
    endloop
  endfacet
  facet normal 0 0 -1
    outer loop
      vertex 8.25685 74.5568 0
      vertex 44.5 62.8 0
      vertex 8.6526 74.0746 0
    endloop
  endfacet
  facet normal 0 0 -1
    outer loop
      vertex 8.25542 74.558 0
      vertex 44.5 62.8 0
      vertex 8.25685 74.5568 0
    endloop
  endfacet
  facet normal 0 0 -1
    outer loop
      vertex 7.77319 74.9538 0
      vertex 44.5 62.8 0
      vertex 8.25542 74.558 0
    endloop
  endfacet
  facet normal 0 0 -1
    outer loop
      vertex 48.5 62.8 0
      vertex 7.77319 74.9538 0
      vertex 3 78.3 0
    endloop
  endfacet
  facet normal 0 0 -1
    outer loop
      vertex 3 78.3 0
      vertex 7.77319 74.9538 0
      vertex 7.22303 75.2478 0
    endloop
  endfacet
  facet normal 0 0 -1
    outer loop
      vertex 3 78.3 0
      vertex 7.22303 75.2478 0
      vertex 7.2214 75.2487 0
    endloop
  endfacet
  facet normal 0 0 -1
    outer loop
      vertex 3 78.3 0
      vertex 7.2214 75.2487 0
      vertex 6.62443 75.4298 0
    endloop
  endfacet
  facet normal 0 0 -1
    outer loop
      vertex 3 78.3 0
      vertex 6.62443 75.4298 0
      vertex 6.62266 75.4303 0
    endloop
  endfacet
  facet normal 0 0 -1
    outer loop
      vertex 3 78.3 0
      vertex 6.62266 75.4303 0
      vertex 6.62082 75.4305 0
    endloop
  endfacet
  facet normal 0 0 -1
    outer loop
      vertex 3 78.3 0
      vertex 6.62082 75.4305 0
      vertex 6 75.4917 0
    endloop
  endfacet
  facet normal 0 0 -1
    outer loop
      vertex 3 78.3 0
      vertex 5.37918 75.4305 0
      vertex 5.37734 75.4303 0
    endloop
  endfacet
  facet normal 0 0 -1
    outer loop
      vertex 3 78.3 0
      vertex 5.37556 75.4298 0
      vertex 4.7786 75.2487 0
    endloop
  endfacet
  facet normal 0 0 -1
    outer loop
      vertex 3 78.3 0
      vertex 4.77697 75.2478 0
      vertex 4.2268 74.9538 0
    endloop
  endfacet
  facet normal 0 0 -1
    outer loop
      vertex 0 75.3 0
      vertex 3.3474 74.0746 0
      vertex 3.34622 74.0732 0
    endloop
  endfacet
  facet normal 0 0 -1
    outer loop
      vertex 0 75.3 0
      vertex 3.34535 74.0716 0
      vertex 3.05128 73.5214 0
    endloop
  endfacet
  facet normal 0 0 -1
    outer loop
      vertex 55.5 62.8 0
      vertex 3 78.3 0
      vertex 106 78.3 0
    endloop
  endfacet
  facet normal 0 0 -1
    outer loop
      vertex 5.37918 75.4305 0
      vertex 3 78.3 0
      vertex 6 75.4917 0
    endloop
  endfacet
  facet normal 0 0 -1
    outer loop
      vertex 5.37556 75.4298 0
      vertex 3 78.3 0
      vertex 5.37734 75.4303 0
    endloop
  endfacet
  facet normal 0 0 -1
    outer loop
      vertex 4.77697 75.2478 0
      vertex 3 78.3 0
      vertex 4.7786 75.2487 0
    endloop
  endfacet
  facet normal 0 0 -1
    outer loop
      vertex 2.41473 78.2424 0
      vertex 4.2268 74.9538 0
      vertex 3.74458 74.558 0
    endloop
  endfacet
  facet normal 0 0 -1
    outer loop
      vertex 1.33329 77.7944 0
      vertex 3.74458 74.558 0
      vertex 3.74315 74.5568 0
    endloop
  endfacet
  facet normal 0 0 -1
    outer loop
      vertex 3.3474 74.0746 0
      vertex 0.0576439 75.8853 0
      vertex 3.74315 74.5568 0
    endloop
  endfacet
  facet normal 0 0 -1
    outer loop
      vertex 3.34535 74.0716 0
      vertex 0 75.3 0
      vertex 3.34622 74.0732 0
    endloop
  endfacet
  facet normal 0 0 -1
    outer loop
      vertex 0 75.3 0
      vertex 3.05128 73.5214 0
      vertex 2.8702 72.9244 0
    endloop
  endfacet
  facet normal 0 0 -1
    outer loop
      vertex 0 75.3 0
      vertex 2.8702 72.9244 0
      vertex 2.86966 72.9227 0
    endloop
  endfacet
  facet normal 0 0 -1
    outer loop
      vertex 0 75.3 0
      vertex 2.86966 72.9227 0
      vertex 2.86948 72.9208 0
    endloop
  endfacet
  facet normal 0 0 -1
    outer loop
      vertex 0 75.3 0
      vertex 2.86948 72.9208 0
      vertex 2.80833 72.3 0
    endloop
  endfacet
  facet normal 0 0 -1
    outer loop
      vertex 4.2268 74.9538 0
      vertex 2.41473 78.2424 0
      vertex 3 78.3 0
    endloop
  endfacet
  facet normal 0 0 -1
    outer loop
      vertex 2.86966 71.6773 0
      vertex 0 75.3 0
      vertex 2.86948 71.6792 0
    endloop
  endfacet
  facet normal 0 0 -1
    outer loop
      vertex 0 3 0
      vertex 3.3474 4.22537 0
      vertex 0.0576439 2.41473 0
    endloop
  endfacet
  facet normal 0 0 -1
    outer loop
      vertex 2.86948 71.6792 0
      vertex 0 75.3 0
      vertex 2.80833 72.3 0
    endloop
  endfacet
  facet normal -0 0 -1
    outer loop
      vertex 3.3474 4.22537 0
      vertex 0 3 0
      vertex 3.34622 4.2268 0
    endloop
  endfacet
  facet normal 0 0 -1
    outer loop
      vertex 3.3474 74.0746 0
      vertex 0 75.3 0
      vertex 0.0576439 75.8853 0
    endloop
  endfacet
  facet normal -0 0 -1
    outer loop
      vertex 3.34535 4.22844 0
      vertex 0 3 0
      vertex 3.05128 4.7786 0
    endloop
  endfacet
  facet normal 0 0 -1
    outer loop
      vertex 3.74458 74.558 0
      vertex 1.85195 78.0716 0
      vertex 2.41473 78.2424 0
    endloop
  endfacet
  facet normal -0 0 -1
    outer loop
      vertex 3.05128 4.7786 0
      vertex 0 3 0
      vertex 2.8702 5.37556 0
    endloop
  endfacet
  facet normal 0 0 -1
    outer loop
      vertex 3.74458 74.558 0
      vertex 1.33329 77.7944 0
      vertex 1.85195 78.0716 0
    endloop
  endfacet
  facet normal -0 0 -1
    outer loop
      vertex 2.8702 5.37556 0
      vertex 0 3 0
      vertex 2.86966 5.37734 0
    endloop
  endfacet
  facet normal 0 0 -1
    outer loop
      vertex 3.74315 74.5568 0
      vertex 0.878679 77.4213 0
      vertex 1.33329 77.7944 0
    endloop
  endfacet
  facet normal -0 0 -1
    outer loop
      vertex 2.86966 5.37734 0
      vertex 0 3 0
      vertex 2.86948 5.37918 0
    endloop
  endfacet
  facet normal 0 0 -1
    outer loop
      vertex 3.74315 74.5568 0
      vertex 0.50559 76.9667 0
      vertex 0.878679 77.4213 0
    endloop
  endfacet
  facet normal 0 0 -1
    outer loop
      vertex 3.74315 74.5568 0
      vertex 0.228361 76.4481 0
      vertex 0.50559 76.9667 0
    endloop
  endfacet
  facet normal 0 0 -1
    outer loop
      vertex 3.74315 74.5568 0
      vertex 0.0576439 75.8853 0
      vertex 0.228361 76.4481 0
    endloop
  endfacet
  facet normal 0.957282 0.289158 0
    outer loop
      vertex 108.942 75.8853 3
      vertex 108.772 76.4481 0
      vertex 108.772 76.4481 3
    endloop
  endfacet
  facet normal 0.957282 0.289158 0
    outer loop
      vertex 108.772 76.4481 0
      vertex 108.942 75.8853 3
      vertex 108.942 75.8853 0
    endloop
  endfacet
  facet normal -0.881899 0.471438 0
    outer loop
      vertex 0.228361 76.4481 0
      vertex 0.50559 76.9667 3
      vertex 0.50559 76.9667 0
    endloop
  endfacet
  facet normal -0.881899 0.471438 0
    outer loop
      vertex 0.50559 76.9667 3
      vertex 0.228361 76.4481 0
      vertex 0.228361 76.4481 3
    endloop
  endfacet
  facet normal -0.0979429 0.995192 0
    outer loop
      vertex 3 78.3 0
      vertex 2.41473 78.2424 3
      vertex 3 78.3 3
    endloop
  endfacet
  facet normal -0.0979429 0.995192 0
    outer loop
      vertex 2.41473 78.2424 3
      vertex 3 78.3 0
      vertex 2.41473 78.2424 0
    endloop
  endfacet
  facet normal 0.0980617 -0.99518 0
    outer loop
      vertex 106 0 0
      vertex 106.585 0.0576439 3
      vertex 106 0 3
    endloop
  endfacet
  facet normal 0.0980617 -0.99518 0
    outer loop
      vertex 106.585 0.0576439 3
      vertex 106 0 0
      vertex 106.585 0.0576439 0
    endloop
  endfacet
  facet normal 0.773078 0.634311 0
    outer loop
      vertex 108.494 76.9667 3
      vertex 108.121 77.4213 0
      vertex 108.121 77.4213 3
    endloop
  endfacet
  facet normal 0.773078 0.634311 0
    outer loop
      vertex 108.121 77.4213 0
      vertex 108.494 76.9667 3
      vertex 108.494 76.9667 0
    endloop
  endfacet
  facet normal 0.0980032 0.995186 -0
    outer loop
      vertex 6 4.3 1.79
      vertex 5.66835 4.33266 3
      vertex 6 4.3 3
    endloop
  endfacet
  facet normal 0.0980032 0.995186 0
    outer loop
      vertex 5.66835 4.33266 3
      vertex 6 4.3 1.79
      vertex 5.66835 4.33266 1.79
    endloop
  endfacet
  facet normal -0.773003 0.634402 0
    outer loop
      vertex 7.20208 4.79792 1.79
      vertex 7.4135 5.05553 3
      vertex 7.4135 5.05553 1.79
    endloop
  endfacet
  facet normal -0.773003 0.634402 0
    outer loop
      vertex 7.4135 5.05553 3
      vertex 7.20208 4.79792 1.79
      vertex 7.20208 4.79792 3
    endloop
  endfacet
  facet normal -0.956941 -0.290284 0
    outer loop
      vertex 7.66733 6.33165 1.79
      vertex 7.57059 6.65056 3
      vertex 7.57059 6.65056 1.79
    endloop
  endfacet
  facet normal -0.956941 -0.290284 0
    outer loop
      vertex 7.57059 6.65056 3
      vertex 7.66733 6.33165 1.79
      vertex 7.66733 6.33165 3
    endloop
  endfacet
  facet normal -0.995183 -0.098033 0
    outer loop
      vertex 7.7 6 1.79
      vertex 7.66733 6.33165 3
      vertex 7.66733 6.33165 1.79
    endloop
  endfacet
  facet normal -0.995183 -0.098033 0
    outer loop
      vertex 7.66733 6.33165 3
      vertex 7.7 6 1.79
      vertex 7.7 6 3
    endloop
  endfacet
  facet normal -0.881931 -0.471378 0
    outer loop
      vertex 7.57059 6.65056 1.79
      vertex 7.4135 6.94447 3
      vertex 7.4135 6.94447 1.79
    endloop
  endfacet
  facet normal -0.881931 -0.471378 0
    outer loop
      vertex 7.4135 6.94447 3
      vertex 7.57059 6.65056 1.79
      vertex 7.57059 6.65056 3
    endloop
  endfacet
  facet normal 0.881919 0.471401 0
    outer loop
      vertex 4.5865 5.05553 3
      vertex 4.4294 5.34944 1.79
      vertex 4.4294 5.34944 3
    endloop
  endfacet
  facet normal 0.881919 0.471401 0
    outer loop
      vertex 4.4294 5.34944 1.79
      vertex 4.5865 5.05553 3
      vertex 4.5865 5.05553 1.79
    endloop
  endfacet
  facet normal 0.290284 -0.956941 0
    outer loop
      vertex 5.34944 7.57059 1.79
      vertex 5.66835 7.66733 3
      vertex 5.34944 7.57059 3
    endloop
  endfacet
  facet normal 0.290284 -0.956941 0
    outer loop
      vertex 5.66835 7.66733 3
      vertex 5.34944 7.57059 1.79
      vertex 5.66835 7.66733 1.79
    endloop
  endfacet
  facet normal -0.995183 0.098033 0
    outer loop
      vertex 7.66733 5.66835 1.79
      vertex 7.7 6 3
      vertex 7.7 6 1.79
    endloop
  endfacet
  facet normal -0.995183 0.098033 0
    outer loop
      vertex 7.7 6 3
      vertex 7.66733 5.66835 1.79
      vertex 7.66733 5.66835 3
    endloop
  endfacet
  facet normal -0.290284 0.956941 0
    outer loop
      vertex 6.65056 4.4294 1.79
      vertex 6.33165 4.33266 3
      vertex 6.65056 4.4294 3
    endloop
  endfacet
  facet normal -0.290284 0.956941 0
    outer loop
      vertex 6.33165 4.33266 3
      vertex 6.65056 4.4294 1.79
      vertex 6.33165 4.33266 1.79
    endloop
  endfacet
  facet normal 0.995186 0.0980032 0
    outer loop
      vertex 4.33266 5.66835 3
      vertex 4.3 6 1.79
      vertex 4.3 6 3
    endloop
  endfacet
  facet normal 0.995186 0.0980032 0
    outer loop
      vertex 4.3 6 1.79
      vertex 4.33266 5.66835 3
      vertex 4.33266 5.66835 1.79
    endloop
  endfacet
  facet normal -0.098033 -0.995183 0
    outer loop
      vertex 6 7.7 1.79
      vertex 6.33165 7.66733 3
      vertex 6 7.7 3
    endloop
  endfacet
  facet normal -0.098033 -0.995183 -0
    outer loop
      vertex 6.33165 7.66733 3
      vertex 6 7.7 1.79
      vertex 6.33165 7.66733 1.79
    endloop
  endfacet
  facet normal -0.956941 0.290284 0
    outer loop
      vertex 7.57059 5.34944 1.79
      vertex 7.66733 5.66835 3
      vertex 7.66733 5.66835 1.79
    endloop
  endfacet
  facet normal -0.956941 0.290284 0
    outer loop
      vertex 7.66733 5.66835 3
      vertex 7.57059 5.34944 1.79
      vertex 7.57059 5.34944 3
    endloop
  endfacet
  facet normal 0.290284 0.956941 -0
    outer loop
      vertex 5.66835 4.33266 1.79
      vertex 5.34944 4.4294 3
      vertex 5.66835 4.33266 3
    endloop
  endfacet
  facet normal 0.290284 0.956941 0
    outer loop
      vertex 5.34944 4.4294 3
      vertex 5.66835 4.33266 1.79
      vertex 5.34944 4.4294 1.79
    endloop
  endfacet
  facet normal 0.995186 -0.0980032 0
    outer loop
      vertex 4.3 6 3
      vertex 4.33266 6.33165 1.79
      vertex 4.33266 6.33165 3
    endloop
  endfacet
  facet normal 0.995186 -0.0980032 0
    outer loop
      vertex 4.33266 6.33165 1.79
      vertex 4.3 6 3
      vertex 4.3 6 1.79
    endloop
  endfacet
  facet normal -0.471378 -0.881931 0
    outer loop
      vertex 6.65056 7.57059 1.79
      vertex 6.94447 7.4135 3
      vertex 6.65056 7.57059 3
    endloop
  endfacet
  facet normal -0.471378 -0.881931 -0
    outer loop
      vertex 6.94447 7.4135 3
      vertex 6.65056 7.57059 1.79
      vertex 6.94447 7.4135 1.79
    endloop
  endfacet
  facet normal -0.290284 -0.956941 0
    outer loop
      vertex 6.33165 7.66733 1.79
      vertex 6.65056 7.57059 3
      vertex 6.33165 7.66733 3
    endloop
  endfacet
  facet normal -0.290284 -0.956941 -0
    outer loop
      vertex 6.65056 7.57059 3
      vertex 6.33165 7.66733 1.79
      vertex 6.65056 7.57059 1.79
    endloop
  endfacet
  facet normal 0.098033 -0.995183 0
    outer loop
      vertex 5.66835 7.66733 1.79
      vertex 6 7.7 3
      vertex 5.66835 7.66733 3
    endloop
  endfacet
  facet normal 0.098033 -0.995183 0
    outer loop
      vertex 6 7.7 3
      vertex 5.66835 7.66733 1.79
      vertex 6 7.7 1.79
    endloop
  endfacet
  facet normal 0.956941 -0.290284 0
    outer loop
      vertex 4.33266 6.33165 3
      vertex 4.4294 6.65056 1.79
      vertex 4.4294 6.65056 3
    endloop
  endfacet
  facet normal 0.956941 -0.290284 0
    outer loop
      vertex 4.4294 6.65056 1.79
      vertex 4.33266 6.33165 3
      vertex 4.33266 6.33165 1.79
    endloop
  endfacet
  facet normal 0.634402 -0.773003 0
    outer loop
      vertex 4.79792 7.20208 1.79
      vertex 5.05553 7.4135 3
      vertex 4.79792 7.20208 3
    endloop
  endfacet
  facet normal 0.634402 -0.773003 0
    outer loop
      vertex 5.05553 7.4135 3
      vertex 4.79792 7.20208 1.79
      vertex 5.05553 7.4135 1.79
    endloop
  endfacet
  facet normal -0.773003 -0.634402 0
    outer loop
      vertex 7.4135 6.94447 1.79
      vertex 7.20208 7.20208 3
      vertex 7.20208 7.20208 1.79
    endloop
  endfacet
  facet normal -0.773003 -0.634402 0
    outer loop
      vertex 7.20208 7.20208 3
      vertex 7.4135 6.94447 1.79
      vertex 7.4135 6.94447 3
    endloop
  endfacet
  facet normal 0.471378 -0.881931 0
    outer loop
      vertex 5.05553 7.4135 1.79
      vertex 5.34944 7.57059 3
      vertex 5.05553 7.4135 3
    endloop
  endfacet
  facet normal 0.471378 -0.881931 0
    outer loop
      vertex 5.34944 7.57059 3
      vertex 5.05553 7.4135 1.79
      vertex 5.34944 7.57059 1.79
    endloop
  endfacet
  facet normal -0.471401 0.881919 0
    outer loop
      vertex 6.94447 4.5865 1.79
      vertex 6.65056 4.4294 3
      vertex 6.94447 4.5865 3
    endloop
  endfacet
  facet normal -0.471401 0.881919 0
    outer loop
      vertex 6.65056 4.4294 3
      vertex 6.94447 4.5865 1.79
      vertex 6.65056 4.4294 1.79
    endloop
  endfacet
  facet normal -0.881931 0.471378 0
    outer loop
      vertex 7.4135 5.05553 1.79
      vertex 7.57059 5.34944 3
      vertex 7.57059 5.34944 1.79
    endloop
  endfacet
  facet normal -0.881931 0.471378 0
    outer loop
      vertex 7.57059 5.34944 3
      vertex 7.4135 5.05553 1.79
      vertex 7.4135 5.05553 3
    endloop
  endfacet
  facet normal -0.634402 -0.773003 0
    outer loop
      vertex 6.94447 7.4135 1.79
      vertex 7.20208 7.20208 3
      vertex 6.94447 7.4135 3
    endloop
  endfacet
  facet normal -0.634402 -0.773003 -0
    outer loop
      vertex 7.20208 7.20208 3
      vertex 6.94447 7.4135 1.79
      vertex 7.20208 7.20208 1.79
    endloop
  endfacet
  facet normal -0.634402 0.773003 0
    outer loop
      vertex 7.20208 4.79792 1.79
      vertex 6.94447 4.5865 3
      vertex 7.20208 4.79792 3
    endloop
  endfacet
  facet normal -0.634402 0.773003 0
    outer loop
      vertex 6.94447 4.5865 3
      vertex 7.20208 4.79792 1.79
      vertex 6.94447 4.5865 1.79
    endloop
  endfacet
  facet normal -0.0980032 0.995186 0
    outer loop
      vertex 6.33165 4.33266 1.79
      vertex 6 4.3 3
      vertex 6.33165 4.33266 3
    endloop
  endfacet
  facet normal -0.0980032 0.995186 0
    outer loop
      vertex 6 4.3 3
      vertex 6.33165 4.33266 1.79
      vertex 6 4.3 1.79
    endloop
  endfacet
  facet normal 0.956941 0.290284 0
    outer loop
      vertex 4.4294 5.34944 3
      vertex 4.33266 5.66835 1.79
      vertex 4.33266 5.66835 3
    endloop
  endfacet
  facet normal 0.956941 0.290284 0
    outer loop
      vertex 4.33266 5.66835 1.79
      vertex 4.4294 5.34944 3
      vertex 4.4294 5.34944 1.79
    endloop
  endfacet
  facet normal 0.773003 -0.634402 0
    outer loop
      vertex 4.5865 6.94447 3
      vertex 4.79792 7.20208 1.79
      vertex 4.79792 7.20208 3
    endloop
  endfacet
  facet normal 0.773003 -0.634402 0
    outer loop
      vertex 4.79792 7.20208 1.79
      vertex 4.5865 6.94447 3
      vertex 4.5865 6.94447 1.79
    endloop
  endfacet
  facet normal 0.773003 0.634402 0
    outer loop
      vertex 4.79792 4.79792 3
      vertex 4.5865 5.05553 1.79
      vertex 4.5865 5.05553 3
    endloop
  endfacet
  facet normal 0.773003 0.634402 0
    outer loop
      vertex 4.5865 5.05553 1.79
      vertex 4.79792 4.79792 3
      vertex 4.79792 4.79792 1.79
    endloop
  endfacet
  facet normal 0.634402 0.773003 -0
    outer loop
      vertex 5.05553 4.5865 1.79
      vertex 4.79792 4.79792 3
      vertex 5.05553 4.5865 3
    endloop
  endfacet
  facet normal 0.634402 0.773003 0
    outer loop
      vertex 4.79792 4.79792 3
      vertex 5.05553 4.5865 1.79
      vertex 4.79792 4.79792 1.79
    endloop
  endfacet
  facet normal 0.471401 0.881919 -0
    outer loop
      vertex 5.34944 4.4294 1.79
      vertex 5.05553 4.5865 3
      vertex 5.34944 4.4294 3
    endloop
  endfacet
  facet normal 0.471401 0.881919 0
    outer loop
      vertex 5.05553 4.5865 3
      vertex 5.34944 4.4294 1.79
      vertex 5.05553 4.5865 1.79
    endloop
  endfacet
  facet normal 0.881919 -0.471401 0
    outer loop
      vertex 4.4294 6.65056 3
      vertex 4.5865 6.94447 1.79
      vertex 4.5865 6.94447 3
    endloop
  endfacet
  facet normal 0.881919 -0.471401 0
    outer loop
      vertex 4.5865 6.94447 1.79
      vertex 4.4294 6.65056 3
      vertex 4.4294 6.65056 1.79
    endloop
  endfacet
  facet normal -0.766031 -0.0754531 -0.63836
    outer loop
      vertex 9.13052 6.62082 0
      vertex 9.19167 6 0
      vertex 7.7 6 1.79
    endloop
  endfacet
  facet normal 0.59501 -0.488324 -0.63836
    outer loop
      vertex 4.5865 6.94447 1.79
      vertex 3.3474 7.77463 0
      vertex 4.79792 7.20208 1.79
    endloop
  endfacet
  facet normal 0.595358 -0.487863 -0.638387
    outer loop
      vertex 3.3474 7.77463 0
      vertex 4.5865 6.94447 1.79
      vertex 3.34622 7.77319 0
    endloop
  endfacet
  facet normal 0.0754531 0.766031 -0.63836
    outer loop
      vertex 6 4.3 1.79
      vertex 6 2.80833 0
      vertex 5.37918 2.86948 0
    endloop
  endfacet
  facet normal 0.679081 -0.362455 -0.638338
    outer loop
      vertex 4.5865 6.94447 1.79
      vertex 3.34535 7.77156 0
      vertex 3.34622 7.77319 0
    endloop
  endfacet
  facet normal 0.678847 -0.362855 -0.63836
    outer loop
      vertex 3.34535 7.77156 0
      vertex 4.5865 6.94447 1.79
      vertex 4.4294 6.65056 1.79
    endloop
  endfacet
  facet normal -0.0754531 -0.766031 -0.63836
    outer loop
      vertex 6 9.19167 0
      vertex 6.62082 9.13052 0
      vertex 6 7.7 1.79
    endloop
  endfacet
  facet normal 0.766031 -0.0754531 -0.63836
    outer loop
      vertex 2.86948 6.62082 0
      vertex 4.3 6 1.79
      vertex 2.80833 6 0
    endloop
  endfacet
  facet normal 0.678847 0.362855 -0.63836
    outer loop
      vertex 4.4294 5.34944 1.79
      vertex 3.34535 4.22844 0
      vertex 3.05128 4.7786 0
    endloop
  endfacet
  facet normal 0.362855 0.678847 -0.63836
    outer loop
      vertex 4.22844 3.34535 0
      vertex 5.05553 4.5865 1.79
      vertex 5.34944 4.4294 1.79
    endloop
  endfacet
  facet normal 0.360768 0.680068 -0.638243
    outer loop
      vertex 5.05553 4.5865 1.79
      vertex 4.22844 3.34535 0
      vertex 4.2268 3.34622 0
    endloop
  endfacet
  facet normal 0.362854 -0.678845 -0.638362
    outer loop
      vertex 4.7786 8.94872 0
      vertex 5.34944 7.57059 1.79
      vertex 4.22844 8.65465 0
    endloop
  endfacet
  facet normal -0.362838 -0.678857 -0.638359
    outer loop
      vertex 7.77156 8.65465 0
      vertex 6.94447 7.4135 1.79
      vertex 6.65056 7.57059 1.79
    endloop
  endfacet
  facet normal -0.365617 -0.677222 -0.63851
    outer loop
      vertex 6.94447 7.4135 1.79
      vertex 7.77156 8.65465 0
      vertex 7.77319 8.65377 0
    endloop
  endfacet
  facet normal -0.488318 0.595014 -0.638361
    outer loop
      vertex 8.25685 3.74315 0
      vertex 7.77463 3.3474 0
      vertex 7.20208 4.79792 1.79
    endloop
  endfacet
  facet normal 0.489963 0.593768 -0.63826
    outer loop
      vertex 4.22537 3.3474 0
      vertex 5.05553 4.5865 1.79
      vertex 4.2268 3.34622 0
    endloop
  endfacet
  facet normal 0.488324 0.59501 -0.63836
    outer loop
      vertex 5.05553 4.5865 1.79
      vertex 4.22537 3.3474 0
      vertex 4.79792 4.79792 1.79
    endloop
  endfacet
  facet normal -0.488318 -0.595014 -0.638361
    outer loop
      vertex 7.77463 8.6526 0
      vertex 8.25685 8.25685 0
      vertex 7.20208 7.20208 1.79
    endloop
  endfacet
  facet normal -0.0754531 0.766031 -0.63836
    outer loop
      vertex 6 4.3 1.79
      vertex 6.62082 2.86948 0
      vertex 6 2.80833 0
    endloop
  endfacet
  facet normal -0.736595 -0.223433 -0.638362
    outer loop
      vertex 8.94872 7.2214 0
      vertex 9.1298 6.62443 0
      vertex 7.57059 6.65056 1.79
    endloop
  endfacet
  facet normal 0.488318 0.595014 -0.638361
    outer loop
      vertex 4.79792 4.79792 1.79
      vertex 4.22537 3.3474 0
      vertex 3.74315 3.74315 0
    endloop
  endfacet
  facet normal 0.223436 -0.736594 -0.638362
    outer loop
      vertex 5.37556 9.1298 0
      vertex 5.34944 7.57059 1.79
      vertex 4.7786 8.94872 0
    endloop
  endfacet
  facet normal -0.488324 -0.59501 -0.63836
    outer loop
      vertex 6.94447 7.4135 1.79
      vertex 7.77463 8.6526 0
      vertex 7.20208 7.20208 1.79
    endloop
  endfacet
  facet normal -0.485299 -0.597291 -0.638536
    outer loop
      vertex 7.77463 8.6526 0
      vertex 6.94447 7.4135 1.79
      vertex 7.77319 8.65377 0
    endloop
  endfacet
  facet normal -0.223442 -0.736593 -0.638361
    outer loop
      vertex 6.62266 9.13034 0
      vertex 6.65056 7.57059 1.79
      vertex 6.33165 7.66733 1.79
    endloop
  endfacet
  facet normal -0.224662 -0.736391 -0.638166
    outer loop
      vertex 6.65056 7.57059 1.79
      vertex 6.62266 9.13034 0
      vertex 6.62443 9.1298 0
    endloop
  endfacet
  facet normal -0.597291 -0.485299 -0.638536
    outer loop
      vertex 7.4135 6.94447 1.79
      vertex 8.6526 7.77463 0
      vertex 8.65377 7.77319 0
    endloop
  endfacet
  facet normal -0.59501 -0.488324 -0.63836
    outer loop
      vertex 8.6526 7.77463 0
      vertex 7.4135 6.94447 1.79
      vertex 7.20208 7.20208 1.79
    endloop
  endfacet
  facet normal 0.766031 0.0754531 -0.63836
    outer loop
      vertex 4.3 6 1.79
      vertex 2.86948 5.37918 0
      vertex 2.80833 6 0
    endloop
  endfacet
  facet normal -0.766031 0.0754531 -0.63836
    outer loop
      vertex 9.19167 6 0
      vertex 9.13052 5.37918 0
      vertex 7.7 6 1.79
    endloop
  endfacet
  facet normal 0.766034 0.075437 -0.638358
    outer loop
      vertex 4.33266 5.66835 1.79
      vertex 2.86948 5.37918 0
      vertex 4.3 6 1.79
    endloop
  endfacet
  facet normal 0.766103 0.0749448 -0.638334
    outer loop
      vertex 2.86948 5.37918 0
      vertex 4.33266 5.66835 1.79
      vertex 2.86966 5.37734 0
    endloop
  endfacet
  facet normal -0.678845 -0.362854 -0.638362
    outer loop
      vertex 8.65465 7.77156 0
      vertex 8.94872 7.2214 0
      vertex 7.57059 6.65056 1.79
    endloop
  endfacet
  facet normal -0.736594 0.223436 -0.638362
    outer loop
      vertex 9.1298 5.37556 0
      vertex 8.94872 4.7786 0
      vertex 7.57059 5.34944 1.79
    endloop
  endfacet
  facet normal 0.0754531 -0.766031 -0.63836
    outer loop
      vertex 6 9.19167 0
      vertex 6 7.7 1.79
      vertex 5.37918 9.13052 0
    endloop
  endfacet
  facet normal -0.595014 -0.488318 -0.638361
    outer loop
      vertex 8.25685 8.25685 0
      vertex 8.6526 7.77463 0
      vertex 7.20208 7.20208 1.79
    endloop
  endfacet
  facet normal -0.362854 -0.678845 -0.638362
    outer loop
      vertex 7.2214 8.94872 0
      vertex 7.77156 8.65465 0
      vertex 6.65056 7.57059 1.79
    endloop
  endfacet
  facet normal -0.362855 0.678847 -0.63836
    outer loop
      vertex 7.77156 3.34535 0
      vertex 7.2214 3.05128 0
      vertex 6.65056 4.4294 1.79
    endloop
  endfacet
  facet normal -0.0754596 -0.766029 -0.638361
    outer loop
      vertex 6.62082 9.13052 0
      vertex 6.33165 7.66733 1.79
      vertex 6 7.7 1.79
    endloop
  endfacet
  facet normal -0.0749446 -0.7661 -0.638336
    outer loop
      vertex 6.33165 7.66733 1.79
      vertex 6.62082 9.13052 0
      vertex 6.62266 9.13034 0
    endloop
  endfacet
  facet normal 0.488318 -0.595014 -0.638361
    outer loop
      vertex 4.22537 8.6526 0
      vertex 4.79792 7.20208 1.79
      vertex 3.74315 8.25685 0
    endloop
  endfacet
  facet normal 0.595014 0.488318 -0.638361
    outer loop
      vertex 4.79792 4.79792 1.79
      vertex 3.74315 3.74315 0
      vertex 3.3474 4.22537 0
    endloop
  endfacet
  facet normal -0.677222 -0.365617 -0.63851
    outer loop
      vertex 8.65465 7.77156 0
      vertex 7.4135 6.94447 1.79
      vertex 8.65377 7.77319 0
    endloop
  endfacet
  facet normal -0.678857 -0.362838 -0.638359
    outer loop
      vertex 7.4135 6.94447 1.79
      vertex 8.65465 7.77156 0
      vertex 7.57059 6.65056 1.79
    endloop
  endfacet
  facet normal 0.595014 -0.488318 -0.638361
    outer loop
      vertex 3.74315 8.25685 0
      vertex 4.79792 7.20208 1.79
      vertex 3.3474 7.77463 0
    endloop
  endfacet
  facet normal -0.223433 -0.736595 -0.638362
    outer loop
      vertex 7.2214 8.94872 0
      vertex 6.65056 7.57059 1.79
      vertex 6.62443 9.1298 0
    endloop
  endfacet
  facet normal -0.0749448 0.766103 -0.638334
    outer loop
      vertex 6.62082 2.86948 0
      vertex 6.33165 4.33266 1.79
      vertex 6.62266 2.86966 0
    endloop
  endfacet
  facet normal -0.075437 0.766034 -0.638358
    outer loop
      vertex 6.33165 4.33266 1.79
      vertex 6.62082 2.86948 0
      vertex 6 4.3 1.79
    endloop
  endfacet
  facet normal 0.488324 -0.59501 -0.63836
    outer loop
      vertex 4.22537 8.6526 0
      vertex 5.05553 7.4135 1.79
      vertex 4.79792 7.20208 1.79
    endloop
  endfacet
  facet normal 0.487398 -0.595709 -0.638415
    outer loop
      vertex 5.05553 7.4135 1.79
      vertex 4.22537 8.6526 0
      vertex 4.2268 8.65377 0
    endloop
  endfacet
  facet normal 0.59501 0.488324 -0.63836
    outer loop
      vertex 3.3474 4.22537 0
      vertex 4.5865 5.05553 1.79
      vertex 4.79792 4.79792 1.79
    endloop
  endfacet
  facet normal 0.593768 0.489963 -0.63826
    outer loop
      vertex 4.5865 5.05553 1.79
      vertex 3.3474 4.22537 0
      vertex 3.34622 4.2268 0
    endloop
  endfacet
  facet normal 0.678847 0.362855 -0.63836
    outer loop
      vertex 4.5865 5.05553 1.79
      vertex 3.34535 4.22844 0
      vertex 4.4294 5.34944 1.79
    endloop
  endfacet
  facet normal 0.680068 0.360768 -0.638243
    outer loop
      vertex 3.34535 4.22844 0
      vertex 4.5865 5.05553 1.79
      vertex 3.34622 4.2268 0
    endloop
  endfacet
  facet normal 0.22346 -0.73659 -0.638358
    outer loop
      vertex 5.37734 9.13034 0
      vertex 5.34944 7.57059 1.79
      vertex 5.37556 9.1298 0
    endloop
  endfacet
  facet normal 0.223442 -0.736593 -0.638361
    outer loop
      vertex 5.34944 7.57059 1.79
      vertex 5.37734 9.13034 0
      vertex 5.66835 7.66733 1.79
    endloop
  endfacet
  facet normal 0.678847 -0.362855 -0.63836
    outer loop
      vertex 3.34535 7.77156 0
      vertex 4.4294 6.65056 1.79
      vertex 3.05128 7.2214 0
    endloop
  endfacet
  facet normal 0.736595 0.223443 -0.638359
    outer loop
      vertex 4.4294 5.34944 1.79
      vertex 2.86966 5.37734 0
      vertex 4.33266 5.66835 1.79
    endloop
  endfacet
  facet normal 0.736592 0.22346 -0.638356
    outer loop
      vertex 2.86966 5.37734 0
      vertex 4.4294 5.34944 1.79
      vertex 2.8702 5.37556 0
    endloop
  endfacet
  facet normal -0.736391 -0.224662 -0.638166
    outer loop
      vertex 9.13034 6.62266 0
      vertex 7.57059 6.65056 1.79
      vertex 9.1298 6.62443 0
    endloop
  endfacet
  facet normal -0.736593 -0.223442 -0.638361
    outer loop
      vertex 7.57059 6.65056 1.79
      vertex 9.13034 6.62266 0
      vertex 7.66733 6.33165 1.79
    endloop
  endfacet
  facet normal 0.362855 0.678847 -0.63836
    outer loop
      vertex 5.34944 4.4294 1.79
      vertex 4.7786 3.05128 0
      vertex 4.22844 3.34535 0
    endloop
  endfacet
  facet normal -0.766029 0.0754596 -0.638361
    outer loop
      vertex 9.13052 5.37918 0
      vertex 7.66733 5.66835 1.79
      vertex 7.7 6 1.79
    endloop
  endfacet
  facet normal -0.7661 0.0749446 -0.638336
    outer loop
      vertex 7.66733 5.66835 1.79
      vertex 9.13052 5.37918 0
      vertex 9.13034 5.37734 0
    endloop
  endfacet
  facet normal 0.736597 -0.223433 -0.638359
    outer loop
      vertex 3.05128 7.2214 0
      vertex 4.4294 6.65056 1.79
      vertex 2.8702 6.62443 0
    endloop
  endfacet
  facet normal 0.736393 -0.224662 -0.638164
    outer loop
      vertex 4.4294 6.65056 1.79
      vertex 2.86966 6.62266 0
      vertex 2.8702 6.62443 0
    endloop
  endfacet
  facet normal 0.736595 -0.223443 -0.638359
    outer loop
      vertex 2.86966 6.62266 0
      vertex 4.4294 6.65056 1.79
      vertex 4.33266 6.33165 1.79
    endloop
  endfacet
  facet normal -0.224662 0.736393 -0.638164
    outer loop
      vertex 6.62266 2.86966 0
      vertex 6.65056 4.4294 1.79
      vertex 6.62443 2.8702 0
    endloop
  endfacet
  facet normal -0.223443 0.736595 -0.638359
    outer loop
      vertex 6.65056 4.4294 1.79
      vertex 6.62266 2.86966 0
      vertex 6.33165 4.33266 1.79
    endloop
  endfacet
  facet normal -0.223433 0.736597 -0.638359
    outer loop
      vertex 6.65056 4.4294 1.79
      vertex 7.2214 3.05128 0
      vertex 6.62443 2.8702 0
    endloop
  endfacet
  facet normal -0.362455 0.679081 -0.638338
    outer loop
      vertex 7.77156 3.34535 0
      vertex 6.94447 4.5865 1.79
      vertex 7.77319 3.34622 0
    endloop
  endfacet
  facet normal -0.362855 0.678847 -0.63836
    outer loop
      vertex 6.94447 4.5865 1.79
      vertex 7.77156 3.34535 0
      vertex 6.65056 4.4294 1.79
    endloop
  endfacet
  facet normal 0.223443 0.736595 -0.638359
    outer loop
      vertex 5.37734 2.86966 0
      vertex 5.34944 4.4294 1.79
      vertex 5.66835 4.33266 1.79
    endloop
  endfacet
  facet normal 0.22346 0.736592 -0.638356
    outer loop
      vertex 5.34944 4.4294 1.79
      vertex 5.37734 2.86966 0
      vertex 5.37556 2.8702 0
    endloop
  endfacet
  facet normal -0.595014 0.488318 -0.638361
    outer loop
      vertex 8.6526 4.22537 0
      vertex 8.25685 3.74315 0
      vertex 7.20208 4.79792 1.79
    endloop
  endfacet
  facet normal 0.736596 0.223437 -0.63836
    outer loop
      vertex 4.4294 5.34944 1.79
      vertex 3.05128 4.7786 0
      vertex 2.8702 5.37556 0
    endloop
  endfacet
  facet normal 0.363923 -0.67822 -0.638419
    outer loop
      vertex 4.22844 8.65465 0
      vertex 5.05553 7.4135 1.79
      vertex 4.2268 8.65377 0
    endloop
  endfacet
  facet normal 0.362838 -0.678857 -0.638359
    outer loop
      vertex 5.05553 7.4135 1.79
      vertex 4.22844 8.65465 0
      vertex 5.34944 7.57059 1.79
    endloop
  endfacet
  facet normal -0.595709 0.487398 -0.638415
    outer loop
      vertex 8.6526 4.22537 0
      vertex 7.4135 5.05553 1.79
      vertex 8.65377 4.2268 0
    endloop
  endfacet
  facet normal -0.59501 0.488324 -0.63836
    outer loop
      vertex 7.4135 5.05553 1.79
      vertex 8.6526 4.22537 0
      vertex 7.20208 4.79792 1.79
    endloop
  endfacet
  facet normal -0.678857 0.362838 -0.638359
    outer loop
      vertex 8.65465 4.22844 0
      vertex 7.4135 5.05553 1.79
      vertex 7.57059 5.34944 1.79
    endloop
  endfacet
  facet normal -0.67822 0.363923 -0.638419
    outer loop
      vertex 7.4135 5.05553 1.79
      vertex 8.65465 4.22844 0
      vertex 8.65377 4.2268 0
    endloop
  endfacet
  facet normal -0.678845 0.362854 -0.638362
    outer loop
      vertex 8.94872 4.7786 0
      vertex 8.65465 4.22844 0
      vertex 7.57059 5.34944 1.79
    endloop
  endfacet
  facet normal 0.223437 0.736596 -0.63836
    outer loop
      vertex 5.34944 4.4294 1.79
      vertex 5.37556 2.8702 0
      vertex 4.7786 3.05128 0
    endloop
  endfacet
  facet normal -0.7661 -0.0749446 -0.638336
    outer loop
      vertex 9.13052 6.62082 0
      vertex 7.66733 6.33165 1.79
      vertex 9.13034 6.62266 0
    endloop
  endfacet
  facet normal -0.766029 -0.0754596 -0.638361
    outer loop
      vertex 7.66733 6.33165 1.79
      vertex 9.13052 6.62082 0
      vertex 7.7 6 1.79
    endloop
  endfacet
  facet normal -0.73659 0.22346 -0.638358
    outer loop
      vertex 7.57059 5.34944 1.79
      vertex 9.13034 5.37734 0
      vertex 9.1298 5.37556 0
    endloop
  endfacet
  facet normal -0.736593 0.223442 -0.638361
    outer loop
      vertex 9.13034 5.37734 0
      vertex 7.57059 5.34944 1.79
      vertex 7.66733 5.66835 1.79
    endloop
  endfacet
  facet normal 0.766103 -0.0749448 -0.638334
    outer loop
      vertex 4.33266 6.33165 1.79
      vertex 2.86948 6.62082 0
      vertex 2.86966 6.62266 0
    endloop
  endfacet
  facet normal 0.766034 -0.075437 -0.638358
    outer loop
      vertex 2.86948 6.62082 0
      vertex 4.33266 6.33165 1.79
      vertex 4.3 6 1.79
    endloop
  endfacet
  facet normal 0.075437 0.766034 -0.638358
    outer loop
      vertex 5.37918 2.86948 0
      vertex 5.66835 4.33266 1.79
      vertex 6 4.3 1.79
    endloop
  endfacet
  facet normal 0.0749448 0.766103 -0.638334
    outer loop
      vertex 5.66835 4.33266 1.79
      vertex 5.37918 2.86948 0
      vertex 5.37734 2.86966 0
    endloop
  endfacet
  facet normal -0.487863 0.595358 -0.638387
    outer loop
      vertex 6.94447 4.5865 1.79
      vertex 7.77463 3.3474 0
      vertex 7.77319 3.34622 0
    endloop
  endfacet
  facet normal -0.488324 0.59501 -0.63836
    outer loop
      vertex 7.77463 3.3474 0
      vertex 6.94447 4.5865 1.79
      vertex 7.20208 4.79792 1.79
    endloop
  endfacet
  facet normal 0.0749446 -0.7661 -0.638336
    outer loop
      vertex 5.37918 9.13052 0
      vertex 5.66835 7.66733 1.79
      vertex 5.37734 9.13034 0
    endloop
  endfacet
  facet normal 0.0754596 -0.766029 -0.638361
    outer loop
      vertex 5.66835 7.66733 1.79
      vertex 5.37918 9.13052 0
      vertex 6 7.7 1.79
    endloop
  endfacet
  facet normal 0.0979009 0.995196 -0
    outer loop
      vertex 103 4.3 1.79
      vertex 102.668 4.33266 3
      vertex 103 4.3 3
    endloop
  endfacet
  facet normal 0.0979009 0.995196 0
    outer loop
      vertex 102.668 4.33266 3
      vertex 103 4.3 1.79
      vertex 102.668 4.33266 1.79
    endloop
  endfacet
  facet normal -0.957556 -0.288249 0
    outer loop
      vertex 104.667 6.33165 1.79
      vertex 104.571 6.65056 3
      vertex 104.571 6.65056 1.79
    endloop
  endfacet
  facet normal -0.957556 -0.288249 0
    outer loop
      vertex 104.571 6.65056 3
      vertex 104.667 6.33165 1.79
      vertex 104.667 6.33165 3
    endloop
  endfacet
  facet normal -0.995086 -0.0990135 0
    outer loop
      vertex 104.7 6 1.79
      vertex 104.667 6.33165 3
      vertex 104.667 6.33165 1.79
    endloop
  endfacet
  facet normal -0.995086 -0.0990135 0
    outer loop
      vertex 104.667 6.33165 3
      vertex 104.7 6 1.79
      vertex 104.7 6 3
    endloop
  endfacet
  facet normal -0.880795 -0.473497 0
    outer loop
      vertex 104.571 6.65056 1.79
      vertex 104.413 6.94447 3
      vertex 104.413 6.94447 1.79
    endloop
  endfacet
  facet normal -0.880795 -0.473497 0
    outer loop
      vertex 104.413 6.94447 3
      vertex 104.571 6.65056 1.79
      vertex 104.571 6.65056 3
    endloop
  endfacet
  facet normal 0.880795 0.473497 0
    outer loop
      vertex 101.587 5.05553 3
      vertex 101.429 5.34944 1.79
      vertex 101.429 5.34944 3
    endloop
  endfacet
  facet normal 0.880795 0.473497 0
    outer loop
      vertex 101.429 5.34944 1.79
      vertex 101.587 5.05553 3
      vertex 101.587 5.05553 1.79
    endloop
  endfacet
  facet normal -0.995086 0.0990135 0
    outer loop
      vertex 104.667 5.66835 1.79
      vertex 104.7 6 3
      vertex 104.7 6 1.79
    endloop
  endfacet
  facet normal -0.995086 0.0990135 0
    outer loop
      vertex 104.7 6 3
      vertex 104.667 5.66835 1.79
      vertex 104.667 5.66835 3
    endloop
  endfacet
  facet normal -0.290209 0.956963 0
    outer loop
      vertex 103.651 4.4294 1.79
      vertex 103.332 4.33266 3
      vertex 103.651 4.4294 3
    endloop
  endfacet
  facet normal -0.290209 0.956963 0
    outer loop
      vertex 103.332 4.33266 3
      vertex 103.651 4.4294 1.79
      vertex 103.332 4.33266 1.79
    endloop
  endfacet
  facet normal 0.995086 0.0990135 0
    outer loop
      vertex 101.333 5.66835 3
      vertex 101.3 6 1.79
      vertex 101.3 6 3
    endloop
  endfacet
  facet normal 0.995086 0.0990135 0
    outer loop
      vertex 101.3 6 1.79
      vertex 101.333 5.66835 3
      vertex 101.333 5.66835 1.79
    endloop
  endfacet
  facet normal -0.0979306 -0.995193 0
    outer loop
      vertex 103 7.7 1.79
      vertex 103.332 7.66733 3
      vertex 103 7.7 3
    endloop
  endfacet
  facet normal -0.0979306 -0.995193 -0
    outer loop
      vertex 103.332 7.66733 3
      vertex 103 7.7 1.79
      vertex 103.332 7.66733 1.79
    endloop
  endfacet
  facet normal -0.957556 0.288249 0
    outer loop
      vertex 104.571 5.34944 1.79
      vertex 104.667 5.66835 3
      vertex 104.667 5.66835 1.79
    endloop
  endfacet
  facet normal -0.957556 0.288249 0
    outer loop
      vertex 104.667 5.66835 3
      vertex 104.571 5.34944 1.79
      vertex 104.571 5.34944 3
    endloop
  endfacet
  facet normal 0.290209 0.956963 -0
    outer loop
      vertex 102.668 4.33266 1.79
      vertex 102.349 4.4294 3
      vertex 102.668 4.33266 3
    endloop
  endfacet
  facet normal 0.290209 0.956963 0
    outer loop
      vertex 102.349 4.4294 3
      vertex 102.668 4.33266 1.79
      vertex 102.349 4.4294 1.79
    endloop
  endfacet
  facet normal 0.995086 -0.0990135 0
    outer loop
      vertex 101.3 6 3
      vertex 101.333 6.33165 1.79
      vertex 101.333 6.33165 3
    endloop
  endfacet
  facet normal 0.995086 -0.0990135 0
    outer loop
      vertex 101.333 6.33165 1.79
      vertex 101.3 6 3
      vertex 101.3 6 1.79
    endloop
  endfacet
  facet normal -0.290209 -0.956963 0
    outer loop
      vertex 103.332 7.66733 1.79
      vertex 103.651 7.57059 3
      vertex 103.332 7.66733 3
    endloop
  endfacet
  facet normal -0.290209 -0.956963 -0
    outer loop
      vertex 103.651 7.57059 3
      vertex 103.332 7.66733 1.79
      vertex 103.651 7.57059 1.79
    endloop
  endfacet
  facet normal 0.0979306 -0.995193 0
    outer loop
      vertex 102.668 7.66733 1.79
      vertex 103 7.7 3
      vertex 102.668 7.66733 3
    endloop
  endfacet
  facet normal 0.0979306 -0.995193 0
    outer loop
      vertex 103 7.7 3
      vertex 102.668 7.66733 1.79
      vertex 103 7.7 1.79
    endloop
  endfacet
  facet normal 0.957556 -0.288249 0
    outer loop
      vertex 101.333 6.33165 3
      vertex 101.429 6.65056 1.79
      vertex 101.429 6.65056 3
    endloop
  endfacet
  facet normal 0.957556 -0.288249 0
    outer loop
      vertex 101.429 6.65056 1.79
      vertex 101.333 6.33165 3
      vertex 101.333 6.33165 1.79
    endloop
  endfacet
  facet normal 0.633829 -0.773474 0
    outer loop
      vertex 101.798 7.20208 1.79
      vertex 102.056 7.4135 3
      vertex 101.798 7.20208 3
    endloop
  endfacet
  facet normal 0.633829 -0.773474 0
    outer loop
      vertex 102.056 7.4135 3
      vertex 101.798 7.20208 1.79
      vertex 102.056 7.4135 1.79
    endloop
  endfacet
  facet normal -0.773621 -0.633648 0
    outer loop
      vertex 104.413 6.94447 1.79
      vertex 104.202 7.20208 3
      vertex 104.202 7.20208 1.79
    endloop
  endfacet
  facet normal -0.773621 -0.633648 0
    outer loop
      vertex 104.202 7.20208 3
      vertex 104.413 6.94447 1.79
      vertex 104.413 6.94447 3
    endloop
  endfacet
  facet normal 0.472515 -0.881323 0
    outer loop
      vertex 102.056 7.4135 1.79
      vertex 102.349 7.57059 3
      vertex 102.056 7.4135 3
    endloop
  endfacet
  facet normal 0.472515 -0.881323 0
    outer loop
      vertex 102.349 7.57059 3
      vertex 102.056 7.4135 1.79
      vertex 102.349 7.57059 1.79
    endloop
  endfacet
  facet normal -0.472539 0.88131 0
    outer loop
      vertex 103.944 4.5865 1.79
      vertex 103.651 4.4294 3
      vertex 103.944 4.5865 3
    endloop
  endfacet
  facet normal -0.472539 0.88131 0
    outer loop
      vertex 103.651 4.4294 3
      vertex 103.944 4.5865 1.79
      vertex 103.651 4.4294 1.79
    endloop
  endfacet
  facet normal -0.880795 0.473497 0
    outer loop
      vertex 104.413 5.05553 1.79
      vertex 104.571 5.34944 3
      vertex 104.571 5.34944 1.79
    endloop
  endfacet
  facet normal -0.880795 0.473497 0
    outer loop
      vertex 104.571 5.34944 3
      vertex 104.413 5.05553 1.79
      vertex 104.413 5.05553 3
    endloop
  endfacet
  facet normal -0.773621 0.633648 0
    outer loop
      vertex 104.202 4.79792 1.79
      vertex 104.413 5.05553 3
      vertex 104.413 5.05553 1.79
    endloop
  endfacet
  facet normal -0.773621 0.633648 0
    outer loop
      vertex 104.413 5.05553 3
      vertex 104.202 4.79792 1.79
      vertex 104.202 4.79792 3
    endloop
  endfacet
  facet normal -0.633829 -0.773474 0
    outer loop
      vertex 103.944 7.4135 1.79
      vertex 104.202 7.20208 3
      vertex 103.944 7.4135 3
    endloop
  endfacet
  facet normal -0.633829 -0.773474 -0
    outer loop
      vertex 104.202 7.20208 3
      vertex 103.944 7.4135 1.79
      vertex 104.202 7.20208 1.79
    endloop
  endfacet
  facet normal -0.633829 0.773474 0
    outer loop
      vertex 104.202 4.79792 1.79
      vertex 103.944 4.5865 3
      vertex 104.202 4.79792 3
    endloop
  endfacet
  facet normal -0.633829 0.773474 0
    outer loop
      vertex 103.944 4.5865 3
      vertex 104.202 4.79792 1.79
      vertex 103.944 4.5865 1.79
    endloop
  endfacet
  facet normal -0.472515 -0.881323 0
    outer loop
      vertex 103.651 7.57059 1.79
      vertex 103.944 7.4135 3
      vertex 103.651 7.57059 3
    endloop
  endfacet
  facet normal -0.472515 -0.881323 -0
    outer loop
      vertex 103.944 7.4135 3
      vertex 103.651 7.57059 1.79
      vertex 103.944 7.4135 1.79
    endloop
  endfacet
  facet normal 0.290209 -0.956963 0
    outer loop
      vertex 102.349 7.57059 1.79
      vertex 102.668 7.66733 3
      vertex 102.349 7.57059 3
    endloop
  endfacet
  facet normal 0.290209 -0.956963 0
    outer loop
      vertex 102.668 7.66733 3
      vertex 102.349 7.57059 1.79
      vertex 102.668 7.66733 1.79
    endloop
  endfacet
  facet normal -0.0979009 0.995196 0
    outer loop
      vertex 103.332 4.33266 1.79
      vertex 103 4.3 3
      vertex 103.332 4.33266 3
    endloop
  endfacet
  facet normal -0.0979009 0.995196 0
    outer loop
      vertex 103 4.3 3
      vertex 103.332 4.33266 1.79
      vertex 103 4.3 1.79
    endloop
  endfacet
  facet normal 0.957556 0.288249 0
    outer loop
      vertex 101.429 5.34944 3
      vertex 101.333 5.66835 1.79
      vertex 101.333 5.66835 3
    endloop
  endfacet
  facet normal 0.957556 0.288249 0
    outer loop
      vertex 101.333 5.66835 1.79
      vertex 101.429 5.34944 3
      vertex 101.429 5.34944 1.79
    endloop
  endfacet
  facet normal 0.773621 -0.633648 0
    outer loop
      vertex 101.587 6.94447 3
      vertex 101.798 7.20208 1.79
      vertex 101.798 7.20208 3
    endloop
  endfacet
  facet normal 0.773621 -0.633648 0
    outer loop
      vertex 101.798 7.20208 1.79
      vertex 101.587 6.94447 3
      vertex 101.587 6.94447 1.79
    endloop
  endfacet
  facet normal 0.773621 0.633648 0
    outer loop
      vertex 101.798 4.79792 3
      vertex 101.587 5.05553 1.79
      vertex 101.587 5.05553 3
    endloop
  endfacet
  facet normal 0.773621 0.633648 0
    outer loop
      vertex 101.587 5.05553 1.79
      vertex 101.798 4.79792 3
      vertex 101.798 4.79792 1.79
    endloop
  endfacet
  facet normal 0.633829 0.773474 -0
    outer loop
      vertex 102.056 4.5865 1.79
      vertex 101.798 4.79792 3
      vertex 102.056 4.5865 3
    endloop
  endfacet
  facet normal 0.633829 0.773474 0
    outer loop
      vertex 101.798 4.79792 3
      vertex 102.056 4.5865 1.79
      vertex 101.798 4.79792 1.79
    endloop
  endfacet
  facet normal 0.472539 0.88131 -0
    outer loop
      vertex 102.349 4.4294 1.79
      vertex 102.056 4.5865 3
      vertex 102.349 4.4294 3
    endloop
  endfacet
  facet normal 0.472539 0.88131 0
    outer loop
      vertex 102.056 4.5865 3
      vertex 102.349 4.4294 1.79
      vertex 102.056 4.5865 1.79
    endloop
  endfacet
  facet normal 0.880795 -0.473497 0
    outer loop
      vertex 101.429 6.65056 3
      vertex 101.587 6.94447 1.79
      vertex 101.587 6.94447 3
    endloop
  endfacet
  facet normal 0.880795 -0.473497 0
    outer loop
      vertex 101.587 6.94447 1.79
      vertex 101.429 6.65056 3
      vertex 101.429 6.65056 1.79
    endloop
  endfacet
  facet normal -0.765972 -0.0752622 -0.638453
    outer loop
      vertex 106.131 6.62082 0
      vertex 106.192 6 0
      vertex 104.7 6 1.79
    endloop
  endfacet
  facet normal 0.595349 -0.487631 -0.638573
    outer loop
      vertex 101.587 6.94447 1.79
      vertex 100.347 7.77463 0
      vertex 101.798 7.20208 1.79
    endloop
  endfacet
  facet normal 0.630933 -0.438148 -0.640274
    outer loop
      vertex 100.347 7.77463 0
      vertex 101.587 6.94447 1.79
      vertex 100.346 7.77319 0
    endloop
  endfacet
  facet normal 0.0754313 0.766032 -0.638361
    outer loop
      vertex 103 4.3 1.79
      vertex 103 2.80833 0
      vertex 102.379 2.86948 0
    endloop
  endfacet
  facet normal 0.654904 -0.401782 -0.640056
    outer loop
      vertex 101.587 6.94447 1.79
      vertex 100.345 7.77156 0
      vertex 100.346 7.77319 0
    endloop
  endfacet
  facet normal 0.677779 -0.36436 -0.638637
    outer loop
      vertex 100.345 7.77156 0
      vertex 101.587 6.94447 1.79
      vertex 101.429 6.65056 1.79
    endloop
  endfacet
  facet normal -0.0754313 -0.766032 -0.638361
    outer loop
      vertex 103 9.19167 0
      vertex 103.621 9.13052 0
      vertex 103 7.7 1.79
    endloop
  endfacet
  facet normal 0.766021 -0.0755138 -0.638365
    outer loop
      vertex 99.8695 6.62082 0
      vertex 101.3 6 1.79
      vertex 99.8083 6 0
    endloop
  endfacet
  facet normal 0.6789 0.362797 -0.638337
    outer loop
      vertex 101.429 5.34944 1.79
      vertex 100.345 4.22844 0
      vertex 100.051 4.7786 0
    endloop
  endfacet
  facet normal 0.363669 0.678263 -0.638517
    outer loop
      vertex 101.228 3.34535 0
      vertex 102.056 4.5865 1.79
      vertex 102.349 4.4294 1.79
    endloop
  endfacet
  facet normal 0.505873 0.581463 -0.637176
    outer loop
      vertex 102.056 4.5865 1.79
      vertex 101.228 3.34535 0
      vertex 101.227 3.34622 0
    endloop
  endfacet
  facet normal 0.362454 -0.679131 -0.638285
    outer loop
      vertex 101.779 8.94872 0
      vertex 102.349 7.57059 1.79
      vertex 101.228 8.65465 0
    endloop
  endfacet
  facet normal -0.363652 -0.678274 -0.638516
    outer loop
      vertex 104.772 8.65465 0
      vertex 103.944 7.4135 1.79
      vertex 103.651 7.57059 1.79
    endloop
  endfacet
  facet normal -0.509312 -0.578763 -0.636895
    outer loop
      vertex 103.944 7.4135 1.79
      vertex 104.772 8.65465 0
      vertex 104.773 8.65377 0
    endloop
  endfacet
  facet normal -0.488427 0.594875 -0.638406
    outer loop
      vertex 105.257 3.74315 0
      vertex 104.775 3.3474 0
      vertex 104.202 4.79792 1.79
    endloop
  endfacet
  facet normal 0.390606 0.662045 -0.639628
    outer loop
      vertex 101.225 3.3474 0
      vertex 102.056 4.5865 1.79
      vertex 101.227 3.34622 0
    endloop
  endfacet
  facet normal 0.487797 0.595268 -0.638522
    outer loop
      vertex 102.056 4.5865 1.79
      vertex 101.225 3.3474 0
      vertex 101.798 4.79792 1.79
    endloop
  endfacet
  facet normal -0.488427 -0.594875 -0.638406
    outer loop
      vertex 104.775 8.6526 0
      vertex 105.257 8.25685 0
      vertex 104.202 7.20208 1.79
    endloop
  endfacet
  facet normal -0.0754313 0.766032 -0.638361
    outer loop
      vertex 103 4.3 1.79
      vertex 103.621 2.86948 0
      vertex 103 2.80833 0
    endloop
  endfacet
  facet normal -0.736651 -0.223351 -0.638326
    outer loop
      vertex 105.949 7.2214 0
      vertex 106.13 6.62443 0
      vertex 104.571 6.65056 1.79
    endloop
  endfacet
  facet normal 0.488427 0.594875 -0.638406
    outer loop
      vertex 101.798 4.79792 1.79
      vertex 101.225 3.3474 0
      vertex 100.743 3.74315 0
    endloop
  endfacet
  facet normal 0.223437 -0.736648 -0.638299
    outer loop
      vertex 102.376 9.1298 0
      vertex 102.349 7.57059 1.79
      vertex 101.779 8.94872 0
    endloop
  endfacet
  facet normal -0.487797 -0.595268 -0.638522
    outer loop
      vertex 103.944 7.4135 1.79
      vertex 104.775 8.6526 0
      vertex 104.202 7.20208 1.79
    endloop
  endfacet
  facet normal -0.388178 -0.663552 -0.639544
    outer loop
      vertex 104.775 8.6526 0
      vertex 103.944 7.4135 1.79
      vertex 104.773 8.65377 0
    endloop
  endfacet
  facet normal -0.223384 -0.736608 -0.638363
    outer loop
      vertex 103.623 9.13034 0
      vertex 103.651 7.57059 1.79
      vertex 103.332 7.66733 1.79
    endloop
  endfacet
  facet normal -0.378425 -0.700787 -0.604725
    outer loop
      vertex 103.651 7.57059 1.79
      vertex 103.623 9.13034 0
      vertex 103.624 9.1298 0
    endloop
  endfacet
  facet normal -0.630933 -0.438148 -0.640274
    outer loop
      vertex 104.413 6.94447 1.79
      vertex 105.653 7.77463 0
      vertex 105.654 7.77319 0
    endloop
  endfacet
  facet normal -0.595349 -0.487631 -0.638573
    outer loop
      vertex 105.653 7.77463 0
      vertex 104.413 6.94447 1.79
      vertex 104.202 7.20208 1.79
    endloop
  endfacet
  facet normal 0.766021 0.0755138 -0.638365
    outer loop
      vertex 101.3 6 1.79
      vertex 99.8695 5.37918 0
      vertex 99.8083 6 0
    endloop
  endfacet
  facet normal -0.765972 0.0752622 -0.638453
    outer loop
      vertex 106.192 6 0
      vertex 106.131 5.37918 0
      vertex 104.7 6 1.79
    endloop
  endfacet
  facet normal 0.76586 0.076205 -0.638476
    outer loop
      vertex 101.333 5.66835 1.79
      vertex 99.8695 5.37918 0
      vertex 101.3 6 1.79
    endloop
  endfacet
  facet normal 0.764875 0.0831386 -0.638791
    outer loop
      vertex 99.8695 5.37918 0
      vertex 101.333 5.66835 1.79
      vertex 99.8697 5.37734 0
    endloop
  endfacet
  facet normal -0.6789 -0.362797 -0.638337
    outer loop
      vertex 105.655 7.77156 0
      vertex 105.949 7.2214 0
      vertex 104.571 6.65056 1.79
    endloop
  endfacet
  facet normal -0.73665 0.223354 -0.638326
    outer loop
      vertex 106.13 5.37556 0
      vertex 105.949 4.7786 0
      vertex 104.571 5.34944 1.79
    endloop
  endfacet
  facet normal 0.0754313 -0.766032 -0.638361
    outer loop
      vertex 103 9.19167 0
      vertex 103 7.7 1.79
      vertex 102.379 9.13052 0
    endloop
  endfacet
  facet normal -0.594826 -0.488472 -0.638417
    outer loop
      vertex 105.257 8.25685 0
      vertex 105.653 7.77463 0
      vertex 104.202 7.20208 1.79
    endloop
  endfacet
  facet normal -0.362454 -0.679131 -0.638285
    outer loop
      vertex 104.221 8.94872 0
      vertex 104.772 8.65465 0
      vertex 103.651 7.57059 1.79
    endloop
  endfacet
  facet normal -0.362455 0.679133 -0.638283
    outer loop
      vertex 104.772 3.34535 0
      vertex 104.221 3.05128 0
      vertex 103.651 4.4294 1.79
    endloop
  endfacet
  facet normal -0.0753815 -0.766044 -0.638353
    outer loop
      vertex 103.621 9.13052 0
      vertex 103.332 7.66733 1.79
      vertex 103 7.7 1.79
    endloop
  endfacet
  facet normal -0.0690218 -0.766909 -0.638034
    outer loop
      vertex 103.332 7.66733 1.79
      vertex 103.621 9.13052 0
      vertex 103.623 9.13034 0
    endloop
  endfacet
  facet normal 0.488427 -0.594875 -0.638406
    outer loop
      vertex 101.225 8.6526 0
      vertex 101.798 7.20208 1.79
      vertex 100.743 8.25685 0
    endloop
  endfacet
  facet normal 0.594826 0.488472 -0.638417
    outer loop
      vertex 101.798 4.79792 1.79
      vertex 100.743 3.74315 0
      vertex 100.347 4.22537 0
    endloop
  endfacet
  facet normal -0.654904 -0.401782 -0.640056
    outer loop
      vertex 105.655 7.77156 0
      vertex 104.413 6.94447 1.79
      vertex 105.654 7.77319 0
    endloop
  endfacet
  facet normal -0.677779 -0.36436 -0.638637
    outer loop
      vertex 104.413 6.94447 1.79
      vertex 105.655 7.77156 0
      vertex 104.571 6.65056 1.79
    endloop
  endfacet
  facet normal 0.594826 -0.488472 -0.638417
    outer loop
      vertex 100.743 8.25685 0
      vertex 101.798 7.20208 1.79
      vertex 100.347 7.77463 0
    endloop
  endfacet
  facet normal -0.223437 -0.736648 -0.638299
    outer loop
      vertex 104.221 8.94872 0
      vertex 103.651 7.57059 1.79
      vertex 103.624 9.1298 0
    endloop
  endfacet
  facet normal -0.069022 0.766911 -0.638031
    outer loop
      vertex 103.621 2.86948 0
      vertex 103.332 4.33266 1.79
      vertex 103.623 2.86966 0
    endloop
  endfacet
  facet normal -0.0753589 0.766049 -0.63835
    outer loop
      vertex 103.332 4.33266 1.79
      vertex 103.621 2.86948 0
      vertex 103 4.3 1.79
    endloop
  endfacet
  facet normal 0.487797 -0.595268 -0.638522
    outer loop
      vertex 101.225 8.6526 0
      vertex 102.056 7.4135 1.79
      vertex 101.798 7.20208 1.79
    endloop
  endfacet
  facet normal 0.388178 -0.663552 -0.639544
    outer loop
      vertex 102.056 7.4135 1.79
      vertex 101.225 8.6526 0
      vertex 101.227 8.65377 0
    endloop
  endfacet
  facet normal 0.595349 0.487631 -0.638573
    outer loop
      vertex 100.347 4.22537 0
      vertex 101.587 5.05553 1.79
      vertex 101.798 4.79792 1.79
    endloop
  endfacet
  facet normal 0.629513 0.440219 -0.64025
    outer loop
      vertex 101.587 5.05553 1.79
      vertex 100.347 4.22537 0
      vertex 100.346 4.2268 0
    endloop
  endfacet
  facet normal 0.677779 0.36436 -0.638637
    outer loop
      vertex 101.587 5.05553 1.79
      vertex 100.345 4.22844 0
      vertex 101.429 5.34944 1.79
    endloop
  endfacet
  facet normal 0.656024 0.400015 -0.640017
    outer loop
      vertex 100.345 4.22844 0
      vertex 101.587 5.05553 1.79
      vertex 100.346 4.2268 0
    endloop
  endfacet
  facet normal 0.378425 -0.700787 -0.604725
    outer loop
      vertex 102.377 9.13034 0
      vertex 102.349 7.57059 1.79
      vertex 102.376 9.1298 0
    endloop
  endfacet
  facet normal 0.223384 -0.736608 -0.638363
    outer loop
      vertex 102.349 7.57059 1.79
      vertex 102.377 9.13034 0
      vertex 102.668 7.66733 1.79
    endloop
  endfacet
  facet normal 0.6789 -0.362797 -0.638337
    outer loop
      vertex 100.345 7.77156 0
      vertex 101.429 6.65056 1.79
      vertex 100.051 7.2214 0
    endloop
  endfacet
  facet normal 0.736948 0.22184 -0.63851
    outer loop
      vertex 101.429 5.34944 1.79
      vertex 99.8697 5.37734 0
      vertex 101.333 5.66835 1.79
    endloop
  endfacet
  facet normal 0.739193 0.207638 -0.640687
    outer loop
      vertex 99.8697 5.37734 0
      vertex 101.429 5.34944 1.79
      vertex 99.8702 5.37556 0
    endloop
  endfacet
  facet normal -0.754088 0 -0.656773
    outer loop
      vertex 106.13 6.62266 0
      vertex 104.571 6.65056 1.79
      vertex 106.13 6.62443 0
    endloop
  endfacet
  facet normal -0.737006 -0.221857 -0.638437
    outer loop
      vertex 104.571 6.65056 1.79
      vertex 106.13 6.62266 0
      vertex 104.667 6.33165 1.79
    endloop
  endfacet
  facet normal 0.362455 0.679133 -0.638283
    outer loop
      vertex 102.349 4.4294 1.79
      vertex 101.779 3.05128 0
      vertex 101.228 3.34535 0
    endloop
  endfacet
  facet normal -0.765755 0.0761945 -0.638603
    outer loop
      vertex 106.131 5.37918 0
      vertex 104.667 5.66835 1.79
      vertex 104.7 6 1.79
    endloop
  endfacet
  facet normal -0.687514 0.373649 -0.622664
    outer loop
      vertex 104.667 5.66835 1.79
      vertex 106.131 5.37918 0
      vertex 106.13 5.37734 0
    endloop
  endfacet
  facet normal 0.736729 -0.223128 -0.638314
    outer loop
      vertex 100.051 7.2214 0
      vertex 101.429 6.65056 1.79
      vertex 99.8702 6.62443 0
    endloop
  endfacet
  facet normal 0.739021 -0.208763 -0.64052
    outer loop
      vertex 101.429 6.65056 1.79
      vertex 99.8697 6.62266 0
      vertex 99.8702 6.62443 0
    endloop
  endfacet
  facet normal 0.736948 -0.22184 -0.63851
    outer loop
      vertex 99.8697 6.62266 0
      vertex 101.429 6.65056 1.79
      vertex 101.333 6.33165 1.79
    endloop
  endfacet
  facet normal -0.378426 0.700789 -0.604722
    outer loop
      vertex 103.623 2.86966 0
      vertex 103.651 4.4294 1.79
      vertex 103.624 2.8702 0
    endloop
  endfacet
  facet normal -0.223385 0.73661 -0.638361
    outer loop
      vertex 103.651 4.4294 1.79
      vertex 103.623 2.86966 0
      vertex 103.332 4.33266 1.79
    endloop
  endfacet
  facet normal -0.223438 0.73665 -0.638297
    outer loop
      vertex 103.651 4.4294 1.79
      vertex 104.221 3.05128 0
      vertex 103.624 2.8702 0
    endloop
  endfacet
  facet normal -0.505873 0.581463 -0.637176
    outer loop
      vertex 104.772 3.34535 0
      vertex 103.944 4.5865 1.79
      vertex 104.773 3.34622 0
    endloop
  endfacet
  facet normal -0.363669 0.678263 -0.638517
    outer loop
      vertex 103.944 4.5865 1.79
      vertex 104.772 3.34535 0
      vertex 103.651 4.4294 1.79
    endloop
  endfacet
  facet normal 0.223385 0.73661 -0.638361
    outer loop
      vertex 102.377 2.86966 0
      vertex 102.349 4.4294 1.79
      vertex 102.668 4.33266 1.79
    endloop
  endfacet
  facet normal 0.378426 0.700789 -0.604722
    outer loop
      vertex 102.349 4.4294 1.79
      vertex 102.377 2.86966 0
      vertex 102.376 2.8702 0
    endloop
  endfacet
  facet normal -0.594826 0.488472 -0.638417
    outer loop
      vertex 105.653 4.22537 0
      vertex 105.257 3.74315 0
      vertex 104.202 4.79792 1.79
    endloop
  endfacet
  facet normal 0.736727 0.223131 -0.638314
    outer loop
      vertex 101.429 5.34944 1.79
      vertex 100.051 4.7786 0
      vertex 99.8702 5.37556 0
    endloop
  endfacet
  facet normal 0.509312 -0.578763 -0.636895
    outer loop
      vertex 101.228 8.65465 0
      vertex 102.056 7.4135 1.79
      vertex 101.227 8.65377 0
    endloop
  endfacet
  facet normal 0.363652 -0.678274 -0.638516
    outer loop
      vertex 102.056 7.4135 1.79
      vertex 101.228 8.65465 0
      vertex 102.349 7.57059 1.79
    endloop
  endfacet
  facet normal -0.629513 0.440219 -0.64025
    outer loop
      vertex 105.653 4.22537 0
      vertex 104.413 5.05553 1.79
      vertex 105.654 4.2268 0
    endloop
  endfacet
  facet normal -0.595349 0.487631 -0.638573
    outer loop
      vertex 104.413 5.05553 1.79
      vertex 105.653 4.22537 0
      vertex 104.202 4.79792 1.79
    endloop
  endfacet
  facet normal -0.677779 0.36436 -0.638637
    outer loop
      vertex 105.655 4.22844 0
      vertex 104.413 5.05553 1.79
      vertex 104.571 5.34944 1.79
    endloop
  endfacet
  facet normal -0.656024 0.400015 -0.640017
    outer loop
      vertex 104.413 5.05553 1.79
      vertex 105.655 4.22844 0
      vertex 105.654 4.2268 0
    endloop
  endfacet
  facet normal -0.6789 0.362797 -0.638337
    outer loop
      vertex 105.949 4.7786 0
      vertex 105.655 4.22844 0
      vertex 104.571 5.34944 1.79
    endloop
  endfacet
  facet normal 0.223438 0.73665 -0.638297
    outer loop
      vertex 102.349 4.4294 1.79
      vertex 102.376 2.8702 0
      vertex 101.779 3.05128 0
    endloop
  endfacet
  facet normal -0.687514 -0.373649 -0.622664
    outer loop
      vertex 106.131 6.62082 0
      vertex 104.667 6.33165 1.79
      vertex 106.13 6.62266 0
    endloop
  endfacet
  facet normal -0.765755 -0.0761945 -0.638603
    outer loop
      vertex 104.667 6.33165 1.79
      vertex 106.131 6.62082 0
      vertex 104.7 6 1.79
    endloop
  endfacet
  facet normal -0.754088 0 -0.656773
    outer loop
      vertex 104.571 5.34944 1.79
      vertex 106.13 5.37734 0
      vertex 106.13 5.37556 0
    endloop
  endfacet
  facet normal -0.737006 0.221857 -0.638437
    outer loop
      vertex 106.13 5.37734 0
      vertex 104.571 5.34944 1.79
      vertex 104.667 5.66835 1.79
    endloop
  endfacet
  facet normal 0.764875 -0.0831386 -0.638791
    outer loop
      vertex 101.333 6.33165 1.79
      vertex 99.8695 6.62082 0
      vertex 99.8697 6.62266 0
    endloop
  endfacet
  facet normal 0.76586 -0.076205 -0.638476
    outer loop
      vertex 99.8695 6.62082 0
      vertex 101.333 6.33165 1.79
      vertex 101.3 6 1.79
    endloop
  endfacet
  facet normal 0.0753589 0.766049 -0.63835
    outer loop
      vertex 102.379 2.86948 0
      vertex 102.668 4.33266 1.79
      vertex 103 4.3 1.79
    endloop
  endfacet
  facet normal 0.069022 0.766911 -0.638031
    outer loop
      vertex 102.668 4.33266 1.79
      vertex 102.379 2.86948 0
      vertex 102.377 2.86966 0
    endloop
  endfacet
  facet normal -0.390606 0.662045 -0.639628
    outer loop
      vertex 103.944 4.5865 1.79
      vertex 104.775 3.3474 0
      vertex 104.773 3.34622 0
    endloop
  endfacet
  facet normal -0.487797 0.595268 -0.638522
    outer loop
      vertex 104.775 3.3474 0
      vertex 103.944 4.5865 1.79
      vertex 104.202 4.79792 1.79
    endloop
  endfacet
  facet normal 0.0690218 -0.766909 -0.638034
    outer loop
      vertex 102.379 9.13052 0
      vertex 102.668 7.66733 1.79
      vertex 102.377 9.13034 0
    endloop
  endfacet
  facet normal 0.0753815 -0.766044 -0.638353
    outer loop
      vertex 102.668 7.66733 1.79
      vertex 102.379 9.13052 0
      vertex 103 7.7 1.79
    endloop
  endfacet
  facet normal -0.956938 -0.290292 0
    outer loop
      vertex 7.66733 72.6317 1.79
      vertex 7.57059 72.9506 3
      vertex 7.57059 72.9506 1.79
    endloop
  endfacet
  facet normal -0.956938 -0.290292 0
    outer loop
      vertex 7.57059 72.9506 3
      vertex 7.66733 72.6317 1.79
      vertex 7.66733 72.6317 3
    endloop
  endfacet
  facet normal -0.995185 -0.0980183 0
    outer loop
      vertex 7.7 72.3 1.79
      vertex 7.66733 72.6317 3
      vertex 7.66733 72.6317 1.79
    endloop
  endfacet
  facet normal -0.995185 -0.0980183 0
    outer loop
      vertex 7.66733 72.6317 3
      vertex 7.7 72.3 1.79
      vertex 7.7 72.3 3
    endloop
  endfacet
  facet normal -0.881925 -0.47139 0
    outer loop
      vertex 7.57059 72.9506 1.79
      vertex 7.4135 73.2445 3
      vertex 7.4135 73.2445 1.79
    endloop
  endfacet
  facet normal -0.881925 -0.47139 0
    outer loop
      vertex 7.4135 73.2445 3
      vertex 7.57059 72.9506 1.79
      vertex 7.57059 72.9506 3
    endloop
  endfacet
  facet normal 0.471401 0.881919 -0
    outer loop
      vertex 5.34944 70.7294 1.79
      vertex 5.05553 70.8865 3
      vertex 5.34944 70.7294 3
    endloop
  endfacet
  facet normal 0.471401 0.881919 0
    outer loop
      vertex 5.05553 70.8865 3
      vertex 5.34944 70.7294 1.79
      vertex 5.05553 70.8865 1.79
    endloop
  endfacet
  facet normal 0.634366 -0.773033 0
    outer loop
      vertex 4.79792 73.5021 1.79
      vertex 5.05553 73.7135 3
      vertex 4.79792 73.5021 3
    endloop
  endfacet
  facet normal 0.634366 -0.773033 0
    outer loop
      vertex 5.05553 73.7135 3
      vertex 4.79792 73.5021 1.79
      vertex 5.05553 73.7135 1.79
    endloop
  endfacet
  facet normal -0.772991 0.634417 0
    outer loop
      vertex 7.20208 71.0979 1.79
      vertex 7.4135 71.3555 3
      vertex 7.4135 71.3555 1.79
    endloop
  endfacet
  facet normal -0.772991 0.634417 0
    outer loop
      vertex 7.4135 71.3555 3
      vertex 7.20208 71.0979 1.79
      vertex 7.20208 71.0979 3
    endloop
  endfacet
  facet normal 0.881912 0.471413 0
    outer loop
      vertex 4.5865 71.3555 3
      vertex 4.4294 71.6494 1.79
      vertex 4.4294 71.6494 3
    endloop
  endfacet
  facet normal 0.881912 0.471413 0
    outer loop
      vertex 4.4294 71.6494 1.79
      vertex 4.5865 71.3555 3
      vertex 4.5865 71.3555 1.79
    endloop
  endfacet
  facet normal -0.772991 -0.634417 0
    outer loop
      vertex 7.4135 73.2445 1.79
      vertex 7.20208 73.5021 3
      vertex 7.20208 73.5021 1.79
    endloop
  endfacet
  facet normal -0.772991 -0.634417 0
    outer loop
      vertex 7.20208 73.5021 3
      vertex 7.4135 73.2445 1.79
      vertex 7.4135 73.2445 3
    endloop
  endfacet
  facet normal -0.881925 0.47139 0
    outer loop
      vertex 7.4135 71.3555 1.79
      vertex 7.57059 71.6494 3
      vertex 7.57059 71.6494 1.79
    endloop
  endfacet
  facet normal -0.881925 0.47139 0
    outer loop
      vertex 7.57059 71.6494 3
      vertex 7.4135 71.3555 1.79
      vertex 7.4135 71.3555 3
    endloop
  endfacet
  facet normal -0.290174 0.956974 0
    outer loop
      vertex 6.65056 70.7294 1.79
      vertex 6.33165 70.6327 3
      vertex 6.65056 70.7294 3
    endloop
  endfacet
  facet normal -0.290174 0.956974 0
    outer loop
      vertex 6.33165 70.6327 3
      vertex 6.65056 70.7294 1.79
      vertex 6.33165 70.6327 1.79
    endloop
  endfacet
  facet normal 0.471401 -0.881919 0
    outer loop
      vertex 5.05553 73.7135 1.79
      vertex 5.34944 73.8706 3
      vertex 5.05553 73.7135 3
    endloop
  endfacet
  facet normal 0.471401 -0.881919 0
    outer loop
      vertex 5.34944 73.8706 3
      vertex 5.05553 73.7135 1.79
      vertex 5.34944 73.8706 1.79
    endloop
  endfacet
  facet normal 0.995188 -0.0979886 0
    outer loop
      vertex 4.3 72.3 3
      vertex 4.33266 72.6317 1.79
      vertex 4.33266 72.6317 3
    endloop
  endfacet
  facet normal 0.995188 -0.0979886 0
    outer loop
      vertex 4.33266 72.6317 1.79
      vertex 4.3 72.3 3
      vertex 4.3 72.3 1.79
    endloop
  endfacet
  facet normal -0.471401 -0.881919 0
    outer loop
      vertex 6.65056 73.8706 1.79
      vertex 6.94447 73.7135 3
      vertex 6.65056 73.8706 3
    endloop
  endfacet
  facet normal -0.471401 -0.881919 -0
    outer loop
      vertex 6.94447 73.7135 3
      vertex 6.65056 73.8706 1.79
      vertex 6.94447 73.7135 1.79
    endloop
  endfacet
  facet normal -0.956938 0.290292 0
    outer loop
      vertex 7.57059 71.6494 1.79
      vertex 7.66733 71.9683 3
      vertex 7.66733 71.9683 1.79
    endloop
  endfacet
  facet normal -0.956938 0.290292 0
    outer loop
      vertex 7.66733 71.9683 3
      vertex 7.57059 71.6494 1.79
      vertex 7.57059 71.6494 3
    endloop
  endfacet
  facet normal 0.881912 -0.471413 0
    outer loop
      vertex 4.4294 72.9506 3
      vertex 4.5865 73.2445 1.79
      vertex 4.5865 73.2445 3
    endloop
  endfacet
  facet normal 0.881912 -0.471413 0
    outer loop
      vertex 4.5865 73.2445 1.79
      vertex 4.4294 72.9506 3
      vertex 4.4294 72.9506 1.79
    endloop
  endfacet
  facet normal -0.995185 0.0980183 0
    outer loop
      vertex 7.66733 71.9683 1.79
      vertex 7.7 72.3 3
      vertex 7.7 72.3 1.79
    endloop
  endfacet
  facet normal -0.995185 0.0980183 0
    outer loop
      vertex 7.7 72.3 3
      vertex 7.66733 71.9683 1.79
      vertex 7.66733 71.9683 3
    endloop
  endfacet
  facet normal 0.634366 0.773033 -0
    outer loop
      vertex 5.05553 70.8865 1.79
      vertex 4.79792 71.0979 3
      vertex 5.05553 70.8865 3
    endloop
  endfacet
  facet normal 0.634366 0.773033 0
    outer loop
      vertex 4.79792 71.0979 3
      vertex 5.05553 70.8865 1.79
      vertex 4.79792 71.0979 1.79
    endloop
  endfacet
  facet normal 0.772991 -0.634417 0
    outer loop
      vertex 4.5865 73.2445 3
      vertex 4.79792 73.5021 1.79
      vertex 4.79792 73.5021 3
    endloop
  endfacet
  facet normal 0.772991 -0.634417 0
    outer loop
      vertex 4.79792 73.5021 1.79
      vertex 4.5865 73.2445 3
      vertex 4.5865 73.2445 1.79
    endloop
  endfacet
  facet normal -0.0981221 0.995174 0
    outer loop
      vertex 6.33165 70.6327 1.79
      vertex 6 70.6 3
      vertex 6.33165 70.6327 3
    endloop
  endfacet
  facet normal -0.0981221 0.995174 0
    outer loop
      vertex 6 70.6 3
      vertex 6.33165 70.6327 1.79
      vertex 6 70.6 1.79
    endloop
  endfacet
  facet normal -0.634366 0.773033 0
    outer loop
      vertex 7.20208 71.0979 1.79
      vertex 6.94447 70.8865 3
      vertex 7.20208 71.0979 3
    endloop
  endfacet
  facet normal -0.634366 0.773033 0
    outer loop
      vertex 6.94447 70.8865 3
      vertex 7.20208 71.0979 1.79
      vertex 6.94447 70.8865 1.79
    endloop
  endfacet
  facet normal 0.956938 -0.290292 0
    outer loop
      vertex 4.33266 72.6317 3
      vertex 4.4294 72.9506 1.79
      vertex 4.4294 72.9506 3
    endloop
  endfacet
  facet normal 0.956938 -0.290292 0
    outer loop
      vertex 4.4294 72.9506 1.79
      vertex 4.33266 72.6317 3
      vertex 4.33266 72.6317 1.79
    endloop
  endfacet
  facet normal 0.290174 -0.956974 0
    outer loop
      vertex 5.34944 73.8706 1.79
      vertex 5.66835 73.9673 3
      vertex 5.34944 73.8706 3
    endloop
  endfacet
  facet normal 0.290174 -0.956974 0
    outer loop
      vertex 5.66835 73.9673 3
      vertex 5.34944 73.8706 1.79
      vertex 5.66835 73.9673 1.79
    endloop
  endfacet
  facet normal -0.634366 -0.773033 0
    outer loop
      vertex 6.94447 73.7135 1.79
      vertex 7.20208 73.5021 3
      vertex 6.94447 73.7135 3
    endloop
  endfacet
  facet normal -0.634366 -0.773033 -0
    outer loop
      vertex 7.20208 73.5021 3
      vertex 6.94447 73.7135 1.79
      vertex 7.20208 73.5021 1.79
    endloop
  endfacet
  facet normal 0.0981221 -0.995174 0
    outer loop
      vertex 5.66835 73.9673 1.79
      vertex 6 74 3
      vertex 5.66835 73.9673 3
    endloop
  endfacet
  facet normal 0.0981221 -0.995174 0
    outer loop
      vertex 6 74 3
      vertex 5.66835 73.9673 1.79
      vertex 6 74 1.79
    endloop
  endfacet
  facet normal 0.956938 0.290292 0
    outer loop
      vertex 4.4294 71.6494 3
      vertex 4.33266 71.9683 1.79
      vertex 4.33266 71.9683 3
    endloop
  endfacet
  facet normal 0.956938 0.290292 0
    outer loop
      vertex 4.33266 71.9683 1.79
      vertex 4.4294 71.6494 3
      vertex 4.4294 71.6494 1.79
    endloop
  endfacet
  facet normal 0.995188 0.0979886 0
    outer loop
      vertex 4.33266 71.9683 3
      vertex 4.3 72.3 1.79
      vertex 4.3 72.3 3
    endloop
  endfacet
  facet normal 0.995188 0.0979886 0
    outer loop
      vertex 4.3 72.3 1.79
      vertex 4.33266 71.9683 3
      vertex 4.33266 71.9683 1.79
    endloop
  endfacet
  facet normal 0.772991 0.634417 0
    outer loop
      vertex 4.79792 71.0979 3
      vertex 4.5865 71.3555 1.79
      vertex 4.5865 71.3555 3
    endloop
  endfacet
  facet normal 0.772991 0.634417 0
    outer loop
      vertex 4.5865 71.3555 1.79
      vertex 4.79792 71.0979 3
      vertex 4.79792 71.0979 1.79
    endloop
  endfacet
  facet normal -0.290174 -0.956974 0
    outer loop
      vertex 6.33165 73.9673 1.79
      vertex 6.65056 73.8706 3
      vertex 6.33165 73.9673 3
    endloop
  endfacet
  facet normal -0.290174 -0.956974 -0
    outer loop
      vertex 6.65056 73.8706 3
      vertex 6.33165 73.9673 1.79
      vertex 6.65056 73.8706 1.79
    endloop
  endfacet
  facet normal -0.0981221 -0.995174 0
    outer loop
      vertex 6 74 1.79
      vertex 6.33165 73.9673 3
      vertex 6 74 3
    endloop
  endfacet
  facet normal -0.0981221 -0.995174 -0
    outer loop
      vertex 6.33165 73.9673 3
      vertex 6 74 1.79
      vertex 6.33165 73.9673 1.79
    endloop
  endfacet
  facet normal -0.471401 0.881919 0
    outer loop
      vertex 6.94447 70.8865 1.79
      vertex 6.65056 70.7294 3
      vertex 6.94447 70.8865 3
    endloop
  endfacet
  facet normal -0.471401 0.881919 0
    outer loop
      vertex 6.65056 70.7294 3
      vertex 6.94447 70.8865 1.79
      vertex 6.65056 70.7294 1.79
    endloop
  endfacet
  facet normal 0.0981221 0.995174 -0
    outer loop
      vertex 6 70.6 1.79
      vertex 5.66835 70.6327 3
      vertex 6 70.6 3
    endloop
  endfacet
  facet normal 0.0981221 0.995174 0
    outer loop
      vertex 5.66835 70.6327 3
      vertex 6 70.6 1.79
      vertex 5.66835 70.6327 1.79
    endloop
  endfacet
  facet normal 0.290174 0.956974 -0
    outer loop
      vertex 5.66835 70.6327 1.79
      vertex 5.34944 70.7294 3
      vertex 5.66835 70.6327 3
    endloop
  endfacet
  facet normal 0.290174 0.956974 0
    outer loop
      vertex 5.34944 70.7294 3
      vertex 5.66835 70.6327 1.79
      vertex 5.34944 70.7294 1.79
    endloop
  endfacet
  facet normal -0.766031 -0.0754555 -0.63836
    outer loop
      vertex 9.13052 72.9208 0
      vertex 9.19167 72.3 0
      vertex 7.7 72.3 1.79
    endloop
  endfacet
  facet normal 0.22346 -0.736592 -0.638356
    outer loop
      vertex 5.37556 75.4298 0
      vertex 5.34944 73.8706 1.79
      vertex 4.7786 75.2487 0
    endloop
  endfacet
  facet normal -0.736601 -0.223423 -0.638358
    outer loop
      vertex 8.94872 73.5214 0
      vertex 9.1298 72.9244 0
      vertex 7.57059 72.9506 1.79
    endloop
  endfacet
  facet normal 0.736588 0.223469 -0.638357
    outer loop
      vertex 4.33266 71.9683 1.79
      vertex 3.05075 71.0804 0
      vertex 2.86966 71.6773 0
    endloop
  endfacet
  facet normal 0.67886 -0.362836 -0.638356
    outer loop
      vertex 3.34535 74.0716 0
      vertex 4.4294 72.9506 1.79
      vertex 3.05128 73.5214 0
    endloop
  endfacet
  facet normal -0.674156 -0.370786 -0.638774
    outer loop
      vertex 8.65465 74.0716 0
      vertex 7.4135 73.2445 1.79
      vertex 8.65377 74.0732 0
    endloop
  endfacet
  facet normal -0.67885 -0.362847 -0.638361
    outer loop
      vertex 7.4135 73.2445 1.79
      vertex 8.65465 74.0716 0
      vertex 7.57059 72.9506 1.79
    endloop
  endfacet
  facet normal 0.362886 0.678836 -0.638354
    outer loop
      vertex 5.34944 70.7294 1.79
      vertex 4.7786 69.3513 0
      vertex 4.22844 69.6454 0
    endloop
  endfacet
  facet normal -0.59501 0.488336 -0.63835
    outer loop
      vertex 8.6526 70.5254 0
      vertex 8.25685 70.0432 0
      vertex 7.20208 71.0979 1.79
    endloop
  endfacet
  facet normal -0.736586 0.223469 -0.638359
    outer loop
      vertex 9.13034 71.6773 0
      vertex 8.94925 71.0804 0
      vertex 7.66733 71.9683 1.79
    endloop
  endfacet
  facet normal -0.223457 0.736593 -0.638356
    outer loop
      vertex 6.65056 70.7294 1.79
      vertex 7.2214 69.3513 0
      vertex 6.62443 69.1702 0
    endloop
  endfacet
  facet normal 0.223357 0.736617 -0.638363
    outer loop
      vertex 5.37734 69.1697 0
      vertex 5.34944 70.7294 1.79
      vertex 5.66835 70.6327 1.79
    endloop
  endfacet
  facet normal 0.207616 0.739115 -0.640785
    outer loop
      vertex 5.34944 70.7294 1.79
      vertex 5.37734 69.1697 0
      vertex 5.37556 69.1702 0
    endloop
  endfacet
  facet normal 0.59501 -0.488336 -0.63835
    outer loop
      vertex 3.74315 74.5568 0
      vertex 4.79792 73.5021 1.79
      vertex 3.3474 74.0746 0
    endloop
  endfacet
  facet normal -0.766032 0.0754485 -0.638359
    outer loop
      vertex 9.13052 71.6792 0
      vertex 7.66733 71.9683 1.79
      vertex 7.7 72.3 1.79
    endloop
  endfacet
  facet normal -0.766423 0.0726085 -0.63822
    outer loop
      vertex 7.66733 71.9683 1.79
      vertex 9.13052 71.6792 0
      vertex 9.13034 71.6773 0
    endloop
  endfacet
  facet normal 0.766031 0.0754555 -0.63836
    outer loop
      vertex 4.3 72.3 1.79
      vertex 2.86948 71.6792 0
      vertex 2.80833 72.3 0
    endloop
  endfacet
  facet normal -0.766031 0.0754555 -0.63836
    outer loop
      vertex 9.19167 72.3 0
      vertex 9.13052 71.6792 0
      vertex 7.7 72.3 1.79
    endloop
  endfacet
  facet normal 0.736603 -0.223424 -0.638356
    outer loop
      vertex 3.05128 73.5214 0
      vertex 4.4294 72.9506 1.79
      vertex 2.8702 72.9244 0
    endloop
  endfacet
  facet normal -0.766423 -0.0726085 -0.63822
    outer loop
      vertex 9.13052 72.9208 0
      vertex 7.66733 72.6317 1.79
      vertex 9.13034 72.9227 0
    endloop
  endfacet
  facet normal -0.766032 -0.0754485 -0.638359
    outer loop
      vertex 7.66733 72.6317 1.79
      vertex 9.13052 72.9208 0
      vertex 7.7 72.3 1.79
    endloop
  endfacet
  facet normal -0.59501 -0.488336 -0.63835
    outer loop
      vertex 8.25685 74.5568 0
      vertex 8.6526 74.0746 0
      vertex 7.20208 73.5021 1.79
    endloop
  endfacet
  facet normal 0.59501 0.488336 -0.63835
    outer loop
      vertex 4.79792 71.0979 1.79
      vertex 3.74315 70.0432 0
      vertex 3.3474 70.5254 0
    endloop
  endfacet
  facet normal -0.0755138 -0.766021 -0.638365
    outer loop
      vertex 6 75.4917 0
      vertex 6.62082 75.4305 0
      vertex 6 74 1.79
    endloop
  endfacet
  facet normal -0.362788 -0.678882 -0.638361
    outer loop
      vertex 7.22303 75.2478 0
      vertex 7.77319 74.9538 0
      vertex 6.94447 73.7135 1.79
    endloop
  endfacet
  facet normal -0.0755138 0.766021 -0.638365
    outer loop
      vertex 6 70.6 1.79
      vertex 6.62082 69.1695 0
      vertex 6 69.1083 0
    endloop
  endfacet
  facet normal 0.0755138 0.766021 -0.638365
    outer loop
      vertex 6 70.6 1.79
      vertex 6 69.1083 0
      vertex 5.37918 69.1695 0
    endloop
  endfacet
  facet normal 0.766031 -0.0754555 -0.63836
    outer loop
      vertex 2.86948 72.9208 0
      vertex 4.3 72.3 1.79
      vertex 2.80833 72.3 0
    endloop
  endfacet
  facet normal 0.595007 0.48834 -0.638349
    outer loop
      vertex 3.3474 70.5254 0
      vertex 4.5865 71.3555 1.79
      vertex 4.79792 71.0979 1.79
    endloop
  endfacet
  facet normal 0.588896 0.496355 -0.637835
    outer loop
      vertex 4.5865 71.3555 1.79
      vertex 3.3474 70.5254 0
      vertex 3.34622 70.5268 0
    endloop
  endfacet
  facet normal -0.734901 -0.233439 -0.636731
    outer loop
      vertex 9.13034 72.9227 0
      vertex 7.57059 72.9506 1.79
      vertex 9.1298 72.9244 0
    endloop
  endfacet
  facet normal -0.736592 -0.223449 -0.63836
    outer loop
      vertex 7.57059 72.9506 1.79
      vertex 9.13034 72.9227 0
      vertex 7.66733 72.6317 1.79
    endloop
  endfacet
  facet normal 0.0831454 -0.764938 -0.638715
    outer loop
      vertex 5.37918 75.4305 0
      vertex 5.66835 73.9673 1.79
      vertex 5.37734 75.4303 0
    endloop
  endfacet
  facet normal 0.0755277 -0.766018 -0.638367
    outer loop
      vertex 5.66835 73.9673 1.79
      vertex 5.37918 75.4305 0
      vertex 6 74 1.79
    endloop
  endfacet
  facet normal 0.766425 -0.0726087 -0.638217
    outer loop
      vertex 4.33266 72.6317 1.79
      vertex 2.86948 72.9208 0
      vertex 2.86966 72.9227 0
    endloop
  endfacet
  facet normal 0.766037 -0.0754259 -0.638355
    outer loop
      vertex 2.86948 72.9208 0
      vertex 4.33266 72.6317 1.79
      vertex 4.3 72.3 1.79
    endloop
  endfacet
  facet normal -0.362886 0.678836 -0.638354
    outer loop
      vertex 7.77156 69.6454 0
      vertex 7.2214 69.3513 0
      vertex 6.65056 70.7294 1.79
    endloop
  endfacet
  facet normal -0.678859 -0.362835 -0.638359
    outer loop
      vertex 8.65465 74.0716 0
      vertex 8.94872 73.5214 0
      vertex 7.57059 72.9506 1.79
    endloop
  endfacet
  facet normal -0.678853 0.362848 -0.638358
    outer loop
      vertex 8.94872 71.0786 0
      vertex 7.4135 71.3555 1.79
      vertex 7.57059 71.6494 1.79
    endloop
  endfacet
  facet normal -0.675542 0.371548 -0.636864
    outer loop
      vertex 7.4135 71.3555 1.79
      vertex 8.94872 71.0786 0
      vertex 8.94784 71.077 0
    endloop
  endfacet
  facet normal -0.223457 -0.736593 -0.638356
    outer loop
      vertex 7.2214 75.2487 0
      vertex 6.65056 73.8706 1.79
      vertex 6.62443 75.4298 0
    endloop
  endfacet
  facet normal -0.488348 -0.594988 -0.638362
    outer loop
      vertex 7.77319 74.9538 0
      vertex 8.25542 74.558 0
      vertex 6.94447 73.7135 1.79
    endloop
  endfacet
  facet normal 0.595007 -0.48834 -0.638349
    outer loop
      vertex 4.5865 73.2445 1.79
      vertex 3.3474 74.0746 0
      vertex 4.79792 73.5021 1.79
    endloop
  endfacet
  facet normal 0.588896 -0.496355 -0.637835
    outer loop
      vertex 3.3474 74.0746 0
      vertex 4.5865 73.2445 1.79
      vertex 3.34622 74.0732 0
    endloop
  endfacet
  facet normal 0.0755138 -0.766021 -0.638365
    outer loop
      vertex 6 75.4917 0
      vertex 6 74 1.79
      vertex 5.37918 75.4305 0
    endloop
  endfacet
  facet normal 0.734903 -0.23344 -0.636729
    outer loop
      vertex 4.4294 72.9506 1.79
      vertex 2.86966 72.9227 0
      vertex 2.8702 72.9244 0
    endloop
  endfacet
  facet normal 0.736593 -0.22345 -0.638358
    outer loop
      vertex 2.86966 72.9227 0
      vertex 4.4294 72.9506 1.79
      vertex 4.33266 72.6317 1.79
    endloop
  endfacet
  facet normal -0.362857 -0.67885 -0.638355
    outer loop
      vertex 7.2214 75.2487 0
      vertex 6.94447 73.7135 1.79
      vertex 6.65056 73.8706 1.79
    endloop
  endfacet
  facet normal -0.372744 -0.675081 -0.636653
    outer loop
      vertex 6.94447 73.7135 1.79
      vertex 7.2214 75.2487 0
      vertex 7.22303 75.2478 0
    endloop
  endfacet
  facet normal -0.208741 0.738943 -0.640617
    outer loop
      vertex 6.62266 69.1697 0
      vertex 6.65056 70.7294 1.79
      vertex 6.62443 69.1702 0
    endloop
  endfacet
  facet normal -0.223357 0.736617 -0.638363
    outer loop
      vertex 6.65056 70.7294 1.79
      vertex 6.62266 69.1697 0
      vertex 6.33165 70.6327 1.79
    endloop
  endfacet
  facet normal -0.678862 0.362837 -0.638354
    outer loop
      vertex 8.94784 71.077 0
      vertex 8.65377 70.5268 0
      vertex 7.4135 71.3555 1.79
    endloop
  endfacet
  facet normal -0.223357 -0.736617 -0.638363
    outer loop
      vertex 6.62266 75.4303 0
      vertex 6.65056 73.8706 1.79
      vertex 6.33165 73.9673 1.79
    endloop
  endfacet
  facet normal -0.208741 -0.738943 -0.640617
    outer loop
      vertex 6.65056 73.8706 1.79
      vertex 6.62266 75.4303 0
      vertex 6.62443 75.4298 0
    endloop
  endfacet
  facet normal -0.494601 -0.589399 -0.638732
    outer loop
      vertex 7.20208 73.5021 1.79
      vertex 8.25542 74.558 0
      vertex 8.25685 74.5568 0
    endloop
  endfacet
  facet normal -0.488301 -0.595038 -0.638351
    outer loop
      vertex 8.25542 74.558 0
      vertex 7.20208 73.5021 1.79
      vertex 6.94447 73.7135 1.79
    endloop
  endfacet
  facet normal 0.676048 -0.367601 -0.638614
    outer loop
      vertex 4.5865 73.2445 1.79
      vertex 3.34535 74.0716 0
      vertex 3.34622 74.0732 0
    endloop
  endfacet
  facet normal 0.67884 -0.362864 -0.638362
    outer loop
      vertex 3.34535 74.0716 0
      vertex 4.5865 73.2445 1.79
      vertex 4.4294 72.9506 1.79
    endloop
  endfacet
  facet normal 0.678865 0.362827 -0.638356
    outer loop
      vertex 4.5865 71.3555 1.79
      vertex 3.34622 70.5268 0
      vertex 3.05216 71.077 0
    endloop
  endfacet
  facet normal -0.0831454 0.764938 -0.638715
    outer loop
      vertex 6.62082 69.1695 0
      vertex 6.33165 70.6327 1.79
      vertex 6.62266 69.1697 0
    endloop
  endfacet
  facet normal -0.0755277 0.766018 -0.638367
    outer loop
      vertex 6.33165 70.6327 1.79
      vertex 6.62082 69.1695 0
      vertex 6 70.6 1.79
    endloop
  endfacet
  facet normal -0.0755277 -0.766018 -0.638367
    outer loop
      vertex 6.62082 75.4305 0
      vertex 6.33165 73.9673 1.79
      vertex 6 74 1.79
    endloop
  endfacet
  facet normal -0.0831454 -0.764938 -0.638715
    outer loop
      vertex 6.33165 73.9673 1.79
      vertex 6.62082 75.4305 0
      vertex 6.62266 75.4303 0
    endloop
  endfacet
  facet normal -0.590861 -0.493791 -0.638007
    outer loop
      vertex 7.4135 73.2445 1.79
      vertex 8.6526 74.0746 0
      vertex 8.65377 74.0732 0
    endloop
  endfacet
  facet normal -0.595007 -0.48834 -0.638349
    outer loop
      vertex 8.6526 74.0746 0
      vertex 7.4135 73.2445 1.79
      vertex 7.20208 73.5021 1.79
    endloop
  endfacet
  facet normal -0.339693 0.692125 -0.636845
    outer loop
      vertex 7.77156 69.6454 0
      vertex 6.94447 70.8865 1.79
      vertex 7.77319 69.6462 0
    endloop
  endfacet
  facet normal -0.36286 0.678855 -0.638349
    outer loop
      vertex 6.94447 70.8865 1.79
      vertex 7.77156 69.6454 0
      vertex 6.65056 70.7294 1.79
    endloop
  endfacet
  facet normal 0.0755277 0.766018 -0.638367
    outer loop
      vertex 5.37918 69.1695 0
      vertex 5.66835 70.6327 1.79
      vertex 6 70.6 1.79
    endloop
  endfacet
  facet normal 0.0831454 0.764938 -0.638715
    outer loop
      vertex 5.66835 70.6327 1.79
      vertex 5.37918 69.1695 0
      vertex 5.37734 69.1697 0
    endloop
  endfacet
  facet normal 0.736597 0.223451 -0.638353
    outer loop
      vertex 4.4294 71.6494 1.79
      vertex 3.05075 71.0804 0
      vertex 4.33266 71.9683 1.79
    endloop
  endfacet
  facet normal 0.738649 0.217491 -0.63804
    outer loop
      vertex 3.05075 71.0804 0
      vertex 4.4294 71.6494 1.79
      vertex 3.05128 71.0786 0
    endloop
  endfacet
  facet normal -0.488361 0.594991 -0.638349
    outer loop
      vertex 8.25685 70.0432 0
      vertex 7.77463 69.6474 0
      vertex 7.20208 71.0979 1.79
    endloop
  endfacet
  facet normal -0.590861 0.493791 -0.638007
    outer loop
      vertex 8.6526 70.5254 0
      vertex 7.4135 71.3555 1.79
      vertex 8.65377 70.5268 0
    endloop
  endfacet
  facet normal -0.595007 0.48834 -0.638349
    outer loop
      vertex 7.4135 71.3555 1.79
      vertex 8.6526 70.5254 0
      vertex 7.20208 71.0979 1.79
    endloop
  endfacet
  facet normal 0.207616 -0.739115 -0.640785
    outer loop
      vertex 5.37734 75.4303 0
      vertex 5.34944 73.8706 1.79
      vertex 5.37556 75.4298 0
    endloop
  endfacet
  facet normal 0.223357 -0.736617 -0.638363
    outer loop
      vertex 5.34944 73.8706 1.79
      vertex 5.37734 75.4303 0
      vertex 5.66835 73.9673 1.79
    endloop
  endfacet
  facet normal -0.736595 0.22345 -0.638356
    outer loop
      vertex 8.94925 71.0804 0
      vertex 7.57059 71.6494 1.79
      vertex 7.66733 71.9683 1.79
    endloop
  endfacet
  facet normal -0.738647 0.217491 -0.638042
    outer loop
      vertex 7.57059 71.6494 1.79
      vertex 8.94925 71.0804 0
      vertex 8.94872 71.0786 0
    endloop
  endfacet
  facet normal 0.22346 0.736592 -0.638356
    outer loop
      vertex 5.34944 70.7294 1.79
      vertex 5.37556 69.1702 0
      vertex 4.7786 69.3513 0
    endloop
  endfacet
  facet normal 0.488354 -0.594982 -0.638363
    outer loop
      vertex 4.2268 74.9538 0
      vertex 5.05553 73.7135 1.79
      vertex 3.74458 74.558 0
    endloop
  endfacet
  facet normal 0.362782 -0.678884 -0.638362
    outer loop
      vertex 4.77697 75.2478 0
      vertex 5.05553 73.7135 1.79
      vertex 4.2268 74.9538 0
    endloop
  endfacet
  facet normal 0.495026 0.589906 -0.637935
    outer loop
      vertex 4.22537 69.6474 0
      vertex 5.05553 70.8865 1.79
      vertex 4.2268 69.6462 0
    endloop
  endfacet
  facet normal 0.488295 0.595032 -0.638361
    outer loop
      vertex 5.05553 70.8865 1.79
      vertex 4.22537 69.6474 0
      vertex 4.79792 71.0979 1.79
    endloop
  endfacet
  facet normal 0.36286 0.678855 -0.638349
    outer loop
      vertex 4.22844 69.6454 0
      vertex 5.05553 70.8865 1.79
      vertex 5.34944 70.7294 1.79
    endloop
  endfacet
  facet normal 0.338065 0.693034 -0.636723
    outer loop
      vertex 5.05553 70.8865 1.79
      vertex 4.22844 69.6454 0
      vertex 4.2268 69.6462 0
    endloop
  endfacet
  facet normal 0.488361 0.594991 -0.638349
    outer loop
      vertex 4.79792 71.0979 1.79
      vertex 4.22537 69.6474 0
      vertex 3.74315 70.0432 0
    endloop
  endfacet
  facet normal 0.678845 0.362867 -0.638355
    outer loop
      vertex 4.5865 71.3555 1.79
      vertex 3.05128 71.0786 0
      vertex 4.4294 71.6494 1.79
    endloop
  endfacet
  facet normal 0.675542 0.371548 -0.636864
    outer loop
      vertex 3.05128 71.0786 0
      vertex 4.5865 71.3555 1.79
      vertex 3.05216 71.077 0
    endloop
  endfacet
  facet normal 0.766037 0.0754259 -0.638355
    outer loop
      vertex 4.33266 71.9683 1.79
      vertex 2.86948 71.6792 0
      vertex 4.3 72.3 1.79
    endloop
  endfacet
  facet normal 0.766425 0.0726087 -0.638217
    outer loop
      vertex 2.86948 71.6792 0
      vertex 4.33266 71.9683 1.79
      vertex 2.86966 71.6773 0
    endloop
  endfacet
  facet normal 0.488301 -0.595038 -0.638351
    outer loop
      vertex 4.79792 73.5021 1.79
      vertex 3.74458 74.558 0
      vertex 5.05553 73.7135 1.79
    endloop
  endfacet
  facet normal 0.494601 -0.589399 -0.638732
    outer loop
      vertex 3.74458 74.558 0
      vertex 4.79792 73.5021 1.79
      vertex 3.74315 74.5568 0
    endloop
  endfacet
  facet normal 0.372744 -0.675081 -0.636653
    outer loop
      vertex 4.7786 75.2487 0
      vertex 5.05553 73.7135 1.79
      vertex 4.77697 75.2478 0
    endloop
  endfacet
  facet normal 0.362857 -0.67885 -0.638355
    outer loop
      vertex 5.05553 73.7135 1.79
      vertex 4.7786 75.2487 0
      vertex 5.34944 73.8706 1.79
    endloop
  endfacet
  facet normal -0.492927 0.591512 -0.638073
    outer loop
      vertex 6.94447 70.8865 1.79
      vertex 7.77463 69.6474 0
      vertex 7.77319 69.6462 0
    endloop
  endfacet
  facet normal -0.488295 0.595032 -0.638361
    outer loop
      vertex 7.77463 69.6474 0
      vertex 6.94447 70.8865 1.79
      vertex 7.20208 71.0979 1.79
    endloop
  endfacet
  facet normal -0.957553 -0.288257 0
    outer loop
      vertex 104.667 72.6317 1.79
      vertex 104.571 72.9506 3
      vertex 104.571 72.9506 1.79
    endloop
  endfacet
  facet normal -0.957553 -0.288257 0
    outer loop
      vertex 104.571 72.9506 3
      vertex 104.667 72.6317 1.79
      vertex 104.667 72.6317 3
    endloop
  endfacet
  facet normal -0.995088 -0.0989988 0
    outer loop
      vertex 104.7 72.3 1.79
      vertex 104.667 72.6317 3
      vertex 104.667 72.6317 1.79
    endloop
  endfacet
  facet normal -0.995088 -0.0989988 0
    outer loop
      vertex 104.667 72.6317 3
      vertex 104.7 72.3 1.79
      vertex 104.7 72.3 3
    endloop
  endfacet
  facet normal -0.880788 -0.47351 0
    outer loop
      vertex 104.571 72.9506 1.79
      vertex 104.413 73.2445 3
      vertex 104.413 73.2445 1.79
    endloop
  endfacet
  facet normal -0.880788 -0.47351 0
    outer loop
      vertex 104.413 73.2445 3
      vertex 104.571 72.9506 1.79
      vertex 104.571 72.9506 3
    endloop
  endfacet
  facet normal 0.472539 0.88131 -0
    outer loop
      vertex 102.349 70.7294 1.79
      vertex 102.056 70.8865 3
      vertex 102.349 70.7294 3
    endloop
  endfacet
  facet normal 0.472539 0.88131 0
    outer loop
      vertex 102.056 70.8865 3
      vertex 102.349 70.7294 1.79
      vertex 102.056 70.8865 1.79
    endloop
  endfacet
  facet normal 0.633793 -0.773503 0
    outer loop
      vertex 101.798 73.5021 1.79
      vertex 102.056 73.7135 3
      vertex 101.798 73.5021 3
    endloop
  endfacet
  facet normal 0.633793 -0.773503 0
    outer loop
      vertex 102.056 73.7135 3
      vertex 101.798 73.5021 1.79
      vertex 102.056 73.7135 1.79
    endloop
  endfacet
  facet normal -0.773609 0.633663 0
    outer loop
      vertex 104.202 71.0979 1.79
      vertex 104.413 71.3555 3
      vertex 104.413 71.3555 1.79
    endloop
  endfacet
  facet normal -0.773609 0.633663 0
    outer loop
      vertex 104.413 71.3555 3
      vertex 104.202 71.0979 1.79
      vertex 104.202 71.0979 3
    endloop
  endfacet
  facet normal 0.880788 0.47351 0
    outer loop
      vertex 101.587 71.3555 3
      vertex 101.429 71.6494 1.79
      vertex 101.429 71.6494 3
    endloop
  endfacet
  facet normal 0.880788 0.47351 0
    outer loop
      vertex 101.429 71.6494 1.79
      vertex 101.587 71.3555 3
      vertex 101.587 71.3555 1.79
    endloop
  endfacet
  facet normal -0.773609 -0.633663 0
    outer loop
      vertex 104.413 73.2445 1.79
      vertex 104.202 73.5021 3
      vertex 104.202 73.5021 1.79
    endloop
  endfacet
  facet normal -0.773609 -0.633663 0
    outer loop
      vertex 104.202 73.5021 3
      vertex 104.413 73.2445 1.79
      vertex 104.413 73.2445 3
    endloop
  endfacet
  facet normal -0.880788 0.47351 0
    outer loop
      vertex 104.413 71.3555 1.79
      vertex 104.571 71.6494 3
      vertex 104.571 71.6494 1.79
    endloop
  endfacet
  facet normal -0.880788 0.47351 0
    outer loop
      vertex 104.571 71.6494 3
      vertex 104.413 71.3555 1.79
      vertex 104.413 71.3555 3
    endloop
  endfacet
  facet normal -0.290099 0.956997 0
    outer loop
      vertex 103.651 70.7294 1.79
      vertex 103.332 70.6327 3
      vertex 103.651 70.7294 3
    endloop
  endfacet
  facet normal -0.290099 0.956997 0
    outer loop
      vertex 103.332 70.6327 3
      vertex 103.651 70.7294 1.79
      vertex 103.332 70.6327 1.79
    endloop
  endfacet
  facet normal 0.472539 -0.88131 0
    outer loop
      vertex 102.056 73.7135 1.79
      vertex 102.349 73.8706 3
      vertex 102.056 73.7135 3
    endloop
  endfacet
  facet normal 0.472539 -0.88131 0
    outer loop
      vertex 102.349 73.8706 3
      vertex 102.056 73.7135 1.79
      vertex 102.349 73.8706 1.79
    endloop
  endfacet
  facet normal 0.995088 -0.0989988 0
    outer loop
      vertex 101.3 72.3 3
      vertex 101.333 72.6317 1.79
      vertex 101.333 72.6317 3
    endloop
  endfacet
  facet normal 0.995088 -0.0989988 0
    outer loop
      vertex 101.333 72.6317 1.79
      vertex 101.3 72.3 3
      vertex 101.3 72.3 1.79
    endloop
  endfacet
  facet normal -0.472539 -0.88131 0
    outer loop
      vertex 103.651 73.8706 1.79
      vertex 103.944 73.7135 3
      vertex 103.651 73.8706 3
    endloop
  endfacet
  facet normal -0.472539 -0.88131 -0
    outer loop
      vertex 103.944 73.7135 3
      vertex 103.651 73.8706 1.79
      vertex 103.944 73.7135 1.79
    endloop
  endfacet
  facet normal -0.957553 0.288257 0
    outer loop
      vertex 104.571 71.6494 1.79
      vertex 104.667 71.9683 3
      vertex 104.667 71.9683 1.79
    endloop
  endfacet
  facet normal -0.957553 0.288257 0
    outer loop
      vertex 104.667 71.9683 3
      vertex 104.571 71.6494 1.79
      vertex 104.571 71.6494 3
    endloop
  endfacet
  facet normal 0.880788 -0.47351 0
    outer loop
      vertex 101.429 72.9506 3
      vertex 101.587 73.2445 1.79
      vertex 101.587 73.2445 3
    endloop
  endfacet
  facet normal 0.880788 -0.47351 0
    outer loop
      vertex 101.587 73.2445 1.79
      vertex 101.429 72.9506 3
      vertex 101.429 72.9506 1.79
    endloop
  endfacet
  facet normal -0.995088 0.0989988 0
    outer loop
      vertex 104.667 71.9683 1.79
      vertex 104.7 72.3 3
      vertex 104.7 72.3 1.79
    endloop
  endfacet
  facet normal -0.995088 0.0989988 0
    outer loop
      vertex 104.7 72.3 3
      vertex 104.667 71.9683 1.79
      vertex 104.667 71.9683 3
    endloop
  endfacet
  facet normal 0.633793 0.773503 -0
    outer loop
      vertex 102.056 70.8865 1.79
      vertex 101.798 71.0979 3
      vertex 102.056 70.8865 3
    endloop
  endfacet
  facet normal 0.633793 0.773503 0
    outer loop
      vertex 101.798 71.0979 3
      vertex 102.056 70.8865 1.79
      vertex 101.798 71.0979 1.79
    endloop
  endfacet
  facet normal 0.773609 -0.633663 0
    outer loop
      vertex 101.587 73.2445 3
      vertex 101.798 73.5021 1.79
      vertex 101.798 73.5021 3
    endloop
  endfacet
  facet normal 0.773609 -0.633663 0
    outer loop
      vertex 101.798 73.5021 1.79
      vertex 101.587 73.2445 3
      vertex 101.587 73.2445 1.79
    endloop
  endfacet
  facet normal -0.0980197 0.995184 0
    outer loop
      vertex 103.332 70.6327 1.79
      vertex 103 70.6 3
      vertex 103.332 70.6327 3
    endloop
  endfacet
  facet normal -0.0980197 0.995184 0
    outer loop
      vertex 103 70.6 3
      vertex 103.332 70.6327 1.79
      vertex 103 70.6 1.79
    endloop
  endfacet
  facet normal -0.633793 0.773503 0
    outer loop
      vertex 104.202 71.0979 1.79
      vertex 103.944 70.8865 3
      vertex 104.202 71.0979 3
    endloop
  endfacet
  facet normal -0.633793 0.773503 0
    outer loop
      vertex 103.944 70.8865 3
      vertex 104.202 71.0979 1.79
      vertex 103.944 70.8865 1.79
    endloop
  endfacet
  facet normal 0.957553 -0.288257 0
    outer loop
      vertex 101.333 72.6317 3
      vertex 101.429 72.9506 1.79
      vertex 101.429 72.9506 3
    endloop
  endfacet
  facet normal 0.957553 -0.288257 0
    outer loop
      vertex 101.429 72.9506 1.79
      vertex 101.333 72.6317 3
      vertex 101.333 72.6317 1.79
    endloop
  endfacet
  facet normal 0.290099 -0.956997 0
    outer loop
      vertex 102.349 73.8706 1.79
      vertex 102.668 73.9673 3
      vertex 102.349 73.8706 3
    endloop
  endfacet
  facet normal 0.290099 -0.956997 0
    outer loop
      vertex 102.668 73.9673 3
      vertex 102.349 73.8706 1.79
      vertex 102.668 73.9673 1.79
    endloop
  endfacet
  facet normal -0.633793 -0.773503 0
    outer loop
      vertex 103.944 73.7135 1.79
      vertex 104.202 73.5021 3
      vertex 103.944 73.7135 3
    endloop
  endfacet
  facet normal -0.633793 -0.773503 -0
    outer loop
      vertex 104.202 73.5021 3
      vertex 103.944 73.7135 1.79
      vertex 104.202 73.5021 1.79
    endloop
  endfacet
  facet normal 0.0980197 -0.995184 0
    outer loop
      vertex 102.668 73.9673 1.79
      vertex 103 74 3
      vertex 102.668 73.9673 3
    endloop
  endfacet
  facet normal 0.0980197 -0.995184 0
    outer loop
      vertex 103 74 3
      vertex 102.668 73.9673 1.79
      vertex 103 74 1.79
    endloop
  endfacet
  facet normal 0.957553 0.288257 0
    outer loop
      vertex 101.429 71.6494 3
      vertex 101.333 71.9683 1.79
      vertex 101.333 71.9683 3
    endloop
  endfacet
  facet normal 0.957553 0.288257 0
    outer loop
      vertex 101.333 71.9683 1.79
      vertex 101.429 71.6494 3
      vertex 101.429 71.6494 1.79
    endloop
  endfacet
  facet normal 0.995088 0.0989988 0
    outer loop
      vertex 101.333 71.9683 3
      vertex 101.3 72.3 1.79
      vertex 101.3 72.3 3
    endloop
  endfacet
  facet normal 0.995088 0.0989988 0
    outer loop
      vertex 101.3 72.3 1.79
      vertex 101.333 71.9683 3
      vertex 101.333 71.9683 1.79
    endloop
  endfacet
  facet normal 0.773609 0.633663 0
    outer loop
      vertex 101.798 71.0979 3
      vertex 101.587 71.3555 1.79
      vertex 101.587 71.3555 3
    endloop
  endfacet
  facet normal 0.773609 0.633663 0
    outer loop
      vertex 101.587 71.3555 1.79
      vertex 101.798 71.0979 3
      vertex 101.798 71.0979 1.79
    endloop
  endfacet
  facet normal -0.290099 -0.956997 0
    outer loop
      vertex 103.332 73.9673 1.79
      vertex 103.651 73.8706 3
      vertex 103.332 73.9673 3
    endloop
  endfacet
  facet normal -0.290099 -0.956997 -0
    outer loop
      vertex 103.651 73.8706 3
      vertex 103.332 73.9673 1.79
      vertex 103.651 73.8706 1.79
    endloop
  endfacet
  facet normal -0.0980197 -0.995184 0
    outer loop
      vertex 103 74 1.79
      vertex 103.332 73.9673 3
      vertex 103 74 3
    endloop
  endfacet
  facet normal -0.0980197 -0.995184 -0
    outer loop
      vertex 103.332 73.9673 3
      vertex 103 74 1.79
      vertex 103.332 73.9673 1.79
    endloop
  endfacet
  facet normal -0.472539 0.88131 0
    outer loop
      vertex 103.944 70.8865 1.79
      vertex 103.651 70.7294 3
      vertex 103.944 70.8865 3
    endloop
  endfacet
  facet normal -0.472539 0.88131 0
    outer loop
      vertex 103.651 70.7294 3
      vertex 103.944 70.8865 1.79
      vertex 103.651 70.7294 1.79
    endloop
  endfacet
  facet normal 0.0980197 0.995184 -0
    outer loop
      vertex 103 70.6 1.79
      vertex 102.668 70.6327 3
      vertex 103 70.6 3
    endloop
  endfacet
  facet normal 0.0980197 0.995184 0
    outer loop
      vertex 102.668 70.6327 3
      vertex 103 70.6 1.79
      vertex 102.668 70.6327 1.79
    endloop
  endfacet
  facet normal 0.290099 0.956997 -0
    outer loop
      vertex 102.668 70.6327 1.79
      vertex 102.349 70.7294 3
      vertex 102.668 70.6327 3
    endloop
  endfacet
  facet normal 0.290099 0.956997 0
    outer loop
      vertex 102.349 70.7294 3
      vertex 102.668 70.6327 1.79
      vertex 102.349 70.7294 1.79
    endloop
  endfacet
  facet normal -0.765972 -0.0752647 -0.638453
    outer loop
      vertex 106.131 72.9208 0
      vertex 106.192 72.3 0
      vertex 104.7 72.3 1.79
    endloop
  endfacet
  facet normal 0.766021 -0.0755162 -0.638365
    outer loop
      vertex 99.8695 72.9208 0
      vertex 101.3 72.3 1.79
      vertex 99.8083 72.3 0
    endloop
  endfacet
  facet normal -0.362486 0.679122 -0.638277
    outer loop
      vertex 104.772 69.6454 0
      vertex 104.221 69.3513 0
      vertex 103.651 70.7294 1.79
    endloop
  endfacet
  facet normal 0.594823 -0.48849 -0.638407
    outer loop
      vertex 100.743 74.5568 0
      vertex 101.798 73.5021 1.79
      vertex 100.347 74.0746 0
    endloop
  endfacet
  facet normal 0.223299 0.736633 -0.638365
    outer loop
      vertex 102.377 69.1697 0
      vertex 102.349 70.7294 1.79
      vertex 102.668 70.6327 1.79
    endloop
  endfacet
  facet normal 0.353937 0.707874 -0.611263
    outer loop
      vertex 102.349 70.7294 1.79
      vertex 102.377 69.1697 0
      vertex 102.376 69.1702 0
    endloop
  endfacet
  facet normal 0.737734 -0.216981 -0.639271
    outer loop
      vertex 101.429 72.9506 1.79
      vertex 99.8697 72.9227 0
      vertex 99.8702 72.9244 0
    endloop
  endfacet
  facet normal 0.736947 -0.221847 -0.638509
    outer loop
      vertex 99.8697 72.9227 0
      vertex 101.429 72.9506 1.79
      vertex 101.333 72.6317 1.79
    endloop
  endfacet
  facet normal -0.0754495 -0.766032 -0.638359
    outer loop
      vertex 103.621 75.4305 0
      vertex 103.332 73.9673 1.79
      vertex 103 74 1.79
    endloop
  endfacet
  facet normal -0.0765874 -0.765874 -0.638414
    outer loop
      vertex 103.332 73.9673 1.79
      vertex 103.621 75.4305 0
      vertex 103.623 75.4303 0
    endloop
  endfacet
  facet normal -0.075492 -0.766022 -0.638366
    outer loop
      vertex 103 75.4917 0
      vertex 103.621 75.4305 0
      vertex 103 74 1.79
    endloop
  endfacet
  facet normal 0.362486 0.679122 -0.638277
    outer loop
      vertex 102.349 70.7294 1.79
      vertex 101.779 69.3513 0
      vertex 101.228 69.6454 0
    endloop
  endfacet
  facet normal -0.488468 -0.59485 -0.638398
    outer loop
      vertex 104.773 74.9538 0
      vertex 105.255 74.558 0
      vertex 103.944 73.7135 1.79
    endloop
  endfacet
  facet normal 0.0765874 -0.765874 -0.638414
    outer loop
      vertex 102.379 75.4305 0
      vertex 102.668 73.9673 1.79
      vertex 102.377 75.4303 0
    endloop
  endfacet
  facet normal 0.0754495 -0.766032 -0.638359
    outer loop
      vertex 102.668 73.9673 1.79
      vertex 102.379 75.4305 0
      vertex 103 74 1.79
    endloop
  endfacet
  facet normal 0.736735 -0.223118 -0.638311
    outer loop
      vertex 100.051 73.5214 0
      vertex 101.429 72.9506 1.79
      vertex 99.8702 72.9244 0
    endloop
  endfacet
  facet normal -0.223462 -0.736646 -0.638293
    outer loop
      vertex 104.221 75.2487 0
      vertex 103.651 73.8706 1.79
      vertex 103.624 75.4298 0
    endloop
  endfacet
  facet normal 0.737259 0.221941 -0.638116
    outer loop
      vertex 101.429 71.6494 1.79
      vertex 100.051 71.0804 0
      vertex 101.333 71.9683 1.79
    endloop
  endfacet
  facet normal 0.792394 0 -0.61001
    outer loop
      vertex 100.051 71.0804 0
      vertex 101.429 71.6494 1.79
      vertex 100.051 71.0786 0
    endloop
  endfacet
  facet normal -0.594823 -0.48849 -0.638407
    outer loop
      vertex 105.257 74.5568 0
      vertex 105.653 74.0746 0
      vertex 104.202 73.5021 1.79
    endloop
  endfacet
  facet normal 0.595347 -0.487648 -0.638562
    outer loop
      vertex 101.587 73.2445 1.79
      vertex 100.347 74.0746 0
      vertex 101.798 73.5021 1.79
    endloop
  endfacet
  facet normal 0.625153 -0.446538 -0.640146
    outer loop
      vertex 100.347 74.0746 0
      vertex 101.587 73.2445 1.79
      vertex 100.346 74.0732 0
    endloop
  endfacet
  facet normal -0.362855 -0.67881 -0.638399
    outer loop
      vertex 104.223 75.2478 0
      vertex 104.773 74.9538 0
      vertex 103.944 73.7135 1.79
    endloop
  endfacet
  facet normal -0.400092 -0.66682 -0.628711
    outer loop
      vertex 104.202 73.5021 1.79
      vertex 105.255 74.558 0
      vertex 105.257 74.5568 0
    endloop
  endfacet
  facet normal -0.487902 -0.595453 -0.638268
    outer loop
      vertex 105.255 74.558 0
      vertex 104.202 73.5021 1.79
      vertex 103.944 73.7135 1.79
    endloop
  endfacet
  facet normal -0.223462 0.736646 -0.638293
    outer loop
      vertex 103.651 70.7294 1.79
      vertex 104.221 69.3513 0
      vertex 103.624 69.1702 0
    endloop
  endfacet
  facet normal -0.736657 -0.223342 -0.638322
    outer loop
      vertex 105.949 73.5214 0
      vertex 106.13 72.9244 0
      vertex 104.571 72.9506 1.79
    endloop
  endfacet
  facet normal 0.678913 -0.362778 -0.638333
    outer loop
      vertex 100.345 74.0716 0
      vertex 101.429 72.9506 1.79
      vertex 100.051 73.5214 0
    endloop
  endfacet
  facet normal 0.766021 0.0755162 -0.638365
    outer loop
      vertex 101.3 72.3 1.79
      vertex 99.8695 71.6792 0
      vertex 99.8083 72.3 0
    endloop
  endfacet
  facet normal -0.765972 0.0752647 -0.638453
    outer loop
      vertex 106.192 72.3 0
      vertex 106.131 71.6792 0
      vertex 104.7 72.3 1.79
    endloop
  endfacet
  facet normal 0.765248 -0.0805525 -0.638675
    outer loop
      vertex 101.333 72.6317 1.79
      vertex 99.8695 72.9208 0
      vertex 99.8697 72.9227 0
    endloop
  endfacet
  facet normal 0.765863 -0.0761938 -0.638474
    outer loop
      vertex 99.8695 72.9208 0
      vertex 101.333 72.6317 1.79
      vertex 101.3 72.3 1.79
    endloop
  endfacet
  facet normal -0.594823 0.48849 -0.638407
    outer loop
      vertex 105.653 70.5254 0
      vertex 105.257 70.0432 0
      vertex 104.202 71.0979 1.79
    endloop
  endfacet
  facet normal -0.678913 -0.362778 -0.638333
    outer loop
      vertex 105.655 74.0716 0
      vertex 105.949 73.5214 0
      vertex 104.571 72.9506 1.79
    endloop
  endfacet
  facet normal -0.678065 0.364527 -0.638238
    outer loop
      vertex 105.949 71.0786 0
      vertex 104.413 71.3555 1.79
      vertex 104.571 71.6494 1.79
    endloop
  endfacet
  facet normal -0.65906 0.411913 -0.62926
    outer loop
      vertex 104.413 71.3555 1.79
      vertex 105.949 71.0786 0
      vertex 105.948 71.077 0
    endloop
  endfacet
  facet normal 0.736468 0.223692 -0.638418
    outer loop
      vertex 101.333 71.9683 1.79
      vertex 100.051 71.0804 0
      vertex 99.8697 71.6773 0
    endloop
  endfacet
  facet normal -0.625153 -0.446538 -0.640146
    outer loop
      vertex 104.413 73.2445 1.79
      vertex 105.653 74.0746 0
      vertex 105.654 74.0732 0
    endloop
  endfacet
  facet normal -0.595347 -0.487648 -0.638562
    outer loop
      vertex 105.653 74.0746 0
      vertex 104.413 73.2445 1.79
      vertex 104.202 73.5021 1.79
    endloop
  endfacet
  facet normal -0.67878 0.362707 -0.638515
    outer loop
      vertex 105.948 71.077 0
      vertex 105.654 70.5268 0
      vertex 104.413 71.3555 1.79
    endloop
  endfacet
  facet normal 0.651467 -0.407167 -0.640161
    outer loop
      vertex 101.587 73.2445 1.79
      vertex 100.345 74.0716 0
      vertex 100.346 74.0732 0
    endloop
  endfacet
  facet normal 0.677773 -0.364369 -0.638639
    outer loop
      vertex 100.345 74.0716 0
      vertex 101.587 73.2445 1.79
      vertex 101.429 72.9506 1.79
    endloop
  endfacet
  facet normal 0.362855 -0.67881 -0.638399
    outer loop
      vertex 101.777 75.2478 0
      vertex 102.056 73.7135 1.79
      vertex 101.227 74.9538 0
    endloop
  endfacet
  facet normal 0.594823 0.48849 -0.638407
    outer loop
      vertex 101.798 71.0979 1.79
      vertex 100.743 70.0432 0
      vertex 100.347 70.5254 0
    endloop
  endfacet
  facet normal 0.0754495 0.766032 -0.638359
    outer loop
      vertex 102.379 69.1695 0
      vertex 102.668 70.6327 1.79
      vertex 103 70.6 1.79
    endloop
  endfacet
  facet normal 0.0765874 0.765874 -0.638414
    outer loop
      vertex 102.668 70.6327 1.79
      vertex 102.379 69.1695 0
      vertex 102.377 69.1697 0
    endloop
  endfacet
  facet normal 0.488468 -0.59485 -0.638398
    outer loop
      vertex 101.227 74.9538 0
      vertex 102.056 73.7135 1.79
      vertex 100.745 74.558 0
    endloop
  endfacet
  facet normal 0.48847 0.594852 -0.638395
    outer loop
      vertex 101.798 71.0979 1.79
      vertex 101.225 69.6474 0
      vertex 100.743 70.0432 0
    endloop
  endfacet
  facet normal 0.39542 0.659034 -0.639779
    outer loop
      vertex 101.225 69.6474 0
      vertex 102.056 70.8865 1.79
      vertex 101.227 69.6462 0
    endloop
  endfacet
  facet normal 0.487768 0.595289 -0.638524
    outer loop
      vertex 102.056 70.8865 1.79
      vertex 101.225 69.6474 0
      vertex 101.798 71.0979 1.79
    endloop
  endfacet
  facet normal -0.363791 -0.67849 -0.638206
    outer loop
      vertex 104.221 75.2487 0
      vertex 103.944 73.7135 1.79
      vertex 103.651 73.8706 1.79
    endloop
  endfacet
  facet normal -0.31335 -0.696333 -0.645703
    outer loop
      vertex 103.944 73.7135 1.79
      vertex 104.221 75.2487 0
      vertex 104.223 75.2478 0
    endloop
  endfacet
  facet normal 0.595347 0.487648 -0.638562
    outer loop
      vertex 100.347 70.5254 0
      vertex 101.587 71.3555 1.79
      vertex 101.798 71.0979 1.79
    endloop
  endfacet
  facet normal 0.625153 0.446538 -0.640146
    outer loop
      vertex 101.587 71.3555 1.79
      vertex 100.347 70.5254 0
      vertex 100.346 70.5268 0
    endloop
  endfacet
  facet normal 0.075492 0.766022 -0.638366
    outer loop
      vertex 103 70.6 1.79
      vertex 103 69.1083 0
      vertex 102.379 69.1695 0
    endloop
  endfacet
  facet normal -0.754088 0 -0.656773
    outer loop
      vertex 106.13 72.9227 0
      vertex 104.571 72.9506 1.79
      vertex 106.13 72.9244 0
    endloop
  endfacet
  facet normal -0.737005 -0.221864 -0.638436
    outer loop
      vertex 104.571 72.9506 1.79
      vertex 106.13 72.9227 0
      vertex 104.667 72.6317 1.79
    endloop
  endfacet
  facet normal -0.736615 0.223366 -0.638362
    outer loop
      vertex 106.13 71.6773 0
      vertex 105.949 71.0804 0
      vertex 104.667 71.9683 1.79
    endloop
  endfacet
  facet normal -0.765758 0.0761834 -0.6386
    outer loop
      vertex 106.131 71.6792 0
      vertex 104.667 71.9683 1.79
      vertex 104.7 72.3 1.79
    endloop
  endfacet
  facet normal -0.69135 0.363868 -0.624207
    outer loop
      vertex 104.667 71.9683 1.79
      vertex 106.131 71.6792 0
      vertex 106.13 71.6773 0
    endloop
  endfacet
  facet normal 0.075492 -0.766022 -0.638366
    outer loop
      vertex 103 75.4917 0
      vertex 103 74 1.79
      vertex 102.379 75.4305 0
    endloop
  endfacet
  facet normal -0.075492 0.766022 -0.638366
    outer loop
      vertex 103 70.6 1.79
      vertex 103.621 69.1695 0
      vertex 103 69.1083 0
    endloop
  endfacet
  facet normal -0.223299 -0.736633 -0.638365
    outer loop
      vertex 103.623 75.4303 0
      vertex 103.651 73.8706 1.79
      vertex 103.332 73.9673 1.79
    endloop
  endfacet
  facet normal -0.353937 -0.707874 -0.611263
    outer loop
      vertex 103.651 73.8706 1.79
      vertex 103.623 75.4303 0
      vertex 103.624 75.4298 0
    endloop
  endfacet
  facet normal -0.651467 -0.407167 -0.640161
    outer loop
      vertex 105.655 74.0716 0
      vertex 104.413 73.2445 1.79
      vertex 105.654 74.0732 0
    endloop
  endfacet
  facet normal -0.677773 -0.364369 -0.638639
    outer loop
      vertex 104.413 73.2445 1.79
      vertex 105.655 74.0716 0
      vertex 104.571 72.9506 1.79
    endloop
  endfacet
  facet normal 0.67878 0.362707 -0.638515
    outer loop
      vertex 101.587 71.3555 1.79
      vertex 100.346 70.5268 0
      vertex 100.052 71.077 0
    endloop
  endfacet
  facet normal -0.625153 0.446538 -0.640146
    outer loop
      vertex 105.653 70.5254 0
      vertex 104.413 71.3555 1.79
      vertex 105.654 70.5268 0
    endloop
  endfacet
  facet normal -0.595347 0.487648 -0.638562
    outer loop
      vertex 104.413 71.3555 1.79
      vertex 105.653 70.5254 0
      vertex 104.202 71.0979 1.79
    endloop
  endfacet
  facet normal -0.48847 0.594852 -0.638395
    outer loop
      vertex 105.257 70.0432 0
      vertex 104.775 69.6474 0
      vertex 104.202 71.0979 1.79
    endloop
  endfacet
  facet normal 0.363674 0.678271 -0.638505
    outer loop
      vertex 101.228 69.6454 0
      vertex 102.056 70.8865 1.79
      vertex 102.349 70.7294 1.79
    endloop
  endfacet
  facet normal 0.480601 0.600751 -0.638843
    outer loop
      vertex 102.056 70.8865 1.79
      vertex 101.228 69.6454 0
      vertex 101.227 69.6462 0
    endloop
  endfacet
  facet normal 0.765863 0.0761938 -0.638474
    outer loop
      vertex 101.333 71.9683 1.79
      vertex 99.8695 71.6792 0
      vertex 101.3 72.3 1.79
    endloop
  endfacet
  facet normal 0.765248 0.0805525 -0.638675
    outer loop
      vertex 99.8695 71.6792 0
      vertex 101.333 71.9683 1.79
      vertex 99.8697 71.6773 0
    endloop
  endfacet
  facet normal -0.353937 0.707874 -0.611263
    outer loop
      vertex 103.623 69.1697 0
      vertex 103.651 70.7294 1.79
      vertex 103.624 69.1702 0
    endloop
  endfacet
  facet normal -0.223299 0.736633 -0.638365
    outer loop
      vertex 103.651 70.7294 1.79
      vertex 103.623 69.1697 0
      vertex 103.332 70.6327 1.79
    endloop
  endfacet
  facet normal 0.223462 0.736646 -0.638293
    outer loop
      vertex 102.349 70.7294 1.79
      vertex 102.376 69.1702 0
      vertex 101.779 69.3513 0
    endloop
  endfacet
  facet normal 0.487902 -0.595453 -0.638268
    outer loop
      vertex 101.798 73.5021 1.79
      vertex 100.745 74.558 0
      vertex 102.056 73.7135 1.79
    endloop
  endfacet
  facet normal 0.400092 -0.66682 -0.628711
    outer loop
      vertex 100.745 74.558 0
      vertex 101.798 73.5021 1.79
      vertex 100.743 74.5568 0
    endloop
  endfacet
  facet normal -0.69135 -0.363868 -0.624207
    outer loop
      vertex 106.131 72.9208 0
      vertex 104.667 72.6317 1.79
      vertex 106.13 72.9227 0
    endloop
  endfacet
  facet normal -0.765758 -0.0761834 -0.6386
    outer loop
      vertex 104.667 72.6317 1.79
      vertex 106.131 72.9208 0
      vertex 104.7 72.3 1.79
    endloop
  endfacet
  facet normal -0.737259 0.221941 -0.638116
    outer loop
      vertex 105.949 71.0804 0
      vertex 104.571 71.6494 1.79
      vertex 104.667 71.9683 1.79
    endloop
  endfacet
  facet normal -0.792394 0 -0.61001
    outer loop
      vertex 104.571 71.6494 1.79
      vertex 105.949 71.0804 0
      vertex 105.949 71.0786 0
    endloop
  endfacet
  facet normal -0.0765874 0.765874 -0.638414
    outer loop
      vertex 103.621 69.1695 0
      vertex 103.332 70.6327 1.79
      vertex 103.623 69.1697 0
    endloop
  endfacet
  facet normal -0.0754495 0.766032 -0.638359
    outer loop
      vertex 103.332 70.6327 1.79
      vertex 103.621 69.1695 0
      vertex 103 70.6 1.79
    endloop
  endfacet
  facet normal 0.678065 0.364527 -0.638238
    outer loop
      vertex 101.587 71.3555 1.79
      vertex 100.051 71.0786 0
      vertex 101.429 71.6494 1.79
    endloop
  endfacet
  facet normal 0.65906 0.411913 -0.62926
    outer loop
      vertex 100.051 71.0786 0
      vertex 101.587 71.3555 1.79
      vertex 100.052 71.077 0
    endloop
  endfacet
  facet normal -0.480601 0.600751 -0.638843
    outer loop
      vertex 104.772 69.6454 0
      vertex 103.944 70.8865 1.79
      vertex 104.773 69.6462 0
    endloop
  endfacet
  facet normal -0.363674 0.678271 -0.638505
    outer loop
      vertex 103.944 70.8865 1.79
      vertex 104.772 69.6454 0
      vertex 103.651 70.7294 1.79
    endloop
  endfacet
  facet normal -0.39542 0.659034 -0.639779
    outer loop
      vertex 103.944 70.8865 1.79
      vertex 104.775 69.6474 0
      vertex 104.773 69.6462 0
    endloop
  endfacet
  facet normal -0.487768 0.595289 -0.638524
    outer loop
      vertex 104.775 69.6474 0
      vertex 103.944 70.8865 1.79
      vertex 104.202 71.0979 1.79
    endloop
  endfacet
  facet normal 0.353937 -0.707874 -0.611263
    outer loop
      vertex 102.377 75.4303 0
      vertex 102.349 73.8706 1.79
      vertex 102.376 75.4298 0
    endloop
  endfacet
  facet normal 0.223299 -0.736633 -0.638365
    outer loop
      vertex 102.349 73.8706 1.79
      vertex 102.377 75.4303 0
      vertex 102.668 73.9673 1.79
    endloop
  endfacet
  facet normal 0.31335 -0.696333 -0.645703
    outer loop
      vertex 101.779 75.2487 0
      vertex 102.056 73.7135 1.79
      vertex 101.777 75.2478 0
    endloop
  endfacet
  facet normal 0.363791 -0.67849 -0.638206
    outer loop
      vertex 102.056 73.7135 1.79
      vertex 101.779 75.2487 0
      vertex 102.349 73.8706 1.79
    endloop
  endfacet
  facet normal 0.223462 -0.736646 -0.638293
    outer loop
      vertex 102.376 75.4298 0
      vertex 102.349 73.8706 1.79
      vertex 101.779 75.2487 0
    endloop
  endfacet
  facet normal -0.290388 -0.956909 0
    outer loop
      vertex 83.8121 26.3393 0
      vertex 84.1123 26.2482 3
      vertex 83.8121 26.3393 3
    endloop
  endfacet
  facet normal -0.290388 -0.956909 -0
    outer loop
      vertex 84.1123 26.2482 3
      vertex 83.8121 26.3393 0
      vertex 84.1123 26.2482 0
    endloop
  endfacet
  facet normal -0.956909 -0.290388 0
    outer loop
      vertex 85.0693 25.0821 0
      vertex 84.9782 25.3823 3
      vertex 84.9782 25.3823 0
    endloop
  endfacet
  facet normal -0.956909 -0.290388 0
    outer loop
      vertex 84.9782 25.3823 3
      vertex 85.0693 25.0821 0
      vertex 85.0693 25.0821 3
    endloop
  endfacet
  facet normal -0.995197 -0.0978934 0
    outer loop
      vertex 85.1 24.77 0
      vertex 85.0693 25.0821 3
      vertex 85.0693 25.0821 0
    endloop
  endfacet
  facet normal -0.995197 -0.0978934 0
    outer loop
      vertex 85.0693 25.0821 3
      vertex 85.1 24.77 0
      vertex 85.1 24.77 3
    endloop
  endfacet
  facet normal -0.881982 -0.471283 0
    outer loop
      vertex 84.9782 25.3823 0
      vertex 84.8304 25.6589 3
      vertex 84.8304 25.6589 0
    endloop
  endfacet
  facet normal -0.881982 -0.471283 0
    outer loop
      vertex 84.8304 25.6589 3
      vertex 84.9782 25.3823 0
      vertex 84.9782 25.3823 3
    endloop
  endfacet
  facet normal 0.881982 0.471283 0
    outer loop
      vertex 82.1696 23.8811 3
      vertex 82.0218 24.1577 0
      vertex 82.0218 24.1577 3
    endloop
  endfacet
  facet normal 0.881982 0.471283 0
    outer loop
      vertex 82.0218 24.1577 0
      vertex 82.1696 23.8811 3
      vertex 82.1696 23.8811 0
    endloop
  endfacet
  facet normal -0.0978934 0.995197 0
    outer loop
      vertex 83.8121 23.2007 0
      vertex 83.5 23.17 3
      vertex 83.8121 23.2007 3
    endloop
  endfacet
  facet normal -0.0978934 0.995197 0
    outer loop
      vertex 83.5 23.17 3
      vertex 83.8121 23.2007 0
      vertex 83.5 23.17 0
    endloop
  endfacet
  facet normal -0.634365 -0.773033 0
    outer loop
      vertex 84.3889 26.1004 0
      vertex 84.6314 25.9014 3
      vertex 84.3889 26.1004 3
    endloop
  endfacet
  facet normal -0.634365 -0.773033 -0
    outer loop
      vertex 84.6314 25.9014 3
      vertex 84.3889 26.1004 0
      vertex 84.6314 25.9014 0
    endloop
  endfacet
  facet normal -0.290388 0.956909 0
    outer loop
      vertex 84.1123 23.2918 0
      vertex 83.8121 23.2007 3
      vertex 84.1123 23.2918 3
    endloop
  endfacet
  facet normal -0.290388 0.956909 0
    outer loop
      vertex 83.8121 23.2007 3
      vertex 84.1123 23.2918 0
      vertex 83.8121 23.2007 0
    endloop
  endfacet
  facet normal -0.773033 0.634365 0
    outer loop
      vertex 84.6314 23.6386 0
      vertex 84.8304 23.8811 3
      vertex 84.8304 23.8811 0
    endloop
  endfacet
  facet normal -0.773033 0.634365 0
    outer loop
      vertex 84.8304 23.8811 3
      vertex 84.6314 23.6386 0
      vertex 84.6314 23.6386 3
    endloop
  endfacet
  facet normal 0.881982 -0.471283 0
    outer loop
      vertex 82.0218 25.3823 3
      vertex 82.1696 25.6589 0
      vertex 82.1696 25.6589 3
    endloop
  endfacet
  facet normal 0.881982 -0.471283 0
    outer loop
      vertex 82.1696 25.6589 0
      vertex 82.0218 25.3823 3
      vertex 82.0218 25.3823 0
    endloop
  endfacet
  facet normal -0.471283 0.881982 0
    outer loop
      vertex 84.3889 23.4396 0
      vertex 84.1123 23.2918 3
      vertex 84.3889 23.4396 3
    endloop
  endfacet
  facet normal -0.471283 0.881982 0
    outer loop
      vertex 84.1123 23.2918 3
      vertex 84.3889 23.4396 0
      vertex 84.1123 23.2918 0
    endloop
  endfacet
  facet normal -0.995197 0.0978934 0
    outer loop
      vertex 85.0693 24.4579 0
      vertex 85.1 24.77 3
      vertex 85.1 24.77 0
    endloop
  endfacet
  facet normal -0.995197 0.0978934 0
    outer loop
      vertex 85.1 24.77 3
      vertex 85.0693 24.4579 0
      vertex 85.0693 24.4579 3
    endloop
  endfacet
  facet normal 0.956909 -0.290388 0
    outer loop
      vertex 81.9307 25.0821 3
      vertex 82.0218 25.3823 0
      vertex 82.0218 25.3823 3
    endloop
  endfacet
  facet normal 0.956909 -0.290388 0
    outer loop
      vertex 82.0218 25.3823 0
      vertex 81.9307 25.0821 3
      vertex 81.9307 25.0821 0
    endloop
  endfacet
  facet normal -0.0978934 -0.995197 0
    outer loop
      vertex 83.5 26.37 0
      vertex 83.8121 26.3393 3
      vertex 83.5 26.37 3
    endloop
  endfacet
  facet normal -0.0978934 -0.995197 -0
    outer loop
      vertex 83.8121 26.3393 3
      vertex 83.5 26.37 0
      vertex 83.8121 26.3393 0
    endloop
  endfacet
  facet normal 0.471283 -0.881982 0
    outer loop
      vertex 82.6111 26.1004 0
      vertex 82.8877 26.2482 3
      vertex 82.6111 26.1004 3
    endloop
  endfacet
  facet normal 0.471283 -0.881982 0
    outer loop
      vertex 82.8877 26.2482 3
      vertex 82.6111 26.1004 0
      vertex 82.8877 26.2482 0
    endloop
  endfacet
  facet normal 0.634365 -0.773033 0
    outer loop
      vertex 82.3686 25.9014 0
      vertex 82.6111 26.1004 3
      vertex 82.3686 25.9014 3
    endloop
  endfacet
  facet normal 0.634365 -0.773033 0
    outer loop
      vertex 82.6111 26.1004 3
      vertex 82.3686 25.9014 0
      vertex 82.6111 26.1004 0
    endloop
  endfacet
  facet normal 0.0978934 0.995197 -0
    outer loop
      vertex 83.5 23.17 0
      vertex 83.1879 23.2007 3
      vertex 83.5 23.17 3
    endloop
  endfacet
  facet normal 0.0978934 0.995197 0
    outer loop
      vertex 83.1879 23.2007 3
      vertex 83.5 23.17 0
      vertex 83.1879 23.2007 0
    endloop
  endfacet
  facet normal 0.290388 0.956909 -0
    outer loop
      vertex 83.1879 23.2007 0
      vertex 82.8877 23.2918 3
      vertex 83.1879 23.2007 3
    endloop
  endfacet
  facet normal 0.290388 0.956909 0
    outer loop
      vertex 82.8877 23.2918 3
      vertex 83.1879 23.2007 0
      vertex 82.8877 23.2918 0
    endloop
  endfacet
  facet normal 0.634365 0.773033 -0
    outer loop
      vertex 82.6111 23.4396 0
      vertex 82.3686 23.6386 3
      vertex 82.6111 23.4396 3
    endloop
  endfacet
  facet normal 0.634365 0.773033 0
    outer loop
      vertex 82.3686 23.6386 3
      vertex 82.6111 23.4396 0
      vertex 82.3686 23.6386 0
    endloop
  endfacet
  facet normal -0.956909 0.290388 0
    outer loop
      vertex 84.9782 24.1577 0
      vertex 85.0693 24.4579 3
      vertex 85.0693 24.4579 0
    endloop
  endfacet
  facet normal -0.956909 0.290388 0
    outer loop
      vertex 85.0693 24.4579 3
      vertex 84.9782 24.1577 0
      vertex 84.9782 24.1577 3
    endloop
  endfacet
  facet normal 0.956909 0.290388 0
    outer loop
      vertex 82.0218 24.1577 3
      vertex 81.9307 24.4579 0
      vertex 81.9307 24.4579 3
    endloop
  endfacet
  facet normal 0.956909 0.290388 0
    outer loop
      vertex 81.9307 24.4579 0
      vertex 82.0218 24.1577 3
      vertex 82.0218 24.1577 0
    endloop
  endfacet
  facet normal 0.290388 -0.956909 0
    outer loop
      vertex 82.8877 26.2482 0
      vertex 83.1879 26.3393 3
      vertex 82.8877 26.2482 3
    endloop
  endfacet
  facet normal 0.290388 -0.956909 0
    outer loop
      vertex 83.1879 26.3393 3
      vertex 82.8877 26.2482 0
      vertex 83.1879 26.3393 0
    endloop
  endfacet
  facet normal 0.995197 -0.0978934 0
    outer loop
      vertex 81.9 24.77 3
      vertex 81.9307 25.0821 0
      vertex 81.9307 25.0821 3
    endloop
  endfacet
  facet normal 0.995197 -0.0978934 0
    outer loop
      vertex 81.9307 25.0821 0
      vertex 81.9 24.77 3
      vertex 81.9 24.77 0
    endloop
  endfacet
  facet normal -0.773033 -0.634365 0
    outer loop
      vertex 84.8304 25.6589 0
      vertex 84.6314 25.9014 3
      vertex 84.6314 25.9014 0
    endloop
  endfacet
  facet normal -0.773033 -0.634365 0
    outer loop
      vertex 84.6314 25.9014 3
      vertex 84.8304 25.6589 0
      vertex 84.8304 25.6589 3
    endloop
  endfacet
  facet normal -0.634365 0.773033 0
    outer loop
      vertex 84.6314 23.6386 0
      vertex 84.3889 23.4396 3
      vertex 84.6314 23.6386 3
    endloop
  endfacet
  facet normal -0.634365 0.773033 0
    outer loop
      vertex 84.3889 23.4396 3
      vertex 84.6314 23.6386 0
      vertex 84.3889 23.4396 0
    endloop
  endfacet
  facet normal -0.471283 -0.881982 0
    outer loop
      vertex 84.1123 26.2482 0
      vertex 84.3889 26.1004 3
      vertex 84.1123 26.2482 3
    endloop
  endfacet
  facet normal -0.471283 -0.881982 -0
    outer loop
      vertex 84.3889 26.1004 3
      vertex 84.1123 26.2482 0
      vertex 84.3889 26.1004 0
    endloop
  endfacet
  facet normal 0.773033 -0.634365 0
    outer loop
      vertex 82.1696 25.6589 3
      vertex 82.3686 25.9014 0
      vertex 82.3686 25.9014 3
    endloop
  endfacet
  facet normal 0.773033 -0.634365 0
    outer loop
      vertex 82.3686 25.9014 0
      vertex 82.1696 25.6589 3
      vertex 82.1696 25.6589 0
    endloop
  endfacet
  facet normal 0.0978934 -0.995197 0
    outer loop
      vertex 83.1879 26.3393 0
      vertex 83.5 26.37 3
      vertex 83.1879 26.3393 3
    endloop
  endfacet
  facet normal 0.0978934 -0.995197 0
    outer loop
      vertex 83.5 26.37 3
      vertex 83.1879 26.3393 0
      vertex 83.5 26.37 0
    endloop
  endfacet
  facet normal 0.995197 0.0978934 0
    outer loop
      vertex 81.9307 24.4579 3
      vertex 81.9 24.77 0
      vertex 81.9 24.77 3
    endloop
  endfacet
  facet normal 0.995197 0.0978934 0
    outer loop
      vertex 81.9 24.77 0
      vertex 81.9307 24.4579 3
      vertex 81.9307 24.4579 0
    endloop
  endfacet
  facet normal 0.773033 0.634365 0
    outer loop
      vertex 82.3686 23.6386 3
      vertex 82.1696 23.8811 0
      vertex 82.1696 23.8811 3
    endloop
  endfacet
  facet normal 0.773033 0.634365 0
    outer loop
      vertex 82.1696 23.8811 0
      vertex 82.3686 23.6386 3
      vertex 82.3686 23.6386 0
    endloop
  endfacet
  facet normal -0.881982 0.471283 0
    outer loop
      vertex 84.8304 23.8811 0
      vertex 84.9782 24.1577 3
      vertex 84.9782 24.1577 0
    endloop
  endfacet
  facet normal -0.881982 0.471283 0
    outer loop
      vertex 84.9782 24.1577 3
      vertex 84.8304 23.8811 0
      vertex 84.8304 23.8811 3
    endloop
  endfacet
  facet normal 0.471283 0.881982 -0
    outer loop
      vertex 82.8877 23.2918 0
      vertex 82.6111 23.4396 3
      vertex 82.8877 23.2918 3
    endloop
  endfacet
  facet normal 0.471283 0.881982 0
    outer loop
      vertex 82.6111 23.4396 3
      vertex 82.8877 23.2918 0
      vertex 82.6111 23.4396 0
    endloop
  endfacet
  facet normal -0.0978934 -0.995197 0
    outer loop
      vertex 37 57.9 0
      vertex 37.3121 57.8693 3
      vertex 37 57.9 3
    endloop
  endfacet
  facet normal -0.0978934 -0.995197 -0
    outer loop
      vertex 37.3121 57.8693 3
      vertex 37 57.9 0
      vertex 37.3121 57.8693 0
    endloop
  endfacet
  facet normal -0.956909 -0.290388 0
    outer loop
      vertex 38.5693 56.6121 0
      vertex 38.4782 56.9123 3
      vertex 38.4782 56.9123 0
    endloop
  endfacet
  facet normal -0.956909 -0.290388 0
    outer loop
      vertex 38.4782 56.9123 3
      vertex 38.5693 56.6121 0
      vertex 38.5693 56.6121 3
    endloop
  endfacet
  facet normal -0.995197 -0.0978934 0
    outer loop
      vertex 38.6 56.3 0
      vertex 38.5693 56.6121 3
      vertex 38.5693 56.6121 0
    endloop
  endfacet
  facet normal -0.995197 -0.0978934 0
    outer loop
      vertex 38.5693 56.6121 3
      vertex 38.6 56.3 0
      vertex 38.6 56.3 3
    endloop
  endfacet
  facet normal -0.881982 -0.471283 0
    outer loop
      vertex 38.4782 56.9123 0
      vertex 38.3304 57.1889 3
      vertex 38.3304 57.1889 0
    endloop
  endfacet
  facet normal -0.881982 -0.471283 0
    outer loop
      vertex 38.3304 57.1889 3
      vertex 38.4782 56.9123 0
      vertex 38.4782 56.9123 3
    endloop
  endfacet
  facet normal -0.290388 0.956909 0
    outer loop
      vertex 37.6123 54.8218 0
      vertex 37.3121 54.7307 3
      vertex 37.6123 54.8218 3
    endloop
  endfacet
  facet normal -0.290388 0.956909 0
    outer loop
      vertex 37.3121 54.7307 3
      vertex 37.6123 54.8218 0
      vertex 37.3121 54.7307 0
    endloop
  endfacet
  facet normal -0.995197 0.0978934 0
    outer loop
      vertex 38.5693 55.9879 0
      vertex 38.6 56.3 3
      vertex 38.6 56.3 0
    endloop
  endfacet
  facet normal -0.995197 0.0978934 0
    outer loop
      vertex 38.6 56.3 3
      vertex 38.5693 55.9879 0
      vertex 38.5693 55.9879 3
    endloop
  endfacet
  facet normal 0.634365 -0.773033 0
    outer loop
      vertex 35.8686 57.4314 0
      vertex 36.1111 57.6304 3
      vertex 35.8686 57.4314 3
    endloop
  endfacet
  facet normal 0.634365 -0.773033 0
    outer loop
      vertex 36.1111 57.6304 3
      vertex 35.8686 57.4314 0
      vertex 36.1111 57.6304 0
    endloop
  endfacet
  facet normal -0.773033 -0.634365 0
    outer loop
      vertex 38.3304 57.1889 0
      vertex 38.1314 57.4314 3
      vertex 38.1314 57.4314 0
    endloop
  endfacet
  facet normal -0.773033 -0.634365 0
    outer loop
      vertex 38.1314 57.4314 3
      vertex 38.3304 57.1889 0
      vertex 38.3304 57.1889 3
    endloop
  endfacet
  facet normal 0.290388 -0.956909 0
    outer loop
      vertex 36.3877 57.7782 0
      vertex 36.6879 57.8693 3
      vertex 36.3877 57.7782 3
    endloop
  endfacet
  facet normal 0.290388 -0.956909 0
    outer loop
      vertex 36.6879 57.8693 3
      vertex 36.3877 57.7782 0
      vertex 36.6879 57.8693 0
    endloop
  endfacet
  facet normal 0.471283 -0.881982 0
    outer loop
      vertex 36.1111 57.6304 0
      vertex 36.3877 57.7782 3
      vertex 36.1111 57.6304 3
    endloop
  endfacet
  facet normal 0.471283 -0.881982 0
    outer loop
      vertex 36.3877 57.7782 3
      vertex 36.1111 57.6304 0
      vertex 36.3877 57.7782 0
    endloop
  endfacet
  facet normal -0.634175 0.77319 0
    outer loop
      vertex 38.1314 55.1686 0
      vertex 37.8889 54.9697 3
      vertex 38.1314 55.1686 3
    endloop
  endfacet
  facet normal -0.634175 0.77319 0
    outer loop
      vertex 37.8889 54.9697 3
      vertex 38.1314 55.1686 0
      vertex 37.8889 54.9697 0
    endloop
  endfacet
  facet normal 0.995197 0.0978934 0
    outer loop
      vertex 35.4307 55.9879 3
      vertex 35.4 56.3 0
      vertex 35.4 56.3 3
    endloop
  endfacet
  facet normal 0.995197 0.0978934 0
    outer loop
      vertex 35.4 56.3 0
      vertex 35.4307 55.9879 3
      vertex 35.4307 55.9879 0
    endloop
  endfacet
  facet normal -0.956909 0.290388 0
    outer loop
      vertex 38.4782 55.6877 0
      vertex 38.5693 55.9879 3
      vertex 38.5693 55.9879 0
    endloop
  endfacet
  facet normal -0.956909 0.290388 0
    outer loop
      vertex 38.5693 55.9879 3
      vertex 38.4782 55.6877 0
      vertex 38.4782 55.6877 3
    endloop
  endfacet
  facet normal 0.881982 0.471283 0
    outer loop
      vertex 35.6696 55.4111 3
      vertex 35.5218 55.6877 0
      vertex 35.5218 55.6877 3
    endloop
  endfacet
  facet normal 0.881982 0.471283 0
    outer loop
      vertex 35.5218 55.6877 0
      vertex 35.6696 55.4111 3
      vertex 35.6696 55.4111 0
    endloop
  endfacet
  facet normal -0.290388 -0.956909 0
    outer loop
      vertex 37.3121 57.8693 0
      vertex 37.6123 57.7782 3
      vertex 37.3121 57.8693 3
    endloop
  endfacet
  facet normal -0.290388 -0.956909 -0
    outer loop
      vertex 37.6123 57.7782 3
      vertex 37.3121 57.8693 0
      vertex 37.6123 57.7782 0
    endloop
  endfacet
  facet normal -0.881982 0.471283 0
    outer loop
      vertex 38.3304 55.4111 0
      vertex 38.4782 55.6877 3
      vertex 38.4782 55.6877 0
    endloop
  endfacet
  facet normal -0.881982 0.471283 0
    outer loop
      vertex 38.4782 55.6877 3
      vertex 38.3304 55.4111 0
      vertex 38.3304 55.4111 3
    endloop
  endfacet
  facet normal 0.956909 -0.290388 0
    outer loop
      vertex 35.4307 56.6121 3
      vertex 35.5218 56.9123 0
      vertex 35.5218 56.9123 3
    endloop
  endfacet
  facet normal 0.956909 -0.290388 0
    outer loop
      vertex 35.5218 56.9123 0
      vertex 35.4307 56.6121 3
      vertex 35.4307 56.6121 0
    endloop
  endfacet
  facet normal 0.634175 0.77319 -0
    outer loop
      vertex 36.1111 54.9697 0
      vertex 35.8686 55.1686 3
      vertex 36.1111 54.9697 3
    endloop
  endfacet
  facet normal 0.634175 0.77319 0
    outer loop
      vertex 35.8686 55.1686 3
      vertex 36.1111 54.9697 0
      vertex 35.8686 55.1686 0
    endloop
  endfacet
  facet normal 0.773033 -0.634365 0
    outer loop
      vertex 35.6696 57.1889 3
      vertex 35.8686 57.4314 0
      vertex 35.8686 57.4314 3
    endloop
  endfacet
  facet normal 0.773033 -0.634365 0
    outer loop
      vertex 35.8686 57.4314 0
      vertex 35.6696 57.1889 3
      vertex 35.6696 57.1889 0
    endloop
  endfacet
  facet normal 0.773033 0.634365 0
    outer loop
      vertex 35.8686 55.1686 3
      vertex 35.6696 55.4111 0
      vertex 35.6696 55.4111 3
    endloop
  endfacet
  facet normal 0.773033 0.634365 0
    outer loop
      vertex 35.6696 55.4111 0
      vertex 35.8686 55.1686 3
      vertex 35.8686 55.1686 0
    endloop
  endfacet
  facet normal -0.634365 -0.773033 0
    outer loop
      vertex 37.8889 57.6304 0
      vertex 38.1314 57.4314 3
      vertex 37.8889 57.6304 3
    endloop
  endfacet
  facet normal -0.634365 -0.773033 -0
    outer loop
      vertex 38.1314 57.4314 3
      vertex 37.8889 57.6304 0
      vertex 38.1314 57.4314 0
    endloop
  endfacet
  facet normal -0.471283 -0.881982 0
    outer loop
      vertex 37.6123 57.7782 0
      vertex 37.8889 57.6304 3
      vertex 37.6123 57.7782 3
    endloop
  endfacet
  facet normal -0.471283 -0.881982 -0
    outer loop
      vertex 37.8889 57.6304 3
      vertex 37.6123 57.7782 0
      vertex 37.8889 57.6304 0
    endloop
  endfacet
  facet normal 0.881982 -0.471283 0
    outer loop
      vertex 35.5218 56.9123 3
      vertex 35.6696 57.1889 0
      vertex 35.6696 57.1889 3
    endloop
  endfacet
  facet normal 0.881982 -0.471283 0
    outer loop
      vertex 35.6696 57.1889 0
      vertex 35.5218 56.9123 3
      vertex 35.5218 56.9123 0
    endloop
  endfacet
  facet normal -0.773033 0.634365 0
    outer loop
      vertex 38.1314 55.1686 0
      vertex 38.3304 55.4111 3
      vertex 38.3304 55.4111 0
    endloop
  endfacet
  facet normal -0.773033 0.634365 0
    outer loop
      vertex 38.3304 55.4111 3
      vertex 38.1314 55.1686 0
      vertex 38.1314 55.1686 3
    endloop
  endfacet
  facet normal -0.0978934 0.995197 0
    outer loop
      vertex 37.3121 54.7307 0
      vertex 37 54.7 3
      vertex 37.3121 54.7307 3
    endloop
  endfacet
  facet normal -0.0978934 0.995197 0
    outer loop
      vertex 37 54.7 3
      vertex 37.3121 54.7307 0
      vertex 37 54.7 0
    endloop
  endfacet
  facet normal -0.471531 0.881849 0
    outer loop
      vertex 37.8889 54.9697 0
      vertex 37.6123 54.8218 3
      vertex 37.8889 54.9697 3
    endloop
  endfacet
  facet normal -0.471531 0.881849 0
    outer loop
      vertex 37.6123 54.8218 3
      vertex 37.8889 54.9697 0
      vertex 37.6123 54.8218 0
    endloop
  endfacet
  facet normal 0.995197 -0.0978934 0
    outer loop
      vertex 35.4 56.3 3
      vertex 35.4307 56.6121 0
      vertex 35.4307 56.6121 3
    endloop
  endfacet
  facet normal 0.995197 -0.0978934 0
    outer loop
      vertex 35.4307 56.6121 0
      vertex 35.4 56.3 3
      vertex 35.4 56.3 0
    endloop
  endfacet
  facet normal 0.0978934 -0.995197 0
    outer loop
      vertex 36.6879 57.8693 0
      vertex 37 57.9 3
      vertex 36.6879 57.8693 3
    endloop
  endfacet
  facet normal 0.0978934 -0.995197 0
    outer loop
      vertex 37 57.9 3
      vertex 36.6879 57.8693 0
      vertex 37 57.9 0
    endloop
  endfacet
  facet normal 0.0978934 0.995197 -0
    outer loop
      vertex 37 54.7 0
      vertex 36.6879 54.7307 3
      vertex 37 54.7 3
    endloop
  endfacet
  facet normal 0.0978934 0.995197 0
    outer loop
      vertex 36.6879 54.7307 3
      vertex 37 54.7 0
      vertex 36.6879 54.7307 0
    endloop
  endfacet
  facet normal 0.290388 0.956909 -0
    outer loop
      vertex 36.6879 54.7307 0
      vertex 36.3877 54.8218 3
      vertex 36.6879 54.7307 3
    endloop
  endfacet
  facet normal 0.290388 0.956909 0
    outer loop
      vertex 36.3877 54.8218 3
      vertex 36.6879 54.7307 0
      vertex 36.3877 54.8218 0
    endloop
  endfacet
  facet normal 0.471531 0.881849 -0
    outer loop
      vertex 36.3877 54.8218 0
      vertex 36.1111 54.9697 3
      vertex 36.3877 54.8218 3
    endloop
  endfacet
  facet normal 0.471531 0.881849 0
    outer loop
      vertex 36.1111 54.9697 3
      vertex 36.3877 54.8218 0
      vertex 36.1111 54.9697 0
    endloop
  endfacet
  facet normal 0.956909 0.290388 0
    outer loop
      vertex 35.5218 55.6877 3
      vertex 35.4307 55.9879 0
      vertex 35.4307 55.9879 3
    endloop
  endfacet
  facet normal 0.956909 0.290388 0
    outer loop
      vertex 35.4307 55.9879 0
      vertex 35.5218 55.6877 3
      vertex 35.5218 55.6877 0
    endloop
  endfacet
  facet normal -0.097928 -0.995194 0
    outer loop
      vertex 40.5 18.05 0
      vertex 40.7439 18.026 3
      vertex 40.5 18.05 3
    endloop
  endfacet
  facet normal -0.097928 -0.995194 -0
    outer loop
      vertex 40.7439 18.026 3
      vertex 40.5 18.05 0
      vertex 40.7439 18.026 0
    endloop
  endfacet
  facet normal -0.95698 -0.290155 0
    outer loop
      vertex 41.726 17.0439 0
      vertex 41.6549 17.2784 3
      vertex 41.6549 17.2784 0
    endloop
  endfacet
  facet normal -0.95698 -0.290155 0
    outer loop
      vertex 41.6549 17.2784 3
      vertex 41.726 17.0439 0
      vertex 41.726 17.0439 3
    endloop
  endfacet
  facet normal -0.995194 -0.097928 0
    outer loop
      vertex 41.75 16.8 0
      vertex 41.726 17.0439 3
      vertex 41.726 17.0439 0
    endloop
  endfacet
  facet normal -0.995194 -0.097928 0
    outer loop
      vertex 41.726 17.0439 3
      vertex 41.75 16.8 0
      vertex 41.75 16.8 3
    endloop
  endfacet
  facet normal -0.881765 -0.471689 0
    outer loop
      vertex 41.6549 17.2784 0
      vertex 41.5393 17.4945 3
      vertex 41.5393 17.4945 0
    endloop
  endfacet
  facet normal -0.881765 -0.471689 0
    outer loop
      vertex 41.5393 17.4945 3
      vertex 41.6549 17.2784 0
      vertex 41.6549 17.2784 3
    endloop
  endfacet
  facet normal 0.290528 -0.956866 0
    outer loop
      vertex 40.0216 17.9548 0
      vertex 40.2561 18.026 3
      vertex 40.0216 17.9548 3
    endloop
  endfacet
  facet normal 0.290528 -0.956866 0
    outer loop
      vertex 40.2561 18.026 3
      vertex 40.0216 17.9548 0
      vertex 40.2561 18.026 0
    endloop
  endfacet
  facet normal -0.995194 0.097928 0
    outer loop
      vertex 41.726 16.5561 0
      vertex 41.75 16.8 3
      vertex 41.75 16.8 0
    endloop
  endfacet
  facet normal -0.995194 0.097928 0
    outer loop
      vertex 41.75 16.8 3
      vertex 41.726 16.5561 0
      vertex 41.726 16.5561 3
    endloop
  endfacet
  facet normal 0.097928 0.995194 -0
    outer loop
      vertex 40.5 15.55 0
      vertex 40.2561 15.574 3
      vertex 40.5 15.55 3
    endloop
  endfacet
  facet normal 0.097928 0.995194 0
    outer loop
      vertex 40.2561 15.574 3
      vertex 40.5 15.55 0
      vertex 40.2561 15.574 0
    endloop
  endfacet
  facet normal 0.471372 0.881935 -0
    outer loop
      vertex 40.0216 15.6452 0
      vertex 39.8055 15.7607 3
      vertex 40.0216 15.6452 3
    endloop
  endfacet
  facet normal 0.471372 0.881935 0
    outer loop
      vertex 39.8055 15.7607 3
      vertex 40.0216 15.6452 0
      vertex 39.8055 15.7607 0
    endloop
  endfacet
  facet normal 0.881765 0.471689 0
    outer loop
      vertex 39.4607 16.1055 3
      vertex 39.3451 16.3216 0
      vertex 39.3451 16.3216 3
    endloop
  endfacet
  facet normal 0.881765 0.471689 0
    outer loop
      vertex 39.3451 16.3216 0
      vertex 39.4607 16.1055 3
      vertex 39.4607 16.1055 0
    endloop
  endfacet
  facet normal -0.097928 0.995194 0
    outer loop
      vertex 40.7439 15.574 0
      vertex 40.5 15.55 3
      vertex 40.7439 15.574 3
    endloop
  endfacet
  facet normal -0.097928 0.995194 0
    outer loop
      vertex 40.5 15.55 3
      vertex 40.7439 15.574 0
      vertex 40.5 15.55 0
    endloop
  endfacet
  facet normal -0.95698 0.290155 0
    outer loop
      vertex 41.6549 16.3216 0
      vertex 41.726 16.5561 3
      vertex 41.726 16.5561 0
    endloop
  endfacet
  facet normal -0.95698 0.290155 0
    outer loop
      vertex 41.726 16.5561 3
      vertex 41.6549 16.3216 0
      vertex 41.6549 16.3216 3
    endloop
  endfacet
  facet normal -0.290528 -0.956866 0
    outer loop
      vertex 40.7439 18.026 0
      vertex 40.9784 17.9548 3
      vertex 40.7439 18.026 3
    endloop
  endfacet
  facet normal -0.290528 -0.956866 -0
    outer loop
      vertex 40.9784 17.9548 3
      vertex 40.7439 18.026 0
      vertex 40.9784 17.9548 0
    endloop
  endfacet
  facet normal -0.290528 0.956866 0
    outer loop
      vertex 40.9784 15.6452 0
      vertex 40.7439 15.574 3
      vertex 40.9784 15.6452 3
    endloop
  endfacet
  facet normal -0.290528 0.956866 0
    outer loop
      vertex 40.7439 15.574 3
      vertex 40.9784 15.6452 0
      vertex 40.7439 15.574 0
    endloop
  endfacet
  facet normal 0.290528 0.956866 -0
    outer loop
      vertex 40.2561 15.574 0
      vertex 40.0216 15.6452 3
      vertex 40.2561 15.574 3
    endloop
  endfacet
  facet normal 0.290528 0.956866 0
    outer loop
      vertex 40.0216 15.6452 3
      vertex 40.2561 15.574 0
      vertex 40.0216 15.6452 0
    endloop
  endfacet
  facet normal 0.634304 -0.773084 0
    outer loop
      vertex 39.6161 17.6839 0
      vertex 39.8055 17.8393 3
      vertex 39.6161 17.6839 3
    endloop
  endfacet
  facet normal 0.634304 -0.773084 0
    outer loop
      vertex 39.8055 17.8393 3
      vertex 39.6161 17.6839 0
      vertex 39.8055 17.8393 0
    endloop
  endfacet
  facet normal -0.773084 -0.634304 0
    outer loop
      vertex 41.5393 17.4945 0
      vertex 41.3839 17.6839 3
      vertex 41.3839 17.6839 0
    endloop
  endfacet
  facet normal -0.773084 -0.634304 0
    outer loop
      vertex 41.3839 17.6839 3
      vertex 41.5393 17.4945 0
      vertex 41.5393 17.4945 3
    endloop
  endfacet
  facet normal 0.471372 -0.881935 0
    outer loop
      vertex 39.8055 17.8393 0
      vertex 40.0216 17.9548 3
      vertex 39.8055 17.8393 3
    endloop
  endfacet
  facet normal 0.471372 -0.881935 0
    outer loop
      vertex 40.0216 17.9548 3
      vertex 39.8055 17.8393 0
      vertex 40.0216 17.9548 0
    endloop
  endfacet
  facet normal -0.471372 0.881935 0
    outer loop
      vertex 41.1945 15.7607 0
      vertex 40.9784 15.6452 3
      vertex 41.1945 15.7607 3
    endloop
  endfacet
  facet normal -0.471372 0.881935 0
    outer loop
      vertex 40.9784 15.6452 3
      vertex 41.1945 15.7607 0
      vertex 40.9784 15.6452 0
    endloop
  endfacet
  facet normal 0.95698 -0.290155 0
    outer loop
      vertex 39.274 17.0439 3
      vertex 39.3451 17.2784 0
      vertex 39.3451 17.2784 3
    endloop
  endfacet
  facet normal 0.95698 -0.290155 0
    outer loop
      vertex 39.3451 17.2784 0
      vertex 39.274 17.0439 3
      vertex 39.274 17.0439 0
    endloop
  endfacet
  facet normal -0.881765 0.471689 0
    outer loop
      vertex 41.5393 16.1055 0
      vertex 41.6549 16.3216 3
      vertex 41.6549 16.3216 0
    endloop
  endfacet
  facet normal -0.881765 0.471689 0
    outer loop
      vertex 41.6549 16.3216 3
      vertex 41.5393 16.1055 0
      vertex 41.5393 16.1055 3
    endloop
  endfacet
  facet normal -0.773084 0.634304 0
    outer loop
      vertex 41.3839 15.9161 0
      vertex 41.5393 16.1055 3
      vertex 41.5393 16.1055 0
    endloop
  endfacet
  facet normal -0.773084 0.634304 0
    outer loop
      vertex 41.5393 16.1055 3
      vertex 41.3839 15.9161 0
      vertex 41.3839 15.9161 3
    endloop
  endfacet
  facet normal -0.634304 -0.773084 0
    outer loop
      vertex 41.1945 17.8393 0
      vertex 41.3839 17.6839 3
      vertex 41.1945 17.8393 3
    endloop
  endfacet
  facet normal -0.634304 -0.773084 -0
    outer loop
      vertex 41.3839 17.6839 3
      vertex 41.1945 17.8393 0
      vertex 41.3839 17.6839 0
    endloop
  endfacet
  facet normal -0.634304 0.773084 0
    outer loop
      vertex 41.3839 15.9161 0
      vertex 41.1945 15.7607 3
      vertex 41.3839 15.9161 3
    endloop
  endfacet
  facet normal -0.634304 0.773084 0
    outer loop
      vertex 41.1945 15.7607 3
      vertex 41.3839 15.9161 0
      vertex 41.1945 15.7607 0
    endloop
  endfacet
  facet normal -0.471372 -0.881935 0
    outer loop
      vertex 40.9784 17.9548 0
      vertex 41.1945 17.8393 3
      vertex 40.9784 17.9548 3
    endloop
  endfacet
  facet normal -0.471372 -0.881935 -0
    outer loop
      vertex 41.1945 17.8393 3
      vertex 40.9784 17.9548 0
      vertex 41.1945 17.8393 0
    endloop
  endfacet
  facet normal 0.95698 0.290155 0
    outer loop
      vertex 39.3451 16.3216 3
      vertex 39.274 16.5561 0
      vertex 39.274 16.5561 3
    endloop
  endfacet
  facet normal 0.95698 0.290155 0
    outer loop
      vertex 39.274 16.5561 0
      vertex 39.3451 16.3216 3
      vertex 39.3451 16.3216 0
    endloop
  endfacet
  facet normal 0.881765 -0.471689 0
    outer loop
      vertex 39.3451 17.2784 3
      vertex 39.4607 17.4945 0
      vertex 39.4607 17.4945 3
    endloop
  endfacet
  facet normal 0.881765 -0.471689 0
    outer loop
      vertex 39.4607 17.4945 0
      vertex 39.3451 17.2784 3
      vertex 39.3451 17.2784 0
    endloop
  endfacet
  facet normal 0.773084 -0.634304 0
    outer loop
      vertex 39.4607 17.4945 3
      vertex 39.6161 17.6839 0
      vertex 39.6161 17.6839 3
    endloop
  endfacet
  facet normal 0.773084 -0.634304 0
    outer loop
      vertex 39.6161 17.6839 0
      vertex 39.4607 17.4945 3
      vertex 39.4607 17.4945 0
    endloop
  endfacet
  facet normal 0.773084 0.634304 0
    outer loop
      vertex 39.6161 15.9161 3
      vertex 39.4607 16.1055 0
      vertex 39.4607 16.1055 3
    endloop
  endfacet
  facet normal 0.773084 0.634304 0
    outer loop
      vertex 39.4607 16.1055 0
      vertex 39.6161 15.9161 3
      vertex 39.6161 15.9161 0
    endloop
  endfacet
  facet normal 0.634304 0.773084 -0
    outer loop
      vertex 39.8055 15.7607 0
      vertex 39.6161 15.9161 3
      vertex 39.8055 15.7607 3
    endloop
  endfacet
  facet normal 0.634304 0.773084 0
    outer loop
      vertex 39.6161 15.9161 3
      vertex 39.8055 15.7607 0
      vertex 39.6161 15.9161 0
    endloop
  endfacet
  facet normal 0.995194 0.097928 0
    outer loop
      vertex 39.274 16.5561 3
      vertex 39.25 16.8 0
      vertex 39.25 16.8 3
    endloop
  endfacet
  facet normal 0.995194 0.097928 0
    outer loop
      vertex 39.25 16.8 0
      vertex 39.274 16.5561 3
      vertex 39.274 16.5561 0
    endloop
  endfacet
  facet normal 0.995194 -0.097928 0
    outer loop
      vertex 39.25 16.8 3
      vertex 39.274 17.0439 0
      vertex 39.274 17.0439 3
    endloop
  endfacet
  facet normal 0.995194 -0.097928 0
    outer loop
      vertex 39.274 17.0439 0
      vertex 39.25 16.8 3
      vertex 39.25 16.8 0
    endloop
  endfacet
  facet normal 0.097928 -0.995194 0
    outer loop
      vertex 40.2561 18.026 0
      vertex 40.5 18.05 3
      vertex 40.2561 18.026 3
    endloop
  endfacet
  facet normal 0.097928 -0.995194 0
    outer loop
      vertex 40.5 18.05 3
      vertex 40.2561 18.026 0
      vertex 40.5 18.05 0
    endloop
  endfacet
  facet normal 0.097928 -0.995194 0
    outer loop
      vertex 82.2561 30.426 0
      vertex 82.5 30.45 3
      vertex 82.2561 30.426 3
    endloop
  endfacet
  facet normal 0.097928 -0.995194 0
    outer loop
      vertex 82.5 30.45 3
      vertex 82.2561 30.426 0
      vertex 82.5 30.45 0
    endloop
  endfacet
  facet normal -0.773084 0.634304 0
    outer loop
      vertex 83.3839 28.3161 0
      vertex 83.5393 28.5055 3
      vertex 83.5393 28.5055 0
    endloop
  endfacet
  facet normal -0.773084 0.634304 0
    outer loop
      vertex 83.5393 28.5055 3
      vertex 83.3839 28.3161 0
      vertex 83.3839 28.3161 3
    endloop
  endfacet
  facet normal -0.956866 -0.290528 0
    outer loop
      vertex 83.726 29.4439 0
      vertex 83.6548 29.6784 3
      vertex 83.6548 29.6784 0
    endloop
  endfacet
  facet normal -0.956866 -0.290528 0
    outer loop
      vertex 83.6548 29.6784 3
      vertex 83.726 29.4439 0
      vertex 83.726 29.4439 3
    endloop
  endfacet
  facet normal -0.471372 0.881935 0
    outer loop
      vertex 83.1945 28.1607 0
      vertex 82.9784 28.0452 3
      vertex 83.1945 28.1607 3
    endloop
  endfacet
  facet normal -0.471372 0.881935 0
    outer loop
      vertex 82.9784 28.0452 3
      vertex 83.1945 28.1607 0
      vertex 82.9784 28.0452 0
    endloop
  endfacet
  facet normal 0.773084 -0.634304 0
    outer loop
      vertex 81.4607 29.8945 3
      vertex 81.6161 30.0839 0
      vertex 81.6161 30.0839 3
    endloop
  endfacet
  facet normal 0.773084 -0.634304 0
    outer loop
      vertex 81.6161 30.0839 0
      vertex 81.4607 29.8945 3
      vertex 81.4607 29.8945 0
    endloop
  endfacet
  facet normal -0.995194 0.097928 0
    outer loop
      vertex 83.726 28.9561 0
      vertex 83.75 29.2 3
      vertex 83.75 29.2 0
    endloop
  endfacet
  facet normal -0.995194 0.097928 0
    outer loop
      vertex 83.75 29.2 3
      vertex 83.726 28.9561 0
      vertex 83.726 28.9561 3
    endloop
  endfacet
  facet normal -0.881935 0.471372 0
    outer loop
      vertex 83.5393 28.5055 0
      vertex 83.6548 28.7216 3
      vertex 83.6548 28.7216 0
    endloop
  endfacet
  facet normal -0.881935 0.471372 0
    outer loop
      vertex 83.6548 28.7216 3
      vertex 83.5393 28.5055 0
      vertex 83.5393 28.5055 3
    endloop
  endfacet
  facet normal -0.290528 0.956866 0
    outer loop
      vertex 82.9784 28.0452 0
      vertex 82.7439 27.974 3
      vertex 82.9784 28.0452 3
    endloop
  endfacet
  facet normal -0.290528 0.956866 0
    outer loop
      vertex 82.7439 27.974 3
      vertex 82.9784 28.0452 0
      vertex 82.7439 27.974 0
    endloop
  endfacet
  facet normal 0.290528 -0.956866 0
    outer loop
      vertex 82.0216 30.3548 0
      vertex 82.2561 30.426 3
      vertex 82.0216 30.3548 3
    endloop
  endfacet
  facet normal 0.290528 -0.956866 0
    outer loop
      vertex 82.2561 30.426 3
      vertex 82.0216 30.3548 0
      vertex 82.2561 30.426 0
    endloop
  endfacet
  facet normal -0.995194 -0.097928 0
    outer loop
      vertex 83.75 29.2 0
      vertex 83.726 29.4439 3
      vertex 83.726 29.4439 0
    endloop
  endfacet
  facet normal -0.995194 -0.097928 0
    outer loop
      vertex 83.726 29.4439 3
      vertex 83.75 29.2 0
      vertex 83.75 29.2 3
    endloop
  endfacet
  facet normal 0.471372 0.881935 -0
    outer loop
      vertex 82.0216 28.0452 0
      vertex 81.8055 28.1607 3
      vertex 82.0216 28.0452 3
    endloop
  endfacet
  facet normal 0.471372 0.881935 0
    outer loop
      vertex 81.8055 28.1607 3
      vertex 82.0216 28.0452 0
      vertex 81.8055 28.1607 0
    endloop
  endfacet
  facet normal -0.881935 -0.471372 0
    outer loop
      vertex 83.6548 29.6784 0
      vertex 83.5393 29.8945 3
      vertex 83.5393 29.8945 0
    endloop
  endfacet
  facet normal -0.881935 -0.471372 0
    outer loop
      vertex 83.5393 29.8945 3
      vertex 83.6548 29.6784 0
      vertex 83.6548 29.6784 3
    endloop
  endfacet
  facet normal -0.290528 -0.956866 0
    outer loop
      vertex 82.7439 30.426 0
      vertex 82.9784 30.3548 3
      vertex 82.7439 30.426 3
    endloop
  endfacet
  facet normal -0.290528 -0.956866 -0
    outer loop
      vertex 82.9784 30.3548 3
      vertex 82.7439 30.426 0
      vertex 82.9784 30.3548 0
    endloop
  endfacet
  facet normal 0.995194 0.097928 0
    outer loop
      vertex 81.274 28.9561 3
      vertex 81.25 29.2 0
      vertex 81.25 29.2 3
    endloop
  endfacet
  facet normal 0.995194 0.097928 0
    outer loop
      vertex 81.25 29.2 0
      vertex 81.274 28.9561 3
      vertex 81.274 28.9561 0
    endloop
  endfacet
  facet normal 0.881935 -0.471372 0
    outer loop
      vertex 81.3452 29.6784 3
      vertex 81.4607 29.8945 0
      vertex 81.4607 29.8945 3
    endloop
  endfacet
  facet normal 0.881935 -0.471372 0
    outer loop
      vertex 81.4607 29.8945 0
      vertex 81.3452 29.6784 3
      vertex 81.3452 29.6784 0
    endloop
  endfacet
  facet normal 0.881935 0.471372 0
    outer loop
      vertex 81.4607 28.5055 3
      vertex 81.3452 28.7216 0
      vertex 81.3452 28.7216 3
    endloop
  endfacet
  facet normal 0.881935 0.471372 0
    outer loop
      vertex 81.3452 28.7216 0
      vertex 81.4607 28.5055 3
      vertex 81.4607 28.5055 0
    endloop
  endfacet
  facet normal 0.471372 -0.881935 0
    outer loop
      vertex 81.8055 30.2393 0
      vertex 82.0216 30.3548 3
      vertex 81.8055 30.2393 3
    endloop
  endfacet
  facet normal 0.471372 -0.881935 0
    outer loop
      vertex 82.0216 30.3548 3
      vertex 81.8055 30.2393 0
      vertex 82.0216 30.3548 0
    endloop
  endfacet
  facet normal -0.097928 -0.995194 0
    outer loop
      vertex 82.5 30.45 0
      vertex 82.7439 30.426 3
      vertex 82.5 30.45 3
    endloop
  endfacet
  facet normal -0.097928 -0.995194 -0
    outer loop
      vertex 82.7439 30.426 3
      vertex 82.5 30.45 0
      vertex 82.7439 30.426 0
    endloop
  endfacet
  facet normal 0.290528 0.956866 -0
    outer loop
      vertex 82.2561 27.974 0
      vertex 82.0216 28.0452 3
      vertex 82.2561 27.974 3
    endloop
  endfacet
  facet normal 0.290528 0.956866 0
    outer loop
      vertex 82.0216 28.0452 3
      vertex 82.2561 27.974 0
      vertex 82.0216 28.0452 0
    endloop
  endfacet
  facet normal -0.634304 -0.773084 0
    outer loop
      vertex 83.1945 30.2393 0
      vertex 83.3839 30.0839 3
      vertex 83.1945 30.2393 3
    endloop
  endfacet
  facet normal -0.634304 -0.773084 -0
    outer loop
      vertex 83.3839 30.0839 3
      vertex 83.1945 30.2393 0
      vertex 83.3839 30.0839 0
    endloop
  endfacet
  facet normal -0.773084 -0.634304 0
    outer loop
      vertex 83.5393 29.8945 0
      vertex 83.3839 30.0839 3
      vertex 83.3839 30.0839 0
    endloop
  endfacet
  facet normal -0.773084 -0.634304 0
    outer loop
      vertex 83.3839 30.0839 3
      vertex 83.5393 29.8945 0
      vertex 83.5393 29.8945 3
    endloop
  endfacet
  facet normal 0.097928 0.995194 -0
    outer loop
      vertex 82.5 27.95 0
      vertex 82.2561 27.974 3
      vertex 82.5 27.95 3
    endloop
  endfacet
  facet normal 0.097928 0.995194 0
    outer loop
      vertex 82.2561 27.974 3
      vertex 82.5 27.95 0
      vertex 82.2561 27.974 0
    endloop
  endfacet
  facet normal -0.956866 0.290528 0
    outer loop
      vertex 83.6548 28.7216 0
      vertex 83.726 28.9561 3
      vertex 83.726 28.9561 0
    endloop
  endfacet
  facet normal -0.956866 0.290528 0
    outer loop
      vertex 83.726 28.9561 3
      vertex 83.6548 28.7216 0
      vertex 83.6548 28.7216 3
    endloop
  endfacet
  facet normal -0.471372 -0.881935 0
    outer loop
      vertex 82.9784 30.3548 0
      vertex 83.1945 30.2393 3
      vertex 82.9784 30.3548 3
    endloop
  endfacet
  facet normal -0.471372 -0.881935 -0
    outer loop
      vertex 83.1945 30.2393 3
      vertex 82.9784 30.3548 0
      vertex 83.1945 30.2393 0
    endloop
  endfacet
  facet normal 0.995194 -0.097928 0
    outer loop
      vertex 81.25 29.2 3
      vertex 81.274 29.4439 0
      vertex 81.274 29.4439 3
    endloop
  endfacet
  facet normal 0.995194 -0.097928 0
    outer loop
      vertex 81.274 29.4439 0
      vertex 81.25 29.2 3
      vertex 81.25 29.2 0
    endloop
  endfacet
  facet normal 0.634304 -0.773084 0
    outer loop
      vertex 81.6161 30.0839 0
      vertex 81.8055 30.2393 3
      vertex 81.6161 30.0839 3
    endloop
  endfacet
  facet normal 0.634304 -0.773084 0
    outer loop
      vertex 81.8055 30.2393 3
      vertex 81.6161 30.0839 0
      vertex 81.8055 30.2393 0
    endloop
  endfacet
  facet normal -0.634304 0.773084 0
    outer loop
      vertex 83.3839 28.3161 0
      vertex 83.1945 28.1607 3
      vertex 83.3839 28.3161 3
    endloop
  endfacet
  facet normal -0.634304 0.773084 0
    outer loop
      vertex 83.1945 28.1607 3
      vertex 83.3839 28.3161 0
      vertex 83.1945 28.1607 0
    endloop
  endfacet
  facet normal 0.773084 0.634304 0
    outer loop
      vertex 81.6161 28.3161 3
      vertex 81.4607 28.5055 0
      vertex 81.4607 28.5055 3
    endloop
  endfacet
  facet normal 0.773084 0.634304 0
    outer loop
      vertex 81.4607 28.5055 0
      vertex 81.6161 28.3161 3
      vertex 81.6161 28.3161 0
    endloop
  endfacet
  facet normal 0.634304 0.773084 -0
    outer loop
      vertex 81.8055 28.1607 0
      vertex 81.6161 28.3161 3
      vertex 81.8055 28.1607 3
    endloop
  endfacet
  facet normal 0.634304 0.773084 0
    outer loop
      vertex 81.6161 28.3161 3
      vertex 81.8055 28.1607 0
      vertex 81.6161 28.3161 0
    endloop
  endfacet
  facet normal 0.956866 0.290528 0
    outer loop
      vertex 81.3452 28.7216 3
      vertex 81.274 28.9561 0
      vertex 81.274 28.9561 3
    endloop
  endfacet
  facet normal 0.956866 0.290528 0
    outer loop
      vertex 81.274 28.9561 0
      vertex 81.3452 28.7216 3
      vertex 81.3452 28.7216 0
    endloop
  endfacet
  facet normal 0.956866 -0.290528 0
    outer loop
      vertex 81.274 29.4439 3
      vertex 81.3452 29.6784 0
      vertex 81.3452 29.6784 3
    endloop
  endfacet
  facet normal 0.956866 -0.290528 0
    outer loop
      vertex 81.3452 29.6784 0
      vertex 81.274 29.4439 3
      vertex 81.274 29.4439 0
    endloop
  endfacet
  facet normal -0.097928 0.995194 0
    outer loop
      vertex 82.7439 27.974 0
      vertex 82.5 27.95 3
      vertex 82.7439 27.974 3
    endloop
  endfacet
  facet normal -0.097928 0.995194 0
    outer loop
      vertex 82.5 27.95 3
      vertex 82.7439 27.974 0
      vertex 82.5 27.95 0
    endloop
  endfacet
  facet normal -1 0 0
    outer loop
      vertex 48.5 59.8 0
      vertex 48.5 62.8 3
      vertex 48.5 62.8 0
    endloop
  endfacet
  facet normal -1 -0 0
    outer loop
      vertex 48.5 62.8 3
      vertex 48.5 59.8 0
      vertex 48.5 59.8 3
    endloop
  endfacet
  facet normal 1 -0 0
    outer loop
      vertex 44.5 59.8 3
      vertex 44.5 62.8 0
      vertex 44.5 62.8 3
    endloop
  endfacet
  facet normal 1 0 0
    outer loop
      vertex 44.5 62.8 0
      vertex 44.5 59.8 3
      vertex 44.5 59.8 0
    endloop
  endfacet
  facet normal 0 -1 0
    outer loop
      vertex 44.5 62.8 0
      vertex 48.5 62.8 3
      vertex 44.5 62.8 3
    endloop
  endfacet
  facet normal 0 -1 -0
    outer loop
      vertex 48.5 62.8 3
      vertex 44.5 62.8 0
      vertex 48.5 62.8 0
    endloop
  endfacet
  facet normal 0 1 -0
    outer loop
      vertex 48.5 59.8 0
      vertex 44.5 59.8 3
      vertex 48.5 59.8 3
    endloop
  endfacet
  facet normal 0 1 0
    outer loop
      vertex 44.5 59.8 3
      vertex 48.5 59.8 0
      vertex 44.5 59.8 0
    endloop
  endfacet
  facet normal -1 0 0
    outer loop
      vertex 55.5 59.8 0
      vertex 55.5 62.8 3
      vertex 55.5 62.8 0
    endloop
  endfacet
  facet normal -1 -0 0
    outer loop
      vertex 55.5 62.8 3
      vertex 55.5 59.8 0
      vertex 55.5 59.8 3
    endloop
  endfacet
  facet normal 1 -0 0
    outer loop
      vertex 51.5 59.8 3
      vertex 51.5 62.8 0
      vertex 51.5 62.8 3
    endloop
  endfacet
  facet normal 1 0 0
    outer loop
      vertex 51.5 62.8 0
      vertex 51.5 59.8 3
      vertex 51.5 59.8 0
    endloop
  endfacet
  facet normal 0 -1 0
    outer loop
      vertex 51.5 62.8 0
      vertex 55.5 62.8 3
      vertex 51.5 62.8 3
    endloop
  endfacet
  facet normal 0 -1 -0
    outer loop
      vertex 55.5 62.8 3
      vertex 51.5 62.8 0
      vertex 55.5 62.8 0
    endloop
  endfacet
  facet normal 0 1 -0
    outer loop
      vertex 55.5 59.8 0
      vertex 51.5 59.8 3
      vertex 55.5 59.8 3
    endloop
  endfacet
  facet normal 0 1 0
    outer loop
      vertex 51.5 59.8 3
      vertex 55.5 59.8 0
      vertex 51.5 59.8 0
    endloop
  endfacet
  facet normal -1 0 0
    outer loop
      vertex 62.5 59.8 0
      vertex 62.5 62.8 3
      vertex 62.5 62.8 0
    endloop
  endfacet
  facet normal -1 -0 0
    outer loop
      vertex 62.5 62.8 3
      vertex 62.5 59.8 0
      vertex 62.5 59.8 3
    endloop
  endfacet
  facet normal 1 -0 0
    outer loop
      vertex 58.5 59.8 3
      vertex 58.5 62.8 0
      vertex 58.5 62.8 3
    endloop
  endfacet
  facet normal 1 0 0
    outer loop
      vertex 58.5 62.8 0
      vertex 58.5 59.8 3
      vertex 58.5 59.8 0
    endloop
  endfacet
  facet normal 0 -1 0
    outer loop
      vertex 58.5 62.8 0
      vertex 62.5 62.8 3
      vertex 58.5 62.8 3
    endloop
  endfacet
  facet normal 0 -1 -0
    outer loop
      vertex 62.5 62.8 3
      vertex 58.5 62.8 0
      vertex 62.5 62.8 0
    endloop
  endfacet
  facet normal 0 1 -0
    outer loop
      vertex 62.5 59.8 0
      vertex 58.5 59.8 3
      vertex 62.5 59.8 3
    endloop
  endfacet
  facet normal 0 1 0
    outer loop
      vertex 58.5 59.8 3
      vertex 62.5 59.8 0
      vertex 58.5 59.8 0
    endloop
  endfacet
  facet normal -1 0 0
    outer loop
      vertex 69.5 59.8 0
      vertex 69.5 62.8 3
      vertex 69.5 62.8 0
    endloop
  endfacet
  facet normal -1 -0 0
    outer loop
      vertex 69.5 62.8 3
      vertex 69.5 59.8 0
      vertex 69.5 59.8 3
    endloop
  endfacet
  facet normal 1 -0 0
    outer loop
      vertex 65.5 59.8 3
      vertex 65.5 62.8 0
      vertex 65.5 62.8 3
    endloop
  endfacet
  facet normal 1 0 0
    outer loop
      vertex 65.5 62.8 0
      vertex 65.5 59.8 3
      vertex 65.5 59.8 0
    endloop
  endfacet
  facet normal 0 -1 0
    outer loop
      vertex 65.5 62.8 0
      vertex 69.5 62.8 3
      vertex 65.5 62.8 3
    endloop
  endfacet
  facet normal 0 -1 -0
    outer loop
      vertex 69.5 62.8 3
      vertex 65.5 62.8 0
      vertex 69.5 62.8 0
    endloop
  endfacet
  facet normal 0 1 -0
    outer loop
      vertex 69.5 59.8 0
      vertex 65.5 59.8 3
      vertex 69.5 59.8 3
    endloop
  endfacet
  facet normal 0 1 0
    outer loop
      vertex 65.5 59.8 3
      vertex 69.5 59.8 0
      vertex 65.5 59.8 0
    endloop
  endfacet
endsolid OpenSCAD_Model
