#VRML V2.0 utf8
# 3D model generated by easyeda2kicad.py (https://github.com/uPesy/easyeda2kicad.py)

Shape{
    appearance Appearance {
        material  Material 	{
            diffuseColor 0.2549019607843137 0.2549019607843137 0.2549019607843137
            specularColor 0.7529411764705882 0.7529411764705882 0.7529411764705882
            ambientIntensity 0.1176
            transparency 0.0
            shininess 0.5
        }
    }
    geometry IndexedFaceSet {
        ccw TRUE
        solid FALSE
        coord DEF co Coordinate {
            point [
                -0.7874 -4.6043 0.0394, -3.0 -4.6043 0.0394, -1.937 -4.0256 0.0394, -2.8819 -0.6398 0.0394, -2.8819 -0.7579 0.0394, -3.0 -0.7579 0.0394, -3.0 0.5886 0.0394, -2.2913 -4.0256 0.0394, -2.5276 -4.0256 0.0394, -2.5276 -0.6398 0.0394, -2.2913 -0.6398 0.0394, -2.2913 -1.0965 0.0394, -2.5276 -1.0965 0.0394, -1.937 -0.6398 0.0394, -0.7264 -1.0039 0.0394, -0.4547 -1.0039 0.0394, -2.8819 -4.0256 0.0394, -2.2913 -3.5689 0.0394, -2.5276 -3.5689 0.0394, -2.8819 -3.9075 0.0394, -3.0 -3.9075 0.0394, 2.5276 -3.5689 0.0394, 2.5276 -4.0256 0.0394, 2.2913 -3.5689 0.0394, -1.2598 -3.8169 0.0394, -0.7874 -3.8169 0.0394, 1.1186 -1.5472 0.0394, 0.7224 -1.5357 0.0394, 0.7677 -1.5126 0.0394, 2.2913 -4.0256 0.0394, 3.0 -4.6043 0.0394, -1.2598 -2.8327 0.0394, 0.7874 -4.6043 0.0394, 0.7874 -3.8169 0.0394, 1.2598 -3.8169 0.0394, 2.2913 -0.6398 0.0394, 2.5276 -0.6398 0.0394, 2.5276 -1.0965 0.0394, 2.8819 -0.6398 0.0394, 3.0 0.5886 0.0394, 3.0 -0.7579 0.0394, 2.8819 -4.0256 0.0394, 3.0 -3.9075 0.0394, 2.8819 -3.9075 0.0394, 1.937 -0.6398 0.0394, 1.937 -4.0256 0.0394, 1.2598 -2.8327 0.0394, -0.1038 -1.0039 0.0394, 0.3942 -1.0039 0.0394, 2.2913 -1.0965 0.0394, 2.8819 -0.7579 0.0394, 0.9375 -1.0039 0.0394, 0.6658 -1.0039 0.0394, 1.2092 -1.5472 0.0394, 1.3903 -1.0039 0.0394, 1.0054 -1.0039 0.0394, 1.3223 -1.0039 0.0394, 1.2771 -1.1427 0.0394, 1.0507 -1.1427 0.0394, 0.3942 -1.5472 0.0394, 0.3036 -1.5472 0.0394, 0.7224 -1.0155 0.0394, 0.3036 -1.0039 0.0394, 0.7677 -1.0386 0.0394, 0.8356 -1.1311 0.0394, 0.813 -1.0849 0.0394, 0.8469 -1.1889 0.0394, 0.8469 -1.3623 0.0394, 0.8356 -1.4201 0.0394, 0.813 -1.4663 0.0394, 0.6658 -1.5472 0.0394, -0.3076 -1.0849 0.0394, -0.2623 -1.1427 0.0394, -0.3529 -1.0733 0.0394, -0.0359 -1.0733 0.0394, 0.2584 -1.2582 0.0394, -0.0359 -1.2582 0.0394, 0.2584 -1.3276 0.0394, -0.0359 -1.3276 0.0394, -0.0359 -1.4779 0.0394, 0.3036 -1.4779 0.0394, -0.1038 -1.5472 0.0394, 0.3036 -1.0733 0.0394, -0.4547 -1.0733 0.0394, -0.2736 -1.108 0.0394, -0.3529 -1.0039 0.0394, -0.2963 -1.0155 0.0394, -0.5566 -1.1427 0.0394, -0.534 -1.108 0.0394, -0.5 -1.0849 0.0394, -0.5679 -1.1889 0.0394, -0.6019 -1.4663 0.0394, -0.5566 -1.5126 0.0394, -1.0659 -1.5472 0.0394, -0.6019 -1.0849 0.0394, -0.7264 -1.0733 0.0394, -1.1339 -1.5472 0.0394, -1.1339 -1.0039 0.0394, -0.5679 -1.3623 0.0394, -0.2623 -1.4085 0.0394, -1.0659 -1.0733 0.0394, -0.6358 -1.3623 0.0394, -0.534 -1.4432 0.0394, -0.5566 -1.4085 0.0394, -0.5 -1.4663 0.0394, -0.4547 -1.4779 0.0394, -0.3076 -1.4663 0.0394, -0.2736 -1.4432 0.0394, -0.3529 -1.4779 0.0394, -0.251 -1.5126 0.0394, -0.2963 -1.5357 0.0394, -0.2057 -1.4663 0.0394, -0.1944 -1.4085 0.0394, -0.1944 -1.1427 0.0394, -0.3529 -1.5472 0.0394, -0.4547 -1.5472 0.0394, -0.5113 -1.5357 0.0394, -0.6358 -1.1889 0.0394, -0.5566 -1.0386 0.0394, -0.5113 -1.0155 0.0394, -0.251 -1.0386 0.0394, -0.2057 -1.0849 0.0394, -0.6245 -1.1311 0.0394, -0.6245 -1.4201 0.0394, 0.779 -1.3623 0.0394, 0.7677 -1.4085 0.0394, 0.7451 -1.4432 0.0394, 0.779 -1.1889 0.0394, 0.6658 -1.0733 0.0394, 0.7111 -1.0849 0.0394, 0.7111 -1.4663 0.0394, 0.7451 -1.108 0.0394, 0.7677 -1.1427 0.0394, 0.6658 -1.4779 0.0394, 0.4621 -1.4779 0.0394, 0.4621 -1.0733 0.0394, 1.062 -1.1889 0.0394, 1.2657 -1.1889 0.0394, 1.1639 -1.501 0.0394, 2.4882 0.5886 1.5079, 2.7638 0.5886 1.5079, 2.7638 0.5886 0.3465, 2.4882 0.5886 0.1181, 3.0 0.5886 0.3465, -3.0 0.5886 0.3465, -2.4882 0.5886 0.1181, -2.4882 0.5886 1.5079, -2.7638 0.5886 0.3465, -2.7638 0.5886 1.5079, 3.0 -1.6043 1.7323, 3.0 2.0453 0.3465, 3.0 2.0453 4.2638, 3.0 -4.6043 4.2638, 3.0 -3.061 1.7323, 3.0 -3.9075 0.1181, 3.0 -1.6043 0.1181, 3.0 -0.7579 0.1181, 3.0 -3.061 0.1181, 2.8031 -0.7579 0.1181, 2.7638 -0.7579 0.1575, 2.7638 -1.6043 0.1575, 2.8031 -1.6043 0.1181, 2.8031 -3.061 0.1181, 2.7638 -3.9075 0.1575, 2.7638 -3.061 0.1575, 2.8031 -3.9075 0.1181, 2.7638 -1.6043 1.7323, 2.7638 -3.9075 1.8504, 2.7638 -3.061 1.7323, 2.7638 -0.7579 1.8504, 2.6457 -0.7579 0.1575, 2.6457 -0.7579 1.8504, 2.6457 -3.9075 0.1575, 2.6457 -3.9075 1.8504, 2.6063 -1.0965 0.1181, 2.6063 -3.5689 0.1181, 2.2126 -1.0965 0.1181, 2.2126 -3.5689 0.1181, 2.1732 -3.9075 0.1575, 2.1732 -0.7579 0.1575, 2.0551 -0.7579 0.1575, 2.1732 -0.7579 1.1417, 2.0551 -0.7579 1.1417, 2.0551 -3.9075 0.1575, 2.0551 -3.9075 1.1417, 2.1732 -3.9075 1.1417, 2.0748 -3.8681 1.1417, 2.0748 -0.7972 1.1417, 2.1535 -0.7972 1.1417, 2.1535 -3.8681 1.1417
            ]
        }
        coordIndex [
            0,1,2,-1,3,4,5,-1,5,6,3,-1,7,1,8,-1,9,6,10,-1,6,9,3,-1,9,10,11,-1,9,11,12,-1,6,13,10,-1,14,13,15,-1,2,1,7,-1,8,1,16,-1,17,7,18,-1,7,8,18,-1,19,16,20,-1,20,16,1,-1,21,22,23,-1,0,24,25,-1,26,27,28,-1,29,22,30,-1,2,31,24,-1,0,2,24,-1,2,13,31,-1,32,33,34,-1,35,36,37,-1,38,39,40,-1,30,41,42,-1,42,41,43,-1,22,29,23,-1,30,22,41,-1,44,45,46,-1,34,46,45,-1,29,30,45,-1,34,45,32,-1,30,32,45,-1,47,6,39,-1,48,39,44,-1,44,39,35,-1,49,35,37,-1,36,35,39,-1,36,39,38,-1,50,38,40,-1,51,52,44,-1,44,53,54,-1,55,51,44,-1,44,56,55,-1,55,57,58,-1,55,56,57,-1,54,56,44,-1,26,53,46,-1,46,53,44,-1,59,46,60,-1,51,61,52,-1,48,62,39,-1,44,52,48,-1,51,63,61,-1,51,64,65,-1,51,65,63,-1,64,51,66,-1,51,26,66,-1,26,67,66,-1,26,68,67,-1,26,69,68,-1,26,28,69,-1,26,46,27,-1,59,70,46,-1,46,70,27,-1,71,72,73,-1,74,75,76,-1,59,75,48,-1,59,77,75,-1,78,77,79,-1,59,60,80,-1,77,80,79,-1,59,80,77,-1,60,46,81,-1,81,46,31,-1,6,15,13,-1,82,75,74,-1,39,62,47,-1,75,82,48,-1,48,82,62,-1,72,83,73,-1,72,71,84,-1,85,47,86,-1,87,88,89,-1,89,83,87,-1,83,90,87,-1,91,92,93,-1,72,90,83,-1,14,94,95,-1,96,13,97,-1,98,90,99,-1,100,101,93,-1,102,103,104,-1,103,105,104,-1,98,105,103,-1,106,99,107,-1,99,108,105,-1,109,81,110,-1,111,81,109,-1,99,106,108,-1,99,105,98,-1,90,72,99,-1,112,99,72,-1,113,47,81,-1,81,111,112,-1,110,81,114,-1,81,31,114,-1,31,115,114,-1,31,116,115,-1,116,93,92,-1,117,101,100,-1,13,96,31,-1,118,94,14,-1,14,119,118,-1,119,14,15,-1,47,85,6,-1,6,85,15,-1,47,120,86,-1,113,112,72,-1,47,121,120,-1,81,112,113,-1,47,113,121,-1,95,117,100,-1,122,95,94,-1,13,14,97,-1,122,117,95,-1,93,101,123,-1,93,116,31,-1,123,91,93,-1,31,96,93,-1,124,125,126,-1,127,128,129,-1,124,126,130,-1,127,131,132,-1,129,131,127,-1,127,124,128,-1,133,128,124,-1,134,135,133,-1,124,130,133,-1,133,135,128,-1,136,137,138,-1,139,140,141,-1,142,139,141,-1,142,141,143,-1,6,144,145,-1,142,6,145,-1,39,6,142,-1,146,147,148,-1,145,144,147,-1,146,145,147,-1,142,143,39,-1,149,150,151,-1,152,153,149,-1,30,42,154,-1,149,155,156,-1,154,157,153,-1,154,153,30,-1,153,152,30,-1,150,149,143,-1,152,149,151,-1,143,149,156,-1,39,143,156,-1,40,39,156,-1,50,40,156,-1,156,158,50,-1,159,38,158,-1,159,158,160,-1,38,50,158,-1,158,161,160,-1,162,163,164,-1,165,43,41,-1,163,162,165,-1,41,163,165,-1,149,161,155,-1,160,161,166,-1,161,149,166,-1,167,166,168,-1,163,168,164,-1,169,166,167,-1,163,167,168,-1,166,159,160,-1,166,169,159,-1,169,170,159,-1,169,171,170,-1,171,172,170,-1,171,173,172,-1,173,163,172,-1,173,167,163,-1,171,167,173,-1,167,171,169,-1,41,22,172,-1,41,172,163,-1,174,37,36,-1,175,170,172,-1,175,22,21,-1,36,170,174,-1,22,175,172,-1,170,175,174,-1,176,175,177,-1,175,176,174,-1,158,156,155,-1,158,155,161,-1,162,154,165,-1,154,162,157,-1,177,23,29,-1,176,178,179,-1,176,35,49,-1,29,178,177,-1,35,176,179,-1,178,176,177,-1,37,174,49,-1,174,176,49,-1,44,35,179,-1,44,179,180,-1,180,179,181,-1,181,182,180,-1,183,180,182,-1,182,184,183,-1,45,44,180,-1,45,180,183,-1,29,183,178,-1,183,29,45,-1,178,183,184,-1,184,185,178,-1,179,178,185,-1,185,181,179,-1,186,182,187,-1,182,181,188,-1,189,188,185,-1,182,186,184,-1,188,187,182,-1,185,184,186,-1,185,186,189,-1,185,188,181,-1,
        ]
    }
}
Shape{
    appearance Appearance {
        material  Material 	{
            diffuseColor 0.8117647058823529 0.8117647058823529 0.8117647058823529
            specularColor 0.7529411764705882 0.7529411764705882 0.7529411764705882
            ambientIntensity 0.1176
            transparency 0.0
            shininess 0.5
        }
    }
    geometry IndexedFaceSet {
        ccw TRUE
        solid FALSE
        coord DEF co Coordinate {
            point [
                2.0748 -0.8366 0.0394, 2.0748 -0.7972 0.0787, 2.0748 -0.8025 0.0591, 2.0748 -3.329 0.2338, 2.0748 -3.8681 0.0787, 2.0748 -3.8681 1.1417, 2.0748 -1.2205 0.0394, 2.0748 -0.7972 1.1417, 2.0748 -3.2852 0.2338, 2.0748 -1.2598 0.0787, 2.0748 -1.2546 0.0591, 2.0748 -3.4055 0.0787, 2.0748 -3.8287 0.0394, 2.0748 -3.4055 0.1378, 2.0748 -3.4108 0.0591, 2.0748 -3.4252 0.0446, 2.0748 -3.4449 0.0394, 2.0748 -3.8628 0.0591, 2.0748 -0.8169 0.0446, 2.0748 -3.8484 0.0446, 2.0748 -3.3958 0.1805, 2.0748 -3.3685 0.2147, 2.0748 -1.2402 0.0446, 2.0748 -1.4196 0.2147, 2.0748 -3.2184 0.1805, 2.0748 -3.2457 0.2147, 2.0748 -1.3802 0.2338, 2.0748 -1.4469 0.1805, 2.0748 -1.2598 0.1378, 2.0748 -1.2696 0.1805, 2.0748 -3.2087 0.1378, 2.0748 -1.2969 0.2147, 2.0748 -1.3364 0.2338, 2.0748 -1.4567 0.1378, 2.0748 -3.2087 0.0787, 2.0748 -1.4567 0.0787, 2.1142 -3.2087 0.0105, 2.0854 -3.2087 0.0394, 2.1142 -1.4567 0.0105, 2.1535 -1.4567 0.0, 2.1535 -3.2087 0.0, 2.0854 -1.4567 0.0394, 2.1588 -1.4567 0.0984, 2.1732 -1.4567 0.084, 2.1929 -1.4567 0.0787, 2.1535 -1.4567 0.1378, 2.1535 -1.4567 0.1181, 2.7835 -1.4567 0.0, 2.7835 -1.4567 0.0787, 2.8517 -1.4961 0.0, 2.8228 -1.4672 0.0, 2.8517 -1.4961 0.0787, 2.8622 -1.5354 0.0787, 2.8622 -1.5354 0.0, 2.8228 -1.4672 0.0787, 2.8228 -1.8891 0.0787, 2.8517 -1.8602 0.0787, 2.8622 -1.8209 0.0787, 2.7835 -1.8996 0.0787, 2.8465 -2.0571 0.0787, 2.7441 -2.0571 0.0787, 2.8465 -2.6083 0.0787, 2.7047 -1.9102 0.0787, 2.7441 -1.8996 0.0787, 2.7441 -2.6083 0.0787, 2.6759 -1.939 0.0787, 2.6654 -1.9783 0.0787, 2.6759 -2.0177 0.0787, 2.7047 -2.6188 0.0787, 2.7047 -2.0465 0.0787, 2.6654 -2.687 0.0787, 2.8622 -3.1693 0.0787, 2.8228 -3.2087 0.0787, 2.8425 -3.2034 0.0787, 2.6759 -2.6476 0.0787, 2.1929 -3.2087 0.0787, 2.8228 -2.7657 0.0787, 2.6759 -2.7264 0.0787, 2.8622 -2.8051 0.0787, 2.8425 -2.771 0.0787, 2.8569 -2.7854 0.0787, 2.8569 -3.189 0.0787, 2.7441 -2.7657 0.0787, 2.7047 -2.7552 0.0787, 2.8622 -1.8209 0.0, 2.8622 -2.8051 0.0, 2.8622 -3.1693 0.0, 2.8228 -1.8891 0.0, 2.8517 -1.8602 0.0, 2.7047 -1.9102 0.0, 2.6759 -1.939 0.0, 2.7835 -1.8996 0.0, 2.7441 -2.0571 0.0, 2.8858 -2.0571 0.0, 2.8858 -2.6083 0.0, 2.7441 -1.8996 0.0, 2.7441 -2.6083 0.0, 2.6654 -1.9783 0.0, 2.6759 -2.0177 0.0, 2.7047 -2.0465 0.0, 2.7047 -2.6188 0.0, 2.6654 -2.687 0.0, 2.8425 -3.2034 0.0, 2.8228 -3.2087 0.0, 2.6759 -2.6476 0.0, 2.8228 -2.7657 0.0, 2.6759 -2.7264 0.0, 2.8425 -2.771 0.0, 2.8569 -2.7854 0.0, 2.8569 -3.189 0.0, 2.7047 -2.7552 0.0, 2.7441 -2.7657 0.0, 2.1588 -3.2087 0.0984, 2.1535 -3.2087 0.1181, 2.1732 -3.2087 0.084, 2.1535 -3.2087 0.1378, 2.1535 -3.2852 0.2338, 2.1535 -3.329 0.2338, 2.1535 -3.3685 0.2147, 2.1535 -3.3958 0.1805, 2.1535 -3.4055 0.1378, 2.1535 -3.2457 0.2147, 2.1535 -3.2184 0.1805, 2.1535 -3.4055 0.0787, 2.1535 -3.4252 0.0446, 2.1535 -3.4449 0.0394, 2.1535 -3.4108 0.0591, 2.1535 -3.8484 0.0446, 2.1535 -3.8287 0.0394, 2.1535 -3.8628 0.0591, 2.1535 -1.3364 0.2338, 2.1535 -0.7972 0.0787, 2.1535 -0.7972 1.1417, 2.1535 -3.8681 0.0787, 2.1535 -3.8681 1.1417, 2.1535 -1.3802 0.2338, 2.1535 -1.2598 0.0787, 2.1535 -0.8366 0.0394, 2.1535 -1.2598 0.1378, 2.1535 -1.2546 0.0591, 2.1535 -1.2402 0.0446, 2.1535 -1.2205 0.0394, 2.1535 -0.8025 0.0591, 2.1535 -1.4196 0.2147, 2.1535 -0.8169 0.0446, 2.1535 -1.2696 0.1805, 2.1535 -1.2969 0.2147, 2.1535 -1.4469 0.1805, 2.9646 -2.6083 0.1969, 2.8858 -2.6083 0.1181, 2.9646 -2.6083 0.0787, 2.8858 -2.6083 0.1969, 2.8806 -2.6083 0.0984, 2.8661 -2.6083 0.084, 2.9252 -2.6083 0.0105, 2.954 -2.6083 0.0394, 2.954 -2.0571 0.0394, 2.9646 -2.0571 0.0787, 2.9252 -2.0571 0.0105, 2.8858 -2.0571 0.1181, 2.8858 -2.0571 0.1969, 2.9646 -2.0571 0.1969, 2.8661 -2.0571 0.084, 2.8806 -2.0571 0.0984, 2.9646 -2.0965 0.2362, 2.9646 -2.0624 0.2165, 2.9646 -2.0768 0.2309, 2.9646 -2.5689 0.2362, 2.9646 -2.603 0.2165, 2.9646 -2.5886 0.2309, 2.8858 -2.603 0.2165, 2.8858 -2.5886 0.2309, 2.8858 -2.5689 0.2362, 2.8858 -2.0965 0.2362, 2.8858 -2.0624 0.2165, 2.8858 -2.0768 0.2309
            ]
        }
        coordIndex [
            0,1,2,-1,3,4,5,-1,0,6,1,-1,7,8,5,-1,9,6,10,-1,8,3,5,-1,11,12,4,-1,13,11,4,-1,14,15,16,-1,17,4,12,-1,0,2,18,-1,16,12,11,-1,11,14,16,-1,12,19,17,-1,20,13,4,-1,4,21,20,-1,21,4,3,-1,6,22,10,-1,23,24,25,-1,25,26,23,-1,27,24,23,-1,1,9,28,-1,9,1,6,-1,1,28,29,-1,24,27,30,-1,1,31,32,-1,29,31,1,-1,26,7,32,-1,1,32,7,-1,8,7,26,-1,25,8,26,-1,27,33,30,-1,30,33,34,-1,34,33,35,-1,36,37,38,-1,39,40,36,-1,36,38,39,-1,38,37,41,-1,37,34,41,-1,41,34,35,-1,39,38,41,-1,35,42,43,-1,41,35,44,-1,45,46,33,-1,42,35,46,-1,33,46,35,-1,43,44,35,-1,47,39,44,-1,41,44,39,-1,48,47,44,-1,49,50,51,-1,52,53,49,-1,49,51,52,-1,51,50,54,-1,50,47,54,-1,54,47,48,-1,55,56,57,-1,55,48,58,-1,59,60,61,-1,62,63,48,-1,58,48,63,-1,60,64,61,-1,48,65,62,-1,44,65,48,-1,44,66,65,-1,67,68,69,-1,70,66,44,-1,60,69,64,-1,71,72,73,-1,69,68,64,-1,67,66,74,-1,67,74,68,-1,70,44,75,-1,74,66,70,-1,71,76,72,-1,70,75,77,-1,78,79,76,-1,78,80,79,-1,78,76,71,-1,71,73,81,-1,72,82,83,-1,72,76,82,-1,72,83,77,-1,72,77,75,-1,57,54,55,-1,48,55,54,-1,54,52,51,-1,54,57,52,-1,53,57,84,-1,57,53,52,-1,85,78,71,-1,85,71,86,-1,87,84,88,-1,89,90,47,-1,91,47,84,-1,91,84,87,-1,92,93,94,-1,95,47,91,-1,92,94,96,-1,89,47,95,-1,97,39,90,-1,90,39,47,-1,98,99,100,-1,101,39,97,-1,92,96,99,-1,86,102,103,-1,99,96,100,-1,98,104,97,-1,98,100,104,-1,101,40,39,-1,104,101,97,-1,86,103,105,-1,101,106,40,-1,85,105,107,-1,85,107,108,-1,85,86,105,-1,86,109,102,-1,103,110,111,-1,103,111,105,-1,103,106,110,-1,103,40,106,-1,50,53,47,-1,47,53,84,-1,53,50,49,-1,103,72,75,-1,37,75,34,-1,112,113,34,-1,103,75,40,-1,75,114,34,-1,30,34,113,-1,112,34,114,-1,113,115,30,-1,36,40,37,-1,75,37,40,-1,116,117,3,-1,118,21,117,-1,3,117,21,-1,20,118,119,-1,118,20,21,-1,13,20,119,-1,13,119,120,-1,3,8,116,-1,121,8,25,-1,8,121,116,-1,25,24,122,-1,122,121,25,-1,122,24,115,-1,24,30,115,-1,11,120,123,-1,120,11,13,-1,15,14,124,-1,125,16,15,-1,15,124,125,-1,124,14,126,-1,14,11,126,-1,126,11,123,-1,127,128,129,-1,130,131,132,-1,128,125,133,-1,134,135,132,-1,123,125,126,-1,135,130,132,-1,136,137,131,-1,138,136,131,-1,139,140,141,-1,142,131,137,-1,129,128,133,-1,141,137,136,-1,136,139,141,-1,143,116,121,-1,137,144,142,-1,145,138,131,-1,131,146,145,-1,146,131,130,-1,125,124,126,-1,143,121,147,-1,147,121,122,-1,133,123,120,-1,123,133,125,-1,133,120,119,-1,147,122,45,-1,133,118,117,-1,119,118,133,-1,116,134,117,-1,133,117,134,-1,135,134,116,-1,143,135,116,-1,122,115,45,-1,45,115,46,-1,46,115,113,-1,43,112,114,-1,44,43,114,-1,44,114,75,-1,43,42,112,-1,112,42,113,-1,42,46,113,-1,0,137,141,-1,141,6,0,-1,16,125,128,-1,128,12,16,-1,18,2,144,-1,137,0,18,-1,18,144,137,-1,144,2,142,-1,2,1,142,-1,142,1,131,-1,1,132,131,-1,132,1,7,-1,140,139,22,-1,6,141,140,-1,140,22,6,-1,22,139,10,-1,139,136,10,-1,10,136,9,-1,9,136,138,-1,138,28,9,-1,135,23,26,-1,130,135,26,-1,147,27,143,-1,143,27,23,-1,135,143,23,-1,33,147,45,-1,27,147,33,-1,32,130,26,-1,146,32,31,-1,32,146,130,-1,31,29,145,-1,145,146,31,-1,145,29,138,-1,29,28,138,-1,127,129,19,-1,12,128,127,-1,127,19,12,-1,19,129,17,-1,129,133,17,-1,17,133,4,-1,133,5,4,-1,5,133,134,-1,102,109,73,-1,72,103,102,-1,102,73,72,-1,73,109,81,-1,109,86,81,-1,81,86,71,-1,108,107,80,-1,78,85,108,-1,108,80,78,-1,80,107,79,-1,107,105,79,-1,79,105,76,-1,105,82,76,-1,82,105,111,-1,77,106,70,-1,70,106,101,-1,111,110,83,-1,83,110,77,-1,82,111,83,-1,106,77,110,-1,70,101,74,-1,74,104,68,-1,104,74,101,-1,100,64,68,-1,68,104,100,-1,100,96,64,-1,148,149,150,-1,149,148,151,-1,149,152,150,-1,153,61,94,-1,154,155,153,-1,96,94,61,-1,61,64,96,-1,155,152,153,-1,154,153,94,-1,152,155,150,-1,155,154,156,-1,157,150,155,-1,155,156,157,-1,156,154,158,-1,154,94,158,-1,158,94,93,-1,159,160,161,-1,162,163,156,-1,162,158,93,-1,158,162,156,-1,93,92,59,-1,59,162,93,-1,59,92,60,-1,157,156,163,-1,157,163,159,-1,159,161,157,-1,164,165,166,-1,148,167,168,-1,167,148,164,-1,161,165,164,-1,168,167,169,-1,148,150,161,-1,164,148,161,-1,150,157,161,-1,168,169,170,-1,151,148,168,-1,168,170,151,-1,170,169,171,-1,169,167,171,-1,171,167,172,-1,173,174,172,-1,173,175,174,-1,151,170,160,-1,149,151,159,-1,160,159,151,-1,172,174,170,-1,174,160,170,-1,172,170,171,-1,163,153,152,-1,159,163,152,-1,159,152,149,-1,163,162,153,-1,153,162,61,-1,162,59,61,-1,174,175,165,-1,161,160,174,-1,174,165,161,-1,165,175,166,-1,175,173,166,-1,166,173,164,-1,167,173,172,-1,173,167,164,-1,67,98,66,-1,66,98,97,-1,92,99,69,-1,69,99,67,-1,60,92,69,-1,98,67,99,-1,66,97,65,-1,65,90,62,-1,90,65,97,-1,89,63,62,-1,62,90,89,-1,89,95,63,-1,91,58,63,-1,63,95,91,-1,56,55,88,-1,84,57,56,-1,56,88,84,-1,88,55,87,-1,55,58,87,-1,87,58,91,-1,
        ]
    }
}
Shape{
    appearance Appearance {
        material  Material 	{
            diffuseColor 0.2549019607843137 0.2549019607843137 0.2549019607843137
            specularColor 0.7529411764705882 0.7529411764705882 0.7529411764705882
            ambientIntensity 0.1176
            transparency 0.0
            shininess 0.5
        }
    }
    geometry IndexedFaceSet {
        ccw TRUE
        solid FALSE
        coord DEF co Coordinate {
            point [
                2.2913 -3.5689 0.0394, 2.2126 -3.5689 0.1181, 2.5276 -3.5689 0.0394, 2.6063 -3.5689 0.1181, 2.8031 -3.061 0.1181, 3.0 -3.061 1.7323, 3.0 -3.061 0.1181, 2.7638 -3.061 0.1575, 2.7638 -3.061 1.7323, 2.7638 -1.6043 1.7323, 3.0 -1.6043 1.7323, 2.8031 -3.9075 0.1181, 3.0 -3.9075 0.1181, 2.8819 -3.9075 0.0394, 3.0 -3.9075 0.0394, 2.5276 -0.6398 0.0394, 2.7638 -0.7579 0.1575, 2.6457 -0.7579 0.1575, 2.8819 -0.6398 0.0394, 3.0 -4.6043 4.2638, 2.685 -4.6043 1.9409, 3.0 -4.6043 0.0394, -2.5197 -4.6043 4.0276, -2.685 -4.6043 3.122, -2.5197 -4.6043 3.122, -2.6063 -4.6043 4.6575, -2.6939 -4.6043 4.6476, -2.7771 -4.6043 4.6185, 1.2598 -4.6043 0.2756, 2.5197 -4.6043 1.0354, 1.2598 -4.6043 1.0354, -2.5197 -4.6043 1.0354, -2.5197 -4.6043 1.9409, -2.685 -4.6043 1.9409, 2.9901 -4.6043 4.3514, 2.5197 -4.6043 4.0276, 2.685 -4.6043 3.122, 2.5197 -4.6043 3.122, 2.5197 -4.6043 1.9409, 0.7874 -4.6043 0.2756, 0.7874 -4.6043 0.0394, -1.2598 -4.6043 1.0354, -1.2598 -4.6043 0.2756, -3.0 -4.6043 4.2638, -3.0 -4.6043 0.0394, -0.7874 -4.6043 0.0394, -0.7874 -4.6043 0.2756, 2.961 -4.6043 4.4346, 2.9141 -4.6043 4.5093, 2.7771 -4.6043 4.6185, 2.6939 -4.6043 4.6476, 2.6063 -4.6043 4.6575, 2.8518 -4.6043 4.5716, -2.9141 -4.6043 4.5093, -2.8518 -4.6043 4.5716, -2.961 -4.6043 4.4346, -2.9901 -4.6043 4.3514, -2.5276 -4.4468 1.9409, -2.5276 -4.4468 3.122, -2.5276 0.1988 1.9409, -2.5276 0.1988 3.122, -2.3622 -4.4468 3.122, -2.3622 -0.0374 3.122, -2.1496 0.1988 3.122, -2.1496 -0.0374 3.122, -2.3622 -4.4468 1.1929, -2.3622 -4.4468 1.9409, -2.3622 -4.4468 3.8701, -2.3622 0.1201 1.9409, -2.1496 0.1201 1.9409, -2.1496 0.1988 1.9409, 2.1496 0.1988 3.122, 2.5276 0.1988 1.9409, 2.5276 0.1988 3.122, 2.1496 0.1988 1.9409, -2.1496 0.1201 2.2953, -2.1496 -0.0374 2.4528, -0.445 0.1201 0.8974, -0.4631 0.1201 0.8697, -0.4721 0.1201 0.8329, -0.2466 0.1201 0.6302, -0.2285 0.1201 0.6578, -0.2195 0.1201 0.6947, -0.418 0.1201 0.9158, -0.3819 0.1201 0.925, -0.4721 0.1201 0.6947, -0.3819 0.1201 0.6025, -0.4631 0.1201 0.6578, -0.445 0.1201 0.6302, -0.418 0.1201 0.6117, -0.3097 0.1201 0.6025, -0.2736 0.1201 0.6117, -0.3097 0.1201 0.925, -0.2195 0.1201 0.8329, -0.2285 0.1201 0.8697, -0.2466 0.1201 0.8974, -0.2736 0.1201 0.9158, -2.3622 0.1201 1.7047, -1.2598 0.1201 1.7047, 1.2598 0.1201 1.7047, 1.0617 0.1201 0.9803, 1.2598 0.1201 0.4331, 2.1496 0.1201 1.9409, 2.1496 0.1201 2.2953, 1.0617 0.1201 0.5472, 1.0075 0.1201 0.5472, 2.3622 0.1201 1.7047, 2.3622 0.1201 1.9409, 0.7549 0.1201 0.5472, 0.8812 0.1201 0.7223, 0.7008 0.1201 0.9803, 0.6286 0.1201 0.9803, 0.6286 0.1201 0.925, 0.7008 0.1201 0.5472, 0.6286 0.1201 0.5472, 0.6286 0.1201 0.6025, 0.8542 0.1201 0.7684, -0.039 0.1201 0.9803, -0.0932 0.1201 0.9803, 0.7549 0.1201 0.9803, 0.8812 0.1201 0.8052, 1.0075 0.1201 0.9803, 0.9083 0.1201 0.7684, 0.3579 0.1201 0.8052, 0.5925 0.1201 0.8052, 0.3579 0.1201 0.925, 0.5925 0.1201 0.75, 0.3038 0.1201 0.5472, 0.2316 0.1201 0.5472, 0.3038 0.1201 0.9803, 0.2316 0.1201 0.6025, -0.039 0.1201 0.6025, 0.3579 0.1201 0.6025, 0.3579 0.1201 0.75, -0.0932 0.1201 0.5472, -1.2598 0.1201 0.4331, -0.3097 0.1201 0.9803, -0.2646 0.1201 0.9711, -0.5984 0.1201 0.9803, -0.5262 0.1201 0.8329, -0.5172 0.1201 0.879, -0.1654 0.1201 0.8329, -0.3819 0.1201 0.9803, -0.1744 0.1201 0.879, -0.2285 0.1201 0.9527, -0.1924 0.1201 0.9158, -0.1654 0.1201 0.6947, -0.1744 0.1201 0.6486, -0.1924 0.1201 0.6117, -0.2285 0.1201 0.5749, -0.2646 0.1201 0.5565, -0.3097 0.1201 0.5472, -0.3819 0.1201 0.5472, -0.427 0.1201 0.5565, -0.5984 0.1201 0.5472, -0.4992 0.1201 0.6117, -0.4631 0.1201 0.5749, -0.5172 0.1201 0.6486, -0.5262 0.1201 0.6947, -0.4992 0.1201 0.9158, -0.6526 0.1201 0.5472, -0.6526 0.1201 0.8882, -0.7789 0.1201 0.5472, -0.427 0.1201 0.9711, -0.4631 0.1201 0.9527, -0.8511 0.1201 0.5472, -0.9774 0.1201 0.8882, -0.9774 0.1201 0.5472, -1.0315 0.1201 0.5472, -1.0315 0.1201 0.9803, -0.9503 0.1201 0.9803, -0.815 0.1201 0.5933, -0.6796 0.1201 0.9803, -0.6526 0.1004 0.5472, -0.6526 0.1004 0.8882, -0.7789 0.1004 0.5472, -0.8511 0.1004 0.5472, -0.9774 0.1004 0.8882, -0.9774 0.1004 0.5472, -1.0315 0.1004 0.5472, -1.0315 0.1004 0.9803, -0.9503 0.1004 0.9803, -0.815 0.1004 0.5933, -0.6796 0.1004 0.9803, -0.5984 0.1004 0.9803, -0.5984 0.1004 0.5472, -0.4721 0.1004 0.8329, -0.4631 0.1004 0.8697, -0.5172 0.1004 0.879, -0.2285 0.1004 0.5749, -0.2466 0.1004 0.6302, -0.2736 0.1004 0.6117, -0.5262 0.1004 0.8329, -0.4992 0.1004 0.9158, -0.3819 0.1004 0.6025, -0.3097 0.1004 0.5472, -0.3097 0.1004 0.6025, -0.418 0.1004 0.6117, -0.4631 0.1004 0.5749, -0.427 0.1004 0.5565, -0.3819 0.1004 0.5472, -0.3819 0.1004 0.925, -0.3097 0.1004 0.925, -0.3819 0.1004 0.9803, -0.2195 0.1004 0.6947, -0.2285 0.1004 0.6578, -0.1744 0.1004 0.6486, -0.1654 0.1004 0.6947, -0.2195 0.1004 0.8329, -0.1654 0.1004 0.8329, -0.2736 0.1004 0.9158, -0.2646 0.1004 0.9711, -0.2285 0.1004 0.8697, -0.1744 0.1004 0.879, -0.2285 0.1004 0.9527, -0.2466 0.1004 0.8974, -0.3097 0.1004 0.9803, -0.445 0.1004 0.8974, -0.418 0.1004 0.9158, -0.4631 0.1004 0.9527, -0.427 0.1004 0.9711, -0.2646 0.1004 0.5565, -0.1924 0.1004 0.9158, -0.1924 0.1004 0.6117, -0.445 0.1004 0.6302, -0.4992 0.1004 0.6117, -0.4631 0.1004 0.6578, -0.5172 0.1004 0.6486, -0.4721 0.1004 0.6947, -0.5262 0.1004 0.6947, -0.039 0.1004 0.6025, 0.2316 0.1004 0.5472, 0.2316 0.1004 0.6025, -0.0932 0.1004 0.9803, -0.0932 0.1004 0.5472, -0.039 0.1004 0.9803, 0.3579 0.1004 0.8052, 0.3579 0.1004 0.925, 0.3038 0.1004 0.9803, 0.3579 0.1004 0.75, 0.3038 0.1004 0.5472, 0.6286 0.1004 0.5472, 0.3579 0.1004 0.6025, 0.5925 0.1004 0.75, 0.5925 0.1004 0.8052, 0.6286 0.1004 0.925, 0.6286 0.1004 0.9803, 0.6286 0.1004 0.6025, 0.9083 0.1004 0.7684, 1.0617 0.1004 0.9803, 1.0075 0.1004 0.9803, 0.7549 0.1004 0.9803, 0.8542 0.1004 0.7684, 0.8812 0.1004 0.8052, 0.7008 0.1004 0.9803, 0.7549 0.1004 0.5472, 0.8812 0.1004 0.7223, 0.7008 0.1004 0.5472, 1.0075 0.1004 0.5472, 1.0617 0.1004 0.5472, 2.1496 -0.0374 2.4528, -2.3622 -0.0374 3.8701, -1.7717 -0.0374 3.8701, -1.378 -0.0374 3.8701, -1.378 -0.0374 4.1063, -1.7717 -0.0374 4.1063, 2.1496 -0.0374 3.122, 1.2205 -0.0374 3.8701, 0.9449 -0.0374 3.8701, 2.3622 -0.0374 3.8701, 1.7717 -0.0374 3.8701, -0.7874 -0.0374 3.8701, -0.5512 -0.0374 2.8583, -0.5118 -0.0374 3.8701, -0.748 -0.0374 2.8583, 2.3622 -0.0374 3.122, 1.378 -0.0374 3.8701, 1.378 -0.0374 4.1063, 1.7717 -0.0374 4.1063, 0.7874 -0.0374 3.8701, 0.9449 -0.0374 4.1063, 1.2205 -0.0374 4.1063, 0.315 -0.0374 2.8583, 0.3543 -0.0374 3.8701, 0.0787 -0.0374 3.8701, -0.0787 -0.0374 3.8701, -0.3543 -0.0374 3.8701, -0.1181 -0.0374 2.8583, 0.5118 -0.0374 3.8701, 0.5118 -0.0374 4.1063, 0.7874 -0.0374 4.1063, -0.315 -0.0374 2.8583, -0.9449 -0.0374 3.8701, 0.0787 -0.0374 4.1063, 0.3543 -0.0374 4.1063, -0.9843 -0.0374 2.8583, -0.748 -0.0374 2.7402, -0.9843 -0.0374 2.7402, -0.3543 -0.0374 4.1063, -0.0787 -0.0374 4.1063, -1.6142 -0.0374 2.8583, -1.4173 -0.0374 2.8583, -1.1811 -0.0374 2.8583, -0.7874 -0.0374 4.1063, -0.5118 -0.0374 4.1063, -1.2205 -0.0374 3.8701, -1.2205 -0.0374 4.1063, -0.9449 -0.0374 4.1063, -1.6142 -0.0374 2.7402, -0.1181 -0.0374 2.7402, -1.4173 -0.0374 2.7402, -1.1811 -0.0374 2.7402, 0.1181 -0.0374 2.8583, -0.5512 -0.0374 2.7402, -0.315 -0.0374 2.7402, 0.1181 -0.0374 2.7402, 0.5512 -0.0374 2.8583, 0.5512 -0.0374 2.7402, 0.315 -0.0374 2.7402, 0.9843 -0.0374 2.7402, 0.748 -0.0374 2.8583, 0.748 -0.0374 2.7402, 1.1811 -0.0374 2.7402, 1.4173 -0.0374 2.7402, 1.1811 -0.0374 2.8583, 0.9843 -0.0374 2.8583, 1.6142 -0.0374 2.8583, 1.6142 -0.0374 2.7402, 1.4173 -0.0374 2.8583, -1.378 -3.187 3.8701, -1.2205 -3.187 3.8701, -1.2205 -3.3463 3.9512, -1.378 -3.3027 3.9077, -1.2205 -3.3027 3.9077, -1.2205 -3.2478 3.8797, -1.378 -3.2478 3.8797, -1.378 -3.3463 3.9512, -1.2205 -3.3742 4.0061, -1.378 -3.3742 4.0061, -1.2205 -3.3839 4.0669, -1.378 -3.3839 4.0669, -1.378 -3.3839 4.1063, -1.1811 -3.0984 4.1063, -1.2205 -3.3839 4.1063, -1.7717 -3.5807 4.1063, -1.6142 -3.0984 4.1063, -0.7874 -3.3839 4.1063, -0.5118 -3.3839 4.1063, -0.9449 -3.3839 4.1063, -0.748 -3.0984 4.1063, -0.3543 -3.3839 4.1063, -0.315 -3.0984 4.1063, -0.5512 -3.0984 4.1063, -0.0787 -3.3839 4.1063, 0.0787 -3.3839 4.1063, 0.1181 -3.0984 4.1063, -0.1181 -3.0984 4.1063, 1.7717 -3.5807 4.1063, 0.5118 -3.3839 4.1063, 0.5512 -3.0984 4.1063, 0.315 -3.0984 4.1063, 0.3543 -3.3839 4.1063, 0.9449 -3.3839 4.1063, 0.9843 -3.0984 4.1063, 0.748 -3.0984 4.1063, 0.7874 -3.3839 4.1063, 1.378 -3.3839 4.1063, 1.4173 -3.0984 4.1063, 1.1811 -3.0984 4.1063, 1.2205 -3.3839 4.1063, -0.9843 -3.0984 4.1063, -1.6142 -3.2165 4.1063, -1.4173 -3.2165 4.1063, -1.4173 -3.0984 4.1063, -0.9843 -3.2165 4.1063, -1.1811 -3.2165 4.1063, -0.5512 -3.2165 4.1063, -0.748 -3.2165 4.1063, -0.1181 -3.2165 4.1063, -0.315 -3.2165 4.1063, 0.315 -3.2165 4.1063, 0.1181 -3.2165 4.1063, 0.748 -3.2165 4.1063, 0.5512 -3.2165 4.1063, 1.1811 -3.2165 4.1063, 0.9843 -3.2165 4.1063, 1.6142 -3.2165 4.1063, 1.4173 -3.2165 4.1063, 1.6142 -3.0984 4.1063, -1.7717 -3.5807 3.8701, 2.3622 -4.4468 3.8701, 1.7717 -3.5807 3.8701, -2.3622 -0.6673 1.7047, -2.3622 -0.6673 1.1929, -1.2598 -0.6673 1.7047, -1.2598 -2.8327 0.4331, -1.2598 -0.6673 1.1929, -1.2598 -3.8169 0.4331, -1.2598 -2.8327 0.0394, -1.2598 -3.8169 0.0394, -1.2598 -4.4468 0.4331, -1.2598 -4.4468 1.1929, 2.3622 -0.6673 1.1929, 2.3622 -0.6673 1.7047, 1.2598 -0.6673 1.7047, 1.2598 -0.6673 1.1929, 1.2598 -4.4468 1.1929, 2.3622 -4.4468 1.1929, 2.3622 -4.4468 3.122, 2.3622 -4.4468 1.9409, 2.5276 -4.4468 3.122, 2.5276 -4.4468 1.9409, 1.2598 -2.8327 0.4331, 1.2598 -3.8169 0.4331, 1.2598 -4.4468 0.4331, 1.2598 -3.8169 0.0394, 1.2598 -2.8327 0.0394, 0.7874 -4.4468 0.4331, 0.7874 -3.8169 0.4331, 0.7874 -3.8169 0.0394, -0.7874 -4.4468 0.4331, -0.7874 -3.8169 0.4331, -0.7874 -3.8169 0.0394, 1.378 -3.3839 4.0669, 1.378 -3.3742 4.0061, 1.378 -3.3463 3.9512, 1.378 -3.3027 3.9077, 1.378 -3.2478 3.8797, 1.378 -3.187 3.8701, 1.2205 -3.3027 3.9077, 1.2205 -3.2478 3.8797, 1.2205 -3.187 3.8701, 1.2205 -3.3463 3.9512, 1.2205 -3.3742 4.0061, 1.2205 -3.3839 4.0669, 0.9449 -3.3839 4.0669, 0.9449 -3.3742 4.0061, 0.9449 -3.3463 3.9512, 0.9449 -3.3027 3.9077, 0.9449 -3.2478 3.8797, 0.9449 -3.187 3.8701, 0.7874 -3.3027 3.9077, 0.7874 -3.2478 3.8797, 0.7874 -3.187 3.8701, 0.7874 -3.3463 3.9512, 0.7874 -3.3742 4.0061, 0.7874 -3.3839 4.0669, 0.5118 -3.3839 4.0669, 0.5118 -3.3742 4.0061, 0.5118 -3.3463 3.9512, 0.5118 -3.3027 3.9077, 0.5118 -3.2478 3.8797, 0.5118 -3.187 3.8701, 0.3543 -3.3027 3.9077, 0.3543 -3.2478 3.8797, 0.3543 -3.187 3.8701, 0.3543 -3.3463 3.9512, 0.3543 -3.3742 4.0061, 0.3543 -3.3839 4.0669, 0.0787 -3.3839 4.0669, 0.0787 -3.3742 4.0061, 0.0787 -3.3463 3.9512, 0.0787 -3.3027 3.9077, 0.0787 -3.2478 3.8797, 0.0787 -3.187 3.8701, -0.0787 -3.3027 3.9077, -0.0787 -3.2478 3.8797, -0.0787 -3.187 3.8701, -0.0787 -3.3463 3.9512, -0.0787 -3.3742 4.0061, -0.0787 -3.3839 4.0669, -0.3543 -3.3839 4.0669, -0.3543 -3.3742 4.0061, -0.3543 -3.3463 3.9512, -0.3543 -3.3027 3.9077, -0.3543 -3.2478 3.8797, -0.3543 -3.187 3.8701, -0.5118 -3.3027 3.9077, -0.5118 -3.2478 3.8797, -0.5118 -3.187 3.8701, -0.5118 -3.3463 3.9512, -0.5118 -3.3742 4.0061, -0.5118 -3.3839 4.0669, -0.7874 -3.3839 4.0669, -0.7874 -3.3742 4.0061, -0.7874 -3.3463 3.9512, -0.7874 -3.3027 3.9077, -0.7874 -3.2478 3.8797, -0.7874 -3.187 3.8701, -0.9449 -3.3027 3.9077, -0.9449 -3.2478 3.8797, -0.9449 -3.187 3.8701, -0.9449 -3.3463 3.9512, -0.9449 -3.3742 4.0061, -0.9449 -3.3839 4.0669
            ]
        }
        coordIndex [
            0,1,2,-1,1,3,2,-1,4,5,6,-1,4,7,8,-1,4,8,5,-1,9,5,8,-1,5,9,10,-1,11,12,13,-1,12,14,13,-1,15,16,17,-1,16,15,18,-1,19,20,21,-1,22,23,24,-1,25,26,27,-1,28,29,30,-1,31,32,33,-1,34,35,19,-1,25,22,35,-1,35,36,19,-1,19,36,20,-1,35,37,36,-1,20,38,29,-1,39,40,28,-1,29,21,20,-1,28,40,21,-1,41,31,42,-1,33,43,44,-1,45,46,42,-1,29,28,21,-1,35,47,48,-1,34,47,35,-1,49,50,51,-1,51,52,49,-1,48,51,35,-1,52,51,48,-1,51,25,35,-1,53,25,54,-1,25,27,54,-1,53,22,25,-1,22,55,56,-1,53,55,22,-1,56,43,22,-1,22,43,23,-1,45,42,44,-1,43,33,23,-1,42,31,44,-1,31,33,44,-1,23,33,57,-1,23,57,58,-1,58,57,59,-1,59,60,58,-1,61,58,62,-1,62,63,64,-1,62,58,60,-1,63,62,60,-1,23,58,24,-1,58,61,24,-1,32,65,66,-1,65,32,31,-1,67,22,24,-1,67,24,61,-1,32,57,33,-1,68,69,70,-1,57,68,59,-1,70,59,68,-1,68,57,66,-1,57,32,66,-1,60,70,63,-1,70,60,59,-1,71,72,73,-1,72,71,74,-1,75,76,64,-1,70,75,63,-1,64,63,75,-1,75,70,69,-1,77,78,79,-1,80,81,82,-1,77,79,83,-1,79,84,83,-1,85,86,79,-1,87,88,85,-1,89,85,88,-1,89,86,85,-1,86,84,79,-1,84,86,90,-1,80,82,91,-1,90,91,82,-1,92,82,93,-1,90,82,92,-1,93,94,95,-1,95,96,93,-1,96,92,93,-1,92,84,90,-1,69,97,98,-1,99,100,101,-1,99,102,103,-1,101,104,105,-1,102,106,107,-1,102,99,106,-1,75,99,103,-1,75,98,99,-1,98,75,69,-1,97,69,68,-1,104,101,100,-1,108,105,109,-1,105,108,101,-1,110,111,112,-1,108,113,101,-1,113,114,101,-1,115,113,116,-1,117,98,118,-1,110,99,111,-1,99,110,119,-1,120,121,119,-1,119,121,99,-1,100,122,104,-1,99,121,100,-1,123,124,125,-1,113,115,114,-1,116,124,126,-1,114,127,101,-1,127,128,101,-1,117,129,99,-1,130,117,131,-1,116,110,112,-1,99,129,111,-1,126,115,116,-1,124,116,112,-1,125,124,112,-1,132,115,126,-1,132,126,133,-1,129,130,127,-1,101,134,135,-1,98,136,118,-1,136,137,118,-1,98,117,99,-1,127,130,128,-1,117,130,129,-1,134,101,128,-1,138,139,140,-1,141,134,118,-1,138,142,98,-1,98,142,136,-1,118,143,141,-1,118,137,144,-1,118,144,145,-1,118,145,143,-1,146,134,141,-1,147,134,146,-1,148,134,147,-1,149,134,148,-1,150,134,149,-1,151,134,150,-1,135,134,151,-1,135,151,152,-1,152,153,154,-1,155,154,156,-1,157,154,155,-1,138,154,158,-1,139,138,158,-1,138,140,159,-1,160,161,162,-1,142,138,163,-1,138,164,163,-1,157,158,154,-1,154,135,152,-1,159,164,138,-1,135,160,162,-1,135,162,165,-1,165,166,167,-1,135,165,167,-1,135,167,168,-1,98,135,169,-1,168,169,135,-1,98,169,170,-1,170,171,172,-1,98,170,172,-1,98,172,138,-1,160,135,154,-1,156,154,153,-1,160,173,174,-1,160,174,161,-1,161,174,175,-1,161,175,162,-1,162,175,176,-1,162,176,165,-1,165,176,177,-1,165,177,166,-1,166,177,178,-1,166,178,167,-1,167,178,179,-1,167,179,168,-1,168,179,180,-1,168,180,169,-1,169,180,181,-1,169,181,170,-1,170,181,182,-1,170,182,171,-1,171,182,183,-1,171,183,172,-1,172,183,184,-1,172,184,138,-1,138,184,185,-1,138,185,154,-1,154,185,173,-1,154,173,160,-1,174,185,184,-1,174,183,182,-1,182,175,174,-1,179,178,177,-1,177,180,179,-1,177,182,181,-1,181,180,177,-1,177,176,182,-1,182,176,175,-1,185,174,173,-1,184,183,174,-1,186,187,188,-1,189,190,191,-1,188,192,186,-1,193,188,187,-1,194,195,196,-1,197,198,199,-1,199,200,194,-1,201,202,203,-1,204,205,206,-1,207,204,206,-1,207,208,204,-1,207,209,208,-1,202,210,211,-1,212,208,213,-1,211,210,214,-1,214,210,215,-1,202,211,216,-1,202,216,203,-1,217,218,219,-1,201,203,220,-1,191,196,221,-1,212,222,215,-1,214,215,222,-1,222,212,213,-1,213,208,209,-1,190,223,205,-1,223,206,205,-1,223,190,189,-1,189,191,221,-1,221,196,195,-1,194,200,195,-1,194,197,199,-1,198,224,225,-1,197,224,198,-1,225,226,227,-1,224,226,225,-1,227,228,229,-1,226,228,227,-1,229,228,192,-1,192,228,186,-1,220,218,201,-1,187,217,193,-1,193,217,219,-1,219,218,220,-1,230,231,232,-1,230,233,234,-1,230,235,233,-1,231,230,234,-1,236,237,238,-1,236,238,239,-1,240,241,242,-1,236,243,244,-1,237,245,246,-1,246,238,237,-1,238,240,239,-1,243,236,239,-1,239,240,242,-1,241,247,242,-1,248,249,250,-1,251,252,253,-1,254,252,251,-1,248,250,253,-1,253,252,248,-1,255,256,252,-1,255,252,257,-1,248,256,258,-1,252,256,248,-1,248,258,259,-1,163,220,203,-1,163,203,142,-1,142,203,216,-1,142,216,136,-1,136,216,211,-1,136,211,137,-1,137,211,214,-1,137,214,144,-1,144,214,222,-1,144,222,145,-1,145,222,213,-1,145,213,143,-1,143,213,209,-1,143,209,141,-1,141,209,207,-1,141,207,146,-1,146,207,206,-1,146,206,147,-1,147,206,223,-1,147,223,148,-1,148,223,189,-1,148,189,149,-1,149,189,221,-1,149,221,150,-1,150,221,195,-1,150,195,151,-1,151,195,200,-1,151,200,152,-1,152,200,199,-1,152,199,153,-1,153,199,198,-1,153,198,156,-1,156,198,225,-1,156,225,155,-1,155,225,227,-1,155,227,157,-1,157,227,229,-1,157,229,158,-1,158,229,192,-1,158,192,139,-1,139,192,188,-1,139,188,140,-1,140,188,193,-1,140,193,159,-1,159,193,219,-1,159,219,164,-1,164,219,220,-1,164,220,163,-1,92,202,201,-1,92,201,84,-1,84,201,218,-1,84,218,83,-1,83,218,217,-1,83,217,77,-1,77,217,187,-1,77,187,78,-1,78,187,186,-1,78,186,79,-1,79,186,228,-1,79,228,85,-1,85,228,226,-1,85,226,87,-1,87,226,224,-1,87,224,88,-1,88,224,197,-1,88,197,89,-1,89,197,194,-1,89,194,86,-1,86,194,196,-1,86,196,90,-1,90,196,191,-1,90,191,91,-1,91,191,190,-1,91,190,80,-1,80,190,205,-1,80,205,81,-1,81,205,204,-1,81,204,82,-1,82,204,208,-1,82,208,93,-1,93,208,212,-1,93,212,94,-1,94,212,215,-1,94,215,95,-1,95,215,210,-1,95,210,96,-1,96,210,202,-1,96,202,92,-1,134,234,233,-1,134,233,118,-1,118,233,235,-1,118,235,117,-1,117,235,230,-1,117,230,131,-1,131,230,232,-1,131,232,130,-1,130,232,231,-1,130,231,128,-1,128,231,234,-1,128,234,134,-1,132,242,247,-1,132,247,115,-1,115,247,241,-1,115,241,114,-1,114,241,240,-1,114,240,127,-1,127,240,238,-1,127,238,129,-1,129,238,246,-1,129,246,111,-1,111,246,245,-1,111,245,112,-1,112,245,237,-1,112,237,125,-1,125,237,236,-1,125,236,123,-1,123,236,244,-1,123,244,124,-1,124,244,243,-1,124,243,126,-1,126,243,239,-1,126,239,133,-1,133,239,242,-1,133,242,132,-1,104,259,258,-1,104,258,105,-1,105,258,256,-1,105,256,109,-1,109,256,255,-1,109,255,108,-1,108,255,257,-1,108,257,113,-1,113,257,252,-1,113,252,116,-1,116,252,254,-1,116,254,110,-1,110,254,251,-1,110,251,119,-1,119,251,253,-1,119,253,120,-1,120,253,250,-1,120,250,121,-1,121,250,249,-1,121,249,100,-1,100,249,248,-1,100,248,122,-1,122,248,259,-1,122,259,104,-1,75,103,260,-1,75,260,76,-1,261,64,262,-1,263,264,265,-1,266,267,268,-1,266,269,270,-1,62,64,261,-1,263,265,262,-1,64,263,262,-1,271,272,273,-1,274,272,271,-1,275,269,266,-1,276,266,270,-1,276,270,277,-1,270,278,277,-1,267,266,276,-1,268,279,266,-1,268,267,280,-1,280,267,281,-1,282,283,284,-1,285,286,287,-1,288,279,289,-1,289,279,290,-1,273,272,291,-1,274,271,292,-1,284,283,293,-1,293,283,294,-1,295,274,292,-1,296,295,297,-1,286,285,298,-1,298,285,299,-1,300,301,64,-1,301,302,64,-1,271,273,303,-1,303,273,304,-1,302,295,64,-1,305,64,292,-1,305,292,306,-1,306,292,307,-1,263,64,305,-1,64,76,308,-1,260,309,76,-1,292,64,295,-1,64,308,300,-1,286,273,291,-1,76,310,308,-1,301,310,311,-1,76,311,310,-1,301,311,302,-1,286,291,287,-1,285,287,312,-1,76,297,311,-1,76,296,297,-1,313,314,272,-1,295,296,274,-1,284,285,312,-1,315,287,309,-1,76,313,296,-1,312,282,284,-1,76,314,313,-1,272,314,291,-1,283,282,316,-1,317,282,318,-1,76,309,314,-1,283,316,288,-1,309,260,315,-1,287,315,312,-1,319,320,321,-1,320,288,316,-1,315,260,318,-1,322,323,324,-1,318,260,317,-1,320,279,288,-1,282,317,316,-1,320,325,279,-1,317,260,321,-1,326,327,266,-1,321,260,319,-1,279,325,266,-1,320,319,325,-1,266,325,324,-1,319,260,322,-1,260,266,327,-1,322,260,323,-1,266,324,328,-1,324,323,328,-1,266,328,326,-1,323,260,327,-1,329,305,330,-1,305,329,263,-1,331,332,333,-1,334,333,335,-1,332,335,333,-1,329,330,334,-1,334,335,329,-1,332,331,336,-1,336,337,338,-1,337,336,331,-1,337,339,338,-1,338,339,340,-1,336,263,332,-1,341,264,340,-1,329,332,263,-1,329,335,332,-1,263,338,264,-1,263,336,338,-1,264,338,340,-1,342,343,306,-1,344,265,345,-1,346,347,344,-1,344,348,346,-1,349,346,303,-1,350,298,351,-1,352,349,304,-1,344,347,350,-1,353,344,350,-1,354,293,355,-1,356,351,299,-1,344,353,354,-1,354,357,344,-1,358,289,359,-1,360,355,294,-1,361,357,354,-1,361,358,357,-1,362,280,363,-1,364,359,290,-1,365,357,358,-1,365,362,357,-1,366,277,367,-1,368,363,281,-1,369,357,362,-1,369,366,357,-1,342,307,370,-1,341,371,372,-1,348,344,343,-1,344,341,343,-1,345,264,373,-1,341,344,371,-1,345,371,344,-1,341,372,373,-1,341,373,264,-1,264,345,265,-1,348,343,374,-1,343,375,374,-1,342,375,343,-1,348,374,370,-1,348,370,307,-1,307,342,306,-1,347,346,376,-1,346,377,376,-1,349,377,346,-1,347,376,352,-1,347,352,304,-1,304,349,303,-1,353,350,378,-1,350,379,378,-1,351,379,350,-1,353,378,356,-1,353,356,299,-1,299,351,298,-1,361,354,380,-1,354,381,380,-1,355,381,354,-1,361,380,360,-1,361,360,294,-1,294,355,293,-1,365,358,382,-1,358,383,382,-1,359,383,358,-1,365,382,364,-1,365,364,290,-1,290,359,289,-1,369,362,384,-1,362,385,384,-1,363,385,362,-1,369,384,368,-1,369,368,281,-1,281,363,280,-1,357,366,386,-1,366,387,386,-1,387,366,367,-1,357,386,388,-1,277,278,388,-1,357,388,278,-1,277,388,367,-1,306,339,337,-1,305,306,337,-1,306,343,339,-1,305,331,333,-1,337,331,305,-1,334,330,333,-1,305,333,330,-1,339,341,340,-1,341,339,343,-1,389,262,265,-1,265,344,389,-1,67,389,390,-1,389,67,261,-1,269,391,270,-1,261,262,389,-1,269,390,391,-1,389,391,390,-1,270,391,357,-1,357,278,270,-1,391,389,344,-1,344,357,391,-1,392,66,65,-1,392,68,66,-1,65,393,392,-1,392,97,68,-1,67,61,62,-1,62,261,67,-1,97,392,394,-1,97,394,98,-1,395,135,396,-1,135,98,396,-1,397,398,395,-1,398,397,399,-1,397,41,400,-1,397,395,41,-1,400,41,42,-1,401,41,395,-1,401,395,396,-1,98,394,396,-1,65,396,393,-1,65,401,396,-1,392,396,394,-1,396,392,393,-1,402,403,404,-1,402,404,405,-1,406,402,405,-1,406,407,402,-1,408,390,269,-1,269,275,408,-1,407,409,403,-1,403,402,407,-1,107,106,403,-1,403,409,107,-1,37,35,390,-1,37,390,408,-1,407,29,38,-1,407,38,409,-1,35,22,67,-1,35,67,390,-1,37,410,36,-1,275,266,71,-1,410,275,73,-1,71,73,275,-1,275,410,408,-1,410,37,408,-1,20,36,410,-1,20,410,411,-1,411,410,73,-1,73,72,411,-1,107,411,72,-1,107,74,102,-1,411,107,409,-1,74,107,72,-1,20,411,38,-1,409,38,411,-1,266,103,71,-1,74,103,102,-1,266,260,103,-1,74,71,103,-1,30,407,406,-1,407,30,29,-1,405,99,101,-1,30,412,413,-1,101,412,405,-1,30,414,28,-1,30,413,414,-1,415,412,416,-1,30,406,412,-1,406,405,412,-1,415,413,412,-1,405,404,99,-1,99,404,403,-1,99,403,106,-1,39,414,417,-1,414,39,28,-1,418,39,417,-1,39,418,419,-1,419,40,39,-1,415,419,418,-1,418,413,415,-1,395,412,101,-1,101,135,395,-1,400,420,421,-1,421,397,400,-1,417,414,413,-1,413,418,417,-1,398,416,412,-1,412,395,398,-1,42,46,420,-1,42,420,400,-1,421,420,46,-1,422,46,45,-1,422,421,46,-1,422,399,397,-1,397,421,422,-1,65,31,41,-1,65,41,401,-1,277,423,424,-1,276,277,424,-1,277,366,423,-1,276,425,426,-1,424,425,276,-1,427,428,426,-1,276,426,428,-1,425,429,426,-1,427,426,430,-1,429,430,426,-1,431,428,427,-1,427,430,431,-1,429,425,432,-1,432,424,433,-1,424,432,425,-1,424,423,433,-1,433,423,434,-1,432,267,429,-1,369,281,434,-1,431,429,267,-1,431,430,429,-1,267,433,281,-1,267,432,433,-1,281,433,434,-1,431,276,428,-1,276,431,267,-1,423,369,434,-1,369,423,366,-1,280,435,436,-1,268,280,436,-1,280,362,435,-1,268,437,438,-1,436,437,268,-1,439,440,438,-1,268,438,440,-1,437,441,438,-1,439,438,442,-1,441,442,438,-1,443,440,439,-1,439,442,443,-1,441,437,444,-1,444,436,445,-1,436,444,437,-1,436,435,445,-1,445,435,446,-1,444,279,441,-1,365,290,446,-1,443,441,279,-1,443,442,441,-1,279,445,290,-1,279,444,445,-1,290,445,446,-1,443,268,440,-1,268,443,279,-1,435,365,446,-1,365,435,362,-1,289,447,448,-1,288,289,448,-1,289,358,447,-1,288,449,450,-1,448,449,288,-1,451,452,450,-1,288,450,452,-1,449,453,450,-1,451,450,454,-1,453,454,450,-1,455,452,451,-1,451,454,455,-1,453,449,456,-1,456,448,457,-1,448,456,449,-1,448,447,457,-1,457,447,458,-1,456,283,453,-1,361,294,458,-1,455,453,283,-1,455,454,453,-1,283,457,294,-1,283,456,457,-1,294,457,458,-1,455,288,452,-1,288,455,283,-1,447,361,458,-1,361,447,358,-1,293,459,460,-1,284,293,460,-1,293,354,459,-1,284,461,462,-1,460,461,284,-1,463,464,462,-1,284,462,464,-1,461,465,462,-1,463,462,466,-1,465,466,462,-1,467,464,463,-1,463,466,467,-1,465,461,468,-1,468,460,469,-1,460,468,461,-1,460,459,469,-1,469,459,470,-1,468,285,465,-1,353,299,470,-1,467,465,285,-1,467,466,465,-1,285,469,299,-1,285,468,469,-1,299,469,470,-1,467,284,464,-1,284,467,285,-1,459,353,470,-1,353,459,354,-1,298,471,472,-1,286,298,472,-1,298,350,471,-1,286,473,474,-1,472,473,286,-1,475,476,474,-1,286,474,476,-1,473,477,474,-1,475,474,478,-1,477,478,474,-1,479,476,475,-1,475,478,479,-1,477,473,480,-1,480,472,481,-1,472,480,473,-1,472,471,481,-1,481,471,482,-1,480,273,477,-1,347,304,482,-1,479,477,273,-1,479,478,477,-1,273,481,304,-1,273,480,481,-1,304,481,482,-1,479,286,476,-1,286,479,273,-1,471,347,482,-1,347,471,350,-1,303,483,484,-1,271,303,484,-1,303,346,483,-1,271,485,486,-1,484,485,271,-1,487,488,486,-1,271,486,488,-1,485,489,486,-1,487,486,490,-1,489,490,486,-1,491,488,487,-1,487,490,491,-1,489,485,492,-1,492,484,493,-1,484,492,485,-1,484,483,493,-1,493,483,494,-1,492,292,489,-1,348,307,494,-1,491,489,292,-1,491,490,489,-1,292,493,307,-1,292,492,493,-1,307,493,494,-1,491,271,488,-1,271,491,292,-1,483,348,494,-1,348,483,346,-1,
        ]
    }
}
Shape{
    appearance Appearance {
        material  Material 	{
            diffuseColor 0.8117647058823529 0.8117647058823529 0.8117647058823529
            specularColor 0.7529411764705882 0.7529411764705882 0.7529411764705882
            ambientIntensity 0.1176
            transparency 0.0
            shininess 0.5
        }
    }
    geometry IndexedFaceSet {
        ccw TRUE
        solid FALSE
        coord DEF co Coordinate {
            point [
                1.4173 -3.2165 4.1063, 1.4173 -3.2165 4.0, 1.6142 -3.2165 4.0, 1.6142 -3.2165 4.1063, 1.6142 -0.1315 2.8583, 1.6142 -0.2378 2.8673, 1.6142 -0.2577 2.7509, 1.6142 -0.1315 2.7402, 1.6142 -0.0374 2.7402, 1.6142 -0.3802 2.7827, 1.6142 -3.0233 3.8492, 1.6142 -3.1364 3.7931, 1.6142 -2.9723 3.8218, 1.6142 -0.341 2.8941, 1.6142 -3.18 3.8547, 1.6142 -3.0637 3.8908, 1.6142 -3.0984 4.0, 1.6142 -3.0895 3.9427, 1.6142 -3.2073 3.9251, 1.6142 -3.0984 4.1063, 1.6142 -3.0791 3.744, 1.6142 -3.0115 3.7104, 1.6142 -0.0374 2.8583, 1.4173 -0.1315 2.7402, 1.4173 -0.0374 2.7402, 1.4173 -0.3802 2.7827, 1.4173 -0.341 2.8941, 1.4173 -0.2378 2.8673, 1.4173 -0.2577 2.7509, 1.4173 -3.0984 4.0, 1.4173 -3.0895 3.9427, 1.4173 -3.0233 3.8492, 1.4173 -3.18 3.8547, 1.4173 -3.0637 3.8908, 1.4173 -3.0984 4.1063, 1.4173 -3.2073 3.9251, 1.4173 -3.1364 3.7931, 1.4173 -2.9723 3.8218, 1.4173 -3.0115 3.7104, 1.4173 -3.0791 3.744, 1.4173 -0.1315 2.8583, 1.4173 -0.0374 2.8583, 0.9843 -3.2165 4.1063, 0.9843 -3.2165 4.0, 1.1811 -3.2165 4.0, 1.1811 -3.2165 4.1063, 1.1811 -0.1315 2.8583, 1.1811 -0.2378 2.8673, 1.1811 -0.2577 2.7509, 1.1811 -0.1315 2.7402, 1.1811 -0.0374 2.7402, 1.1811 -0.3802 2.7827, 1.1811 -3.0233 3.8492, 1.1811 -3.1364 3.7931, 1.1811 -2.9723 3.8218, 1.1811 -0.341 2.8941, 1.1811 -3.18 3.8547, 1.1811 -3.0637 3.8908, 1.1811 -3.0984 4.0, 1.1811 -3.0895 3.9427, 1.1811 -3.2073 3.9251, 1.1811 -3.0984 4.1063, 1.1811 -3.0791 3.744, 1.1811 -3.0115 3.7104, 1.1811 -0.0374 2.8583, 0.9843 -0.1315 2.7402, 0.9843 -0.0374 2.7402, 0.9843 -0.3802 2.7827, 0.9843 -0.341 2.8941, 0.9843 -0.2378 2.8673, 0.9843 -0.2577 2.7509, 0.9843 -3.0984 4.0, 0.9843 -3.0895 3.9427, 0.9843 -3.0233 3.8492, 0.9843 -3.18 3.8547, 0.9843 -3.0637 3.8908, 0.9843 -3.0984 4.1063, 0.9843 -3.2073 3.9251, 0.9843 -3.1364 3.7931, 0.9843 -2.9723 3.8218, 0.9843 -3.0115 3.7104, 0.9843 -3.0791 3.744, 0.9843 -0.1315 2.8583, 0.9843 -0.0374 2.8583, 0.5512 -3.2165 4.1063, 0.5512 -3.2165 4.0, 0.748 -3.2165 4.0, 0.748 -3.2165 4.1063, 0.748 -0.1315 2.8583, 0.748 -0.2378 2.8673, 0.748 -0.2577 2.7509, 0.748 -0.1315 2.7402, 0.748 -0.0374 2.7402, 0.748 -0.3802 2.7827, 0.748 -3.0233 3.8492, 0.748 -3.1364 3.7931, 0.748 -2.9723 3.8218, 0.748 -0.341 2.8941, 0.748 -3.18 3.8547, 0.748 -3.0637 3.8908, 0.748 -3.0984 4.0, 0.748 -3.0895 3.9427, 0.748 -3.2073 3.9251, 0.748 -3.0984 4.1063, 0.748 -3.0791 3.744, 0.748 -3.0115 3.7104, 0.748 -0.0374 2.8583, 0.5512 -0.1315 2.7402, 0.5512 -0.0374 2.7402, 0.5512 -0.3802 2.7827, 0.5512 -0.341 2.8941, 0.5512 -0.2378 2.8673, 0.5512 -0.2577 2.7509, 0.5512 -3.0984 4.0, 0.5512 -3.0895 3.9427, 0.5512 -3.0233 3.8492, 0.5512 -3.18 3.8547, 0.5512 -3.0637 3.8908, 0.5512 -3.0984 4.1063, 0.5512 -3.2073 3.9251, 0.5512 -3.1364 3.7931, 0.5512 -2.9723 3.8218, 0.5512 -3.0115 3.7104, 0.5512 -3.0791 3.744, 0.5512 -0.1315 2.8583, 0.5512 -0.0374 2.8583, 0.1181 -3.2165 4.1063, 0.1181 -3.2165 4.0, 0.315 -3.2165 4.0, 0.315 -3.2165 4.1063, 0.315 -0.1315 2.8583, 0.315 -0.2378 2.8673, 0.315 -0.2577 2.7509, 0.315 -0.1315 2.7402, 0.315 -0.0374 2.7402, 0.315 -0.3802 2.7827, 0.315 -3.0233 3.8492, 0.315 -3.1364 3.7931, 0.315 -2.9723 3.8218, 0.315 -0.341 2.8941, 0.315 -3.18 3.8547, 0.315 -3.0637 3.8908, 0.315 -3.0984 4.0, 0.315 -3.0895 3.9427, 0.315 -3.2073 3.9251, 0.315 -3.0984 4.1063, 0.315 -3.0791 3.744, 0.315 -3.0115 3.7104, 0.315 -0.0374 2.8583, 0.1181 -0.1315 2.7402, 0.1181 -0.0374 2.7402, 0.1181 -0.3802 2.7827, 0.1181 -0.341 2.8941, 0.1181 -0.2378 2.8673, 0.1181 -0.2577 2.7509, 0.1181 -3.0984 4.0, 0.1181 -3.0895 3.9427, 0.1181 -3.0233 3.8492, 0.1181 -3.18 3.8547, 0.1181 -3.0637 3.8908, 0.1181 -3.0984 4.1063, 0.1181 -3.2073 3.9251, 0.1181 -3.1364 3.7931, 0.1181 -2.9723 3.8218, 0.1181 -3.0115 3.7104, 0.1181 -3.0791 3.744, 0.1181 -0.1315 2.8583, 0.1181 -0.0374 2.8583, -0.315 -3.2165 4.1063, -0.315 -3.2165 4.0, -0.1181 -3.2165 4.0, -0.1181 -3.2165 4.1063, -0.1181 -0.1315 2.8583, -0.1181 -0.2378 2.8673, -0.1181 -0.2577 2.7509, -0.1181 -0.1315 2.7402, -0.1181 -0.0374 2.7402, -0.1181 -0.3802 2.7827, -0.1181 -3.0233 3.8492, -0.1181 -3.1364 3.7931, -0.1181 -2.9723 3.8218, -0.1181 -0.341 2.8941, -0.1181 -3.18 3.8547, -0.1181 -3.0637 3.8908, -0.1181 -3.0984 4.0, -0.1181 -3.0895 3.9427, -0.1181 -3.2073 3.9251, -0.1181 -3.0984 4.1063, -0.1181 -3.0791 3.744, -0.1181 -3.0115 3.7104, -0.1181 -0.0374 2.8583, -0.315 -0.1315 2.7402, -0.315 -0.0374 2.7402, -0.315 -0.3802 2.7827, -0.315 -0.341 2.8941, -0.315 -0.2378 2.8673, -0.315 -0.2577 2.7509, -0.315 -3.0984 4.0, -0.315 -3.0895 3.9427, -0.315 -3.0233 3.8492, -0.315 -3.18 3.8547, -0.315 -3.0637 3.8908, -0.315 -3.0984 4.1063, -0.315 -3.2073 3.9251, -0.315 -3.1364 3.7931, -0.315 -2.9723 3.8218, -0.315 -3.0115 3.7104, -0.315 -3.0791 3.744, -0.315 -0.1315 2.8583, -0.315 -0.0374 2.8583, -0.748 -3.2165 4.1063, -0.748 -3.2165 4.0, -0.5512 -3.2165 4.0, -0.5512 -3.2165 4.1063, -0.5512 -0.1315 2.8583, -0.5512 -0.2378 2.8673, -0.5512 -0.2577 2.7509, -0.5512 -0.1315 2.7402, -0.5512 -0.0374 2.7402, -0.5512 -0.3802 2.7827, -0.5512 -3.0233 3.8492, -0.5512 -3.1364 3.7931, -0.5512 -2.9723 3.8218, -0.5512 -0.341 2.8941, -0.5512 -3.18 3.8547, -0.5512 -3.0637 3.8908, -0.5512 -3.0984 4.0, -0.5512 -3.0895 3.9427, -0.5512 -3.2073 3.9251, -0.5512 -3.0984 4.1063, -0.5512 -3.0791 3.744, -0.5512 -3.0115 3.7104, -0.5512 -0.0374 2.8583, -0.748 -0.1315 2.7402, -0.748 -0.0374 2.7402, -0.748 -0.3802 2.7827, -0.748 -0.341 2.8941, -0.748 -0.2378 2.8673, -0.748 -0.2577 2.7509, -0.748 -3.0984 4.0, -0.748 -3.0895 3.9427, -0.748 -3.0233 3.8492, -0.748 -3.18 3.8547, -0.748 -3.0637 3.8908, -0.748 -3.0984 4.1063, -0.748 -3.2073 3.9251, -0.748 -3.1364 3.7931, -0.748 -2.9723 3.8218, -0.748 -3.0115 3.7104, -0.748 -3.0791 3.744, -0.748 -0.1315 2.8583, -0.748 -0.0374 2.8583, -1.1811 -3.2165 4.1063, -1.1811 -3.2165 4.0, -0.9843 -3.2165 4.0, -0.9843 -3.2165 4.1063, -0.9843 -0.1315 2.8583, -0.9843 -0.2378 2.8673, -0.9843 -0.2577 2.7509, -0.9843 -0.1315 2.7402, -0.9843 -0.0374 2.7402, -0.9843 -0.3802 2.7827, -0.9843 -3.0233 3.8492, -0.9843 -3.1364 3.7931, -0.9843 -2.9723 3.8218, -0.9843 -0.341 2.8941, -0.9843 -3.18 3.8547, -0.9843 -3.0637 3.8908, -0.9843 -3.0984 4.0, -0.9843 -3.0895 3.9427, -0.9843 -3.2073 3.9251, -0.9843 -3.0984 4.1063, -0.9843 -3.0791 3.744, -0.9843 -3.0115 3.7104, -0.9843 -0.0374 2.8583, -1.1811 -0.1315 2.7402, -1.1811 -0.0374 2.7402, -1.1811 -0.3802 2.7827, -1.1811 -0.341 2.8941, -1.1811 -0.2378 2.8673, -1.1811 -0.2577 2.7509, -1.1811 -3.0984 4.0, -1.1811 -3.0895 3.9427, -1.1811 -3.0233 3.8492, -1.1811 -3.18 3.8547, -1.1811 -3.0637 3.8908, -1.1811 -3.0984 4.1063, -1.1811 -3.2073 3.9251, -1.1811 -3.1364 3.7931, -1.1811 -2.9723 3.8218, -1.1811 -3.0115 3.7104, -1.1811 -3.0791 3.744, -1.1811 -0.1315 2.8583, -1.1811 -0.0374 2.8583, -1.6142 -3.2165 4.1063, -1.6142 -3.2165 4.0, -1.4173 -3.2165 4.0, -1.4173 -3.2165 4.1063, -1.4173 -0.1315 2.8583, -1.4173 -0.2378 2.8673, -1.4173 -0.2577 2.7509, -1.4173 -0.1315 2.7402, -1.4173 -0.0374 2.7402, -1.4173 -0.3802 2.7827, -1.4173 -3.0233 3.8492, -1.4173 -3.1364 3.7931, -1.4173 -2.9723 3.8218, -1.4173 -0.341 2.8941, -1.4173 -3.18 3.8547, -1.4173 -3.0637 3.8908, -1.4173 -3.0984 4.0, -1.4173 -3.0895 3.9427, -1.4173 -3.2073 3.9251, -1.4173 -3.0984 4.1063, -1.4173 -3.0791 3.744, -1.4173 -3.0115 3.7104, -1.4173 -0.0374 2.8583, -1.6142 -0.1315 2.7402, -1.6142 -0.0374 2.7402, -1.6142 -0.3802 2.7827, -1.6142 -0.341 2.8941, -1.6142 -0.2378 2.8673, -1.6142 -0.2577 2.7509, -1.6142 -3.0984 4.0, -1.6142 -3.0895 3.9427, -1.6142 -3.0233 3.8492, -1.6142 -3.18 3.8547, -1.6142 -3.0637 3.8908, -1.6142 -3.0984 4.1063, -1.6142 -3.2073 3.9251, -1.6142 -3.1364 3.7931, -1.6142 -2.9723 3.8218, -1.6142 -3.0115 3.7104, -1.6142 -3.0791 3.744, -1.6142 -0.1315 2.8583, -1.6142 -0.0374 2.8583
            ]
        }
        coordIndex [
            0,1,2,-1,0,2,3,-1,4,5,6,-1,7,8,4,-1,5,9,6,-1,10,11,12,-1,5,13,9,-1,14,10,15,-1,16,2,17,-1,18,15,17,-1,17,2,18,-1,3,2,16,-1,16,19,3,-1,14,11,10,-1,18,14,15,-1,11,20,12,-1,20,21,12,-1,12,21,13,-1,4,6,7,-1,13,21,9,-1,8,22,4,-1,8,23,24,-1,23,8,7,-1,25,26,27,-1,27,28,25,-1,1,29,30,-1,31,32,33,-1,1,34,29,-1,35,30,33,-1,1,0,34,-1,36,31,37,-1,25,38,26,-1,33,32,35,-1,30,35,1,-1,36,32,31,-1,37,39,36,-1,38,37,26,-1,39,37,38,-1,28,27,40,-1,40,23,28,-1,40,41,23,-1,23,41,24,-1,41,4,22,-1,4,41,40,-1,27,5,40,-1,40,5,4,-1,13,5,27,-1,27,26,13,-1,12,13,26,-1,12,26,37,-1,31,33,15,-1,31,10,37,-1,10,31,15,-1,37,10,12,-1,17,15,33,-1,30,16,17,-1,17,33,30,-1,30,29,16,-1,19,16,29,-1,19,29,34,-1,35,2,1,-1,39,11,36,-1,32,14,18,-1,38,21,20,-1,20,39,38,-1,11,14,36,-1,20,11,39,-1,32,18,35,-1,36,14,32,-1,2,35,18,-1,38,25,9,-1,38,9,21,-1,28,9,25,-1,23,7,6,-1,6,9,28,-1,23,6,28,-1,42,43,44,-1,42,44,45,-1,46,47,48,-1,49,50,46,-1,47,51,48,-1,52,53,54,-1,47,55,51,-1,56,52,57,-1,58,44,59,-1,60,57,59,-1,59,44,60,-1,45,44,58,-1,58,61,45,-1,56,53,52,-1,60,56,57,-1,53,62,54,-1,62,63,54,-1,54,63,55,-1,46,48,49,-1,55,63,51,-1,50,64,46,-1,50,65,66,-1,65,50,49,-1,67,68,69,-1,69,70,67,-1,43,71,72,-1,73,74,75,-1,43,76,71,-1,77,72,75,-1,43,42,76,-1,78,73,79,-1,67,80,68,-1,75,74,77,-1,72,77,43,-1,78,74,73,-1,79,81,78,-1,80,79,68,-1,81,79,80,-1,70,69,82,-1,82,65,70,-1,82,83,65,-1,65,83,66,-1,83,46,64,-1,46,83,82,-1,69,47,82,-1,82,47,46,-1,55,47,69,-1,69,68,55,-1,54,55,68,-1,54,68,79,-1,73,75,57,-1,73,52,79,-1,52,73,57,-1,79,52,54,-1,59,57,75,-1,72,58,59,-1,59,75,72,-1,72,71,58,-1,61,58,71,-1,61,71,76,-1,77,44,43,-1,81,53,78,-1,74,56,60,-1,80,63,62,-1,62,81,80,-1,53,56,78,-1,62,53,81,-1,74,60,77,-1,78,56,74,-1,44,77,60,-1,80,67,51,-1,80,51,63,-1,70,51,67,-1,65,49,48,-1,48,51,70,-1,65,48,70,-1,84,85,86,-1,84,86,87,-1,88,89,90,-1,91,92,88,-1,89,93,90,-1,94,95,96,-1,89,97,93,-1,98,94,99,-1,100,86,101,-1,102,99,101,-1,101,86,102,-1,87,86,100,-1,100,103,87,-1,98,95,94,-1,102,98,99,-1,95,104,96,-1,104,105,96,-1,96,105,97,-1,88,90,91,-1,97,105,93,-1,92,106,88,-1,92,107,108,-1,107,92,91,-1,109,110,111,-1,111,112,109,-1,85,113,114,-1,115,116,117,-1,85,118,113,-1,119,114,117,-1,85,84,118,-1,120,115,121,-1,109,122,110,-1,117,116,119,-1,114,119,85,-1,120,116,115,-1,121,123,120,-1,122,121,110,-1,123,121,122,-1,112,111,124,-1,124,107,112,-1,124,125,107,-1,107,125,108,-1,125,88,106,-1,88,125,124,-1,89,88,124,-1,111,89,124,-1,89,111,97,-1,111,110,97,-1,96,97,110,-1,96,110,121,-1,94,115,99,-1,94,96,121,-1,94,121,115,-1,117,99,115,-1,101,99,117,-1,114,100,101,-1,101,117,114,-1,114,113,100,-1,103,100,113,-1,103,113,118,-1,119,86,85,-1,123,95,120,-1,116,98,102,-1,122,105,104,-1,104,123,122,-1,95,98,120,-1,104,95,123,-1,116,102,119,-1,120,98,116,-1,86,119,102,-1,122,109,93,-1,122,93,105,-1,112,93,109,-1,107,91,90,-1,90,93,112,-1,107,90,112,-1,126,127,128,-1,126,128,129,-1,130,131,132,-1,133,134,130,-1,131,135,132,-1,136,137,138,-1,131,139,135,-1,140,136,141,-1,142,128,143,-1,144,141,143,-1,143,128,144,-1,129,128,142,-1,142,145,129,-1,140,137,136,-1,144,140,141,-1,137,146,138,-1,146,147,138,-1,138,147,139,-1,130,132,133,-1,139,147,135,-1,134,148,130,-1,134,149,150,-1,149,134,133,-1,151,152,153,-1,153,154,151,-1,127,155,156,-1,157,158,159,-1,127,160,155,-1,161,156,159,-1,127,126,160,-1,162,157,163,-1,151,164,152,-1,159,158,161,-1,156,161,127,-1,162,158,157,-1,163,165,162,-1,164,163,152,-1,165,163,164,-1,154,153,166,-1,166,149,154,-1,166,167,149,-1,149,167,150,-1,167,130,148,-1,130,167,166,-1,153,131,166,-1,166,131,130,-1,139,131,153,-1,153,152,139,-1,138,139,152,-1,138,152,163,-1,157,159,141,-1,157,136,163,-1,136,157,141,-1,163,136,138,-1,143,141,159,-1,156,142,143,-1,143,159,156,-1,156,155,142,-1,145,142,155,-1,145,155,160,-1,161,128,127,-1,165,137,162,-1,158,140,144,-1,164,147,146,-1,146,165,164,-1,137,140,162,-1,146,137,165,-1,158,144,161,-1,162,140,158,-1,128,161,144,-1,164,151,135,-1,164,135,147,-1,154,135,151,-1,149,133,132,-1,132,135,154,-1,149,132,154,-1,168,169,170,-1,168,170,171,-1,172,173,174,-1,175,176,172,-1,173,177,174,-1,178,179,180,-1,173,181,177,-1,182,178,183,-1,184,170,185,-1,186,183,185,-1,185,170,186,-1,171,170,184,-1,184,187,171,-1,182,179,178,-1,186,182,183,-1,179,188,180,-1,188,189,180,-1,180,189,181,-1,172,174,175,-1,181,189,177,-1,176,190,172,-1,176,191,192,-1,191,176,175,-1,193,194,195,-1,195,196,193,-1,169,197,198,-1,199,200,201,-1,169,202,197,-1,203,198,201,-1,169,168,202,-1,204,199,205,-1,193,206,194,-1,201,200,203,-1,198,203,169,-1,204,200,199,-1,205,207,204,-1,206,205,194,-1,207,205,206,-1,196,195,208,-1,208,191,196,-1,208,209,191,-1,191,209,192,-1,209,172,190,-1,172,209,208,-1,195,173,208,-1,208,173,172,-1,181,173,195,-1,195,194,181,-1,180,181,194,-1,180,194,205,-1,199,201,183,-1,199,178,205,-1,178,199,183,-1,205,178,180,-1,185,183,201,-1,198,184,185,-1,185,201,198,-1,198,197,184,-1,187,184,197,-1,187,197,202,-1,203,170,169,-1,207,179,204,-1,200,182,186,-1,206,189,188,-1,188,207,206,-1,179,182,204,-1,188,179,207,-1,200,186,203,-1,204,182,200,-1,170,203,186,-1,206,193,177,-1,206,177,189,-1,196,177,193,-1,191,175,174,-1,174,177,196,-1,191,174,196,-1,210,211,212,-1,210,212,213,-1,214,215,216,-1,217,218,214,-1,215,219,216,-1,220,221,222,-1,215,223,219,-1,224,220,225,-1,226,212,227,-1,228,225,227,-1,227,212,228,-1,213,212,226,-1,226,229,213,-1,224,221,220,-1,228,224,225,-1,221,230,222,-1,230,231,222,-1,222,231,223,-1,214,216,217,-1,223,231,219,-1,218,232,214,-1,218,233,234,-1,233,218,217,-1,235,236,237,-1,237,238,235,-1,211,239,240,-1,241,242,243,-1,211,244,239,-1,245,240,243,-1,211,210,244,-1,246,241,247,-1,235,248,236,-1,243,242,245,-1,240,245,211,-1,246,242,241,-1,247,249,246,-1,248,247,236,-1,249,247,248,-1,238,237,250,-1,250,233,238,-1,250,251,233,-1,233,251,234,-1,251,214,232,-1,214,251,250,-1,237,215,250,-1,250,215,214,-1,223,215,237,-1,237,236,223,-1,222,223,236,-1,222,236,247,-1,241,243,225,-1,241,220,247,-1,220,241,225,-1,247,220,222,-1,227,225,243,-1,240,226,227,-1,227,243,240,-1,240,239,226,-1,229,226,239,-1,229,239,244,-1,245,212,211,-1,249,221,246,-1,242,224,228,-1,248,231,230,-1,230,249,248,-1,221,224,246,-1,230,221,249,-1,242,228,245,-1,246,224,242,-1,212,245,228,-1,248,235,219,-1,248,219,231,-1,238,219,235,-1,233,217,216,-1,216,219,238,-1,233,216,238,-1,252,253,254,-1,252,254,255,-1,256,257,258,-1,259,260,256,-1,257,261,258,-1,262,263,264,-1,257,265,261,-1,266,262,267,-1,268,254,269,-1,270,267,269,-1,269,254,270,-1,255,254,268,-1,268,271,255,-1,266,263,262,-1,270,266,267,-1,263,272,264,-1,272,273,264,-1,264,273,265,-1,256,258,259,-1,265,273,261,-1,260,274,256,-1,260,275,276,-1,275,260,259,-1,277,278,279,-1,279,280,277,-1,253,281,282,-1,283,284,285,-1,253,286,281,-1,287,282,285,-1,253,252,286,-1,288,283,289,-1,277,290,278,-1,285,284,287,-1,282,287,253,-1,288,284,283,-1,289,291,288,-1,290,289,278,-1,291,289,290,-1,280,279,292,-1,292,275,280,-1,292,293,275,-1,275,293,276,-1,293,256,274,-1,256,293,292,-1,279,257,292,-1,292,257,256,-1,265,257,279,-1,279,278,265,-1,264,265,278,-1,264,278,289,-1,283,285,267,-1,283,262,289,-1,262,283,267,-1,289,262,264,-1,269,267,285,-1,282,268,269,-1,269,285,282,-1,282,281,268,-1,271,268,281,-1,271,281,286,-1,287,254,253,-1,291,263,288,-1,284,266,270,-1,290,273,272,-1,272,291,290,-1,263,266,288,-1,272,263,291,-1,284,270,287,-1,288,266,284,-1,254,287,270,-1,290,277,261,-1,290,261,273,-1,280,261,277,-1,275,259,258,-1,258,261,280,-1,275,258,280,-1,294,295,296,-1,294,296,297,-1,298,299,300,-1,301,302,298,-1,299,303,300,-1,304,305,306,-1,299,307,303,-1,308,304,309,-1,310,296,311,-1,312,309,311,-1,311,296,312,-1,297,296,310,-1,310,313,297,-1,308,305,304,-1,312,308,309,-1,305,314,306,-1,314,315,306,-1,306,315,307,-1,298,300,301,-1,307,315,303,-1,302,316,298,-1,302,317,318,-1,317,302,301,-1,319,320,321,-1,321,322,319,-1,295,323,324,-1,325,326,327,-1,295,328,323,-1,329,324,327,-1,295,294,328,-1,330,325,331,-1,319,332,320,-1,327,326,329,-1,324,329,295,-1,330,326,325,-1,331,333,330,-1,332,331,320,-1,333,331,332,-1,322,321,334,-1,334,317,322,-1,334,335,317,-1,317,335,318,-1,335,298,316,-1,298,335,334,-1,321,299,334,-1,334,299,298,-1,307,299,321,-1,321,320,307,-1,306,307,320,-1,306,320,331,-1,325,327,309,-1,325,304,331,-1,304,325,309,-1,331,304,306,-1,311,309,327,-1,324,310,311,-1,311,327,324,-1,324,323,310,-1,313,310,323,-1,313,323,328,-1,329,296,295,-1,333,305,330,-1,326,308,312,-1,332,315,314,-1,314,333,332,-1,305,308,330,-1,314,305,333,-1,326,312,329,-1,330,308,326,-1,296,329,312,-1,332,319,303,-1,332,303,315,-1,322,303,319,-1,317,301,300,-1,300,303,322,-1,317,300,322,-1,
        ]
    }
}
Shape{
    appearance Appearance {
        material  Material 	{
            diffuseColor 0.2549019607843137 0.2549019607843137 0.2549019607843137
            specularColor 0.7529411764705882 0.7529411764705882 0.7529411764705882
            ambientIntensity 0.1176
            transparency 0.0
            shininess 0.5
        }
    }
    geometry IndexedFaceSet {
        ccw TRUE
        solid FALSE
        coord DEF co Coordinate {
            point [
                -3.0 -0.7579 0.1181, -3.0 0.5886 0.0394, -3.0 -0.7579 0.0394, -3.0 -1.6043 1.7323, -3.0 -4.6043 4.2638, -3.0 2.0453 4.2638, -3.0 0.5886 0.3465, -3.0 -1.6043 0.1181, -3.0 -3.061 1.7323, -3.0 2.0453 0.3465, -3.0 -3.9075 0.1181, -3.0 -4.6043 0.0394, -3.0 -3.9075 0.0394, -3.0 -3.061 0.1181, -2.7638 0.5886 0.3465, -2.8425 2.0453 0.3465, -2.7638 1.9665 0.3465, -2.7638 1.9665 1.5079, -2.8425 2.0453 1.5866, -2.7638 0.5886 1.5079, -2.4882 0.9429 1.5079, -2.4882 0.5886 1.5079, -2.4882 1.1004 1.5079, -2.4882 1.9665 1.5079, -2.5669 2.0453 1.5866, -2.5669 2.0453 3.5039, -2.4882 1.9665 3.5827, -2.4882 1.9665 4.0551, -2.4882 1.9665 4.2638, -2.4882 0.9429 4.2638, -2.4882 0.9429 4.0551, -2.4882 0.9429 3.5827, -2.5669 2.0453 4.1339, -2.5669 2.0453 4.3425, 2.5669 2.0453 4.3425, 2.4882 1.9665 4.2638, 2.4882 0.9429 4.2638, 2.4882 0.9429 4.0551, 1.8484 0.9429 3.8071, 2.4882 0.9429 3.5827, 2.5866 0.9429 4.0551, 2.5866 0.9429 3.5827, 0.1516 0.9429 3.689, -0.1516 0.9429 3.689, 2.4882 0.9429 1.5079, 1.6516 0.9429 3.689, -2.5866 0.9429 3.5827, 1.3484 0.9429 3.689, -2.5866 0.9429 4.0551, 1.6516 0.9429 3.8071, 1.3484 0.9429 3.8071, 1.8484 0.9429 3.689, 1.1516 0.9429 3.8071, -1.6516 0.9429 3.689, 0.8484 0.9429 3.8071, 1.1516 0.9429 3.689, 0.8484 0.9429 3.689, 0.6516 0.9429 3.8071, 0.3484 0.9429 3.8071, 0.6516 0.9429 3.689, 0.3484 0.9429 3.689, 0.1516 0.9429 3.8071, -0.1516 0.9429 3.8071, -0.3484 0.9429 3.8071, -0.3484 0.9429 3.689, -0.6516 0.9429 3.689, -0.6516 0.9429 3.8071, -0.8484 0.9429 3.8071, -0.8484 0.9429 3.689, -1.1516 0.9429 3.689, -1.1516 0.9429 3.8071, -1.3484 0.9429 3.8071, -1.8484 0.9429 3.8071, -1.6516 0.9429 3.8071, -1.3484 0.9429 3.689, -1.8484 0.9429 3.689, -2.5866 1.9665 4.0551, -2.6654 2.0453 4.1339, -2.6654 2.0453 3.5039, 2.6654 2.0453 3.5039, 2.5669 2.0453 1.5866, 2.5669 2.0453 3.5039, 2.8425 2.0453 1.5866, 3.0 2.0453 4.2638, 3.0 2.0453 0.3465, 2.8425 2.0453 0.3465, -2.9901 2.0453 4.3514, -2.961 2.0453 4.4346, 2.8518 2.0453 4.5716, 2.9141 2.0453 4.5093, 2.7771 2.0453 4.6185, 2.6063 2.0453 4.6575, 2.6939 2.0453 4.6476, 2.6654 2.0453 4.1339, 2.5669 2.0453 4.1339, -2.9141 2.0453 4.5093, -2.8518 2.0453 4.5716, -2.7771 2.0453 4.6185, -2.6939 2.0453 4.6476, -2.6063 2.0453 4.6575, 2.961 2.0453 4.4346, 2.9901 2.0453 4.3514, -1.4862 2.0453 1.5079, -1.5138 2.0453 1.2598, -1.5138 2.0453 1.5079, -1.4862 2.0453 1.2598, -0.9862 2.0453 1.5079, -1.0138 2.0453 1.2598, -1.0138 2.0453 1.5079, -0.9862 2.0453 1.2598, -0.4862 2.0453 1.5079, -0.5138 2.0453 1.2598, -0.5138 2.0453 1.5079, -0.4862 2.0453 1.2598, 0.0138 2.0453 1.5079, -0.0138 2.0453 1.2598, -0.0138 2.0453 1.5079, 0.0138 2.0453 1.2598, 0.5138 2.0453 1.5079, 0.4862 2.0453 1.2598, 0.4862 2.0453 1.5079, 0.5138 2.0453 1.2598, 1.0138 2.0453 1.5079, 0.9862 2.0453 1.2598, 0.9862 2.0453 1.5079, 1.0138 2.0453 1.2598, 1.5138 2.0453 1.5079, 1.4862 2.0453 1.2598, 1.4862 2.0453 1.5079, 1.5138 2.0453 1.2598, -1.9862 2.0453 1.5079, -1.9862 2.0453 1.2598, -2.065 2.0453 1.2598, -2.065 2.0453 1.5079, 2.065 2.0453 1.5079, 1.9862 2.0453 1.2598, 1.9862 2.0453 1.5079, 2.065 2.0453 1.2598, 2.7638 1.9665 1.5079, 2.7638 1.9665 0.3465, 3.0 0.5886 0.3465, 2.7638 0.5886 0.3465, 2.7638 0.5886 1.5079, 2.4882 1.1004 1.5079, 2.4882 0.5886 1.5079, 2.4882 1.9665 1.5079, 2.4882 1.9665 3.5827, 2.4882 1.9665 4.0551, 2.5866 1.9665 3.5827, 2.5866 1.9665 4.0551, 2.4882 0.5886 0.1181, 2.4882 1.1004 0.1181, -2.1437 1.9665 1.5079, -2.1437 1.1004 1.5079, -1.8878 1.6909 1.5079, -1.5514 2.0378 1.5079, -1.8953 1.9845 1.5079, -2.1332 2.0059 1.5079, -1.9166 2.0165 1.5079, -2.1043 2.0347 1.5079, -1.8878 1.9469 1.5079, -0.6122 1.6909 1.5079, -0.8878 1.6909 1.5079, -0.8484 1.6193 1.5079, -1.3878 1.6909 1.5079, -1.6516 1.6193 1.5079, -1.3484 1.6193 1.5079, -1.8484 1.5007 1.5079, -1.4486 2.0378 1.5079, -1.5834 2.0165 1.5079, -1.4166 2.0165 1.5079, -1.1122 1.6909 1.5079, -1.6047 1.9845 1.5079, -1.6122 1.9469 1.5079, -1.3953 1.9845 1.5079, -1.3878 1.9469 1.5079, -1.6122 1.6909 1.5079, -0.3878 1.6909 1.5079, -0.3484 1.6193 1.5079, -0.1122 1.6909 1.5079, -1.0514 2.0378 1.5079, -0.9486 2.0378 1.5079, -1.0834 2.0165 1.5079, -0.9166 2.0165 1.5079, -1.1047 1.9845 1.5079, -1.1122 1.9469 1.5079, -0.8953 1.9845 1.5079, -0.8878 1.9469 1.5079, 0.1122 1.6909 1.5079, 0.1516 1.6193 1.5079, 0.3878 1.6909 1.5079, -0.5514 2.0378 1.5079, -0.4486 2.0378 1.5079, -0.5834 2.0165 1.5079, -0.4166 2.0165 1.5079, -0.6516 1.6193 1.5079, -0.6047 1.9845 1.5079, -0.6122 1.9469 1.5079, -0.3953 1.9845 1.5079, -0.3878 1.9469 1.5079, -0.0514 2.0378 1.5079, 0.0514 2.0378 1.5079, -0.0834 2.0165 1.5079, 0.0834 2.0165 1.5079, -0.1047 1.9845 1.5079, -0.1122 1.9469 1.5079, 0.1047 1.9845 1.5079, 0.1122 1.9469 1.5079, 0.6122 1.6909 1.5079, 0.6516 1.6193 1.5079, 0.8878 1.6909 1.5079, 0.4486 2.0378 1.5079, 0.5514 2.0378 1.5079, 0.4166 2.0165 1.5079, 0.5834 2.0165 1.5079, 1.3484 1.6193 1.5079, 1.6122 1.6909 1.5079, 1.3878 1.6909 1.5079, 0.3953 1.9845 1.5079, 0.3878 1.9469 1.5079, 0.6047 1.9845 1.5079, 0.6122 1.9469 1.5079, 1.1516 1.6193 1.5079, 1.1122 1.6909 1.5079, 0.9486 2.0378 1.5079, 1.0514 2.0378 1.5079, 0.9166 2.0165 1.5079, 1.0834 2.0165 1.5079, 1.8878 1.6909 1.5079, 1.6516 1.6193 1.5079, 0.8953 1.9845 1.5079, 0.8878 1.9469 1.5079, 1.1047 1.9845 1.5079, 1.1122 1.9469 1.5079, 1.4486 2.0378 1.5079, 1.5514 2.0378 1.5079, 1.4166 2.0165 1.5079, 1.5834 2.0165 1.5079, 2.1437 1.9665 1.5079, 2.1437 1.1004 1.5079, 1.3953 1.9845 1.5079, 1.3878 1.9469 1.5079, 1.6047 1.9845 1.5079, 1.6122 1.9469 1.5079, 0.1516 1.5007 1.5079, 2.1043 2.0347 1.5079, 1.9486 2.0378 1.5079, 1.9166 2.0165 1.5079, 2.1332 2.0059 1.5079, 1.8953 1.9845 1.5079, 1.8878 1.9469 1.5079, -1.8484 1.6193 1.5079, 0.3484 1.6193 1.5079, -1.9486 2.0378 1.5079, 1.8484 1.6193 1.5079, 1.8484 1.5007 1.5079, 0.8484 1.6193 1.5079, 1.6516 1.5007 1.5079, 1.3484 1.5007 1.5079, -1.1516 1.6193 1.5079, 1.1516 1.5007 1.5079, 0.8484 1.5007 1.5079, -0.1516 1.6193 1.5079, 0.6516 1.5007 1.5079, 0.3484 1.5007 1.5079, -0.1516 1.5007 1.5079, -0.3484 1.5007 1.5079, -0.6516 1.5007 1.5079, -0.8484 1.5007 1.5079, -1.1516 1.5007 1.5079, -1.3484 1.5007 1.5079, -1.6516 1.5007 1.5079, -2.0948 2.0395 1.2541, -2.1152 2.027 1.2416, -2.1303 2.0108 1.2254, -2.1402 1.9909 1.2055, -2.1437 1.9665 1.1811, -2.1437 1.4941 0.9055, -2.1437 1.4941 0.1181, -2.1437 1.1004 0.1181, -2.1437 1.6909 0.9055, -2.4882 1.1004 0.1181, -2.4882 0.5886 0.1181, 2.1437 1.4941 0.1181, 2.1437 1.1004 0.1181, 2.1437 1.4941 0.9055, 2.1437 1.6909 0.9055, 2.1437 1.9665 1.1811, 2.1303 2.0108 1.2254, 2.1152 2.027 1.2416, 2.0948 2.0395 1.2541, 2.1402 1.9909 1.2055, -1.4132 2.0129 1.2274, -1.4 1.9943 1.2088, -1.3912 1.9725 1.187, -1.3878 1.844 1.0586, -1.6122 1.844 1.0586, -1.431 2.0283 1.2428, -1.3861 1.9469 1.1615, -1.3875 1.895 1.1095, -1.454 2.0399 1.2546, -1.3878 1.6909 0.9055, -1.6122 1.742 0.9565, -1.3878 1.742 0.9565, -1.6122 1.793 1.0076, -1.6122 1.6909 0.9055, -1.3878 1.793 1.0076, -1.6122 1.895 1.1096, -1.5868 2.0129 1.2274, -1.569 2.0283 1.2428, -1.6139 1.9469 1.1615, -1.6088 1.9725 1.187, -1.6 1.9943 1.2088, -1.546 2.0399 1.2546, -0.9132 2.0129 1.2274, -0.9 1.9943 1.2088, -0.8912 1.9725 1.187, -0.8878 1.844 1.0586, -1.1122 1.844 1.0586, -0.931 2.0283 1.2428, -0.8861 1.9469 1.1615, -0.8875 1.895 1.1095, -0.954 2.0399 1.2546, -0.8878 1.6909 0.9055, -1.1122 1.742 0.9565, -0.8878 1.742 0.9565, -1.1122 1.793 1.0076, -1.1122 1.6909 0.9055, -0.8878 1.793 1.0076, -1.1122 1.895 1.1096, -1.0868 2.0129 1.2274, -1.069 2.0283 1.2428, -1.1139 1.9469 1.1615, -1.1088 1.9725 1.187, -1.1 1.9943 1.2088, -1.046 2.0399 1.2546, -0.4132 2.0129 1.2274, -0.4 1.9943 1.2088, -0.3912 1.9725 1.187, -0.3878 1.844 1.0586, -0.6122 1.844 1.0586, -0.431 2.0283 1.2428, -0.3861 1.9469 1.1615, -0.3875 1.895 1.1095, -0.454 2.0399 1.2546, -0.3878 1.6909 0.9055, -0.6122 1.742 0.9565, -0.3878 1.742 0.9565, -0.6122 1.793 1.0076, -0.6122 1.6909 0.9055, -0.3878 1.793 1.0076, -0.6122 1.895 1.1096, -0.5868 2.0129 1.2274, -0.569 2.0283 1.2428, -0.6139 1.9469 1.1615, -0.6088 1.9725 1.187, -0.6 1.9943 1.2088, -0.546 2.0399 1.2546, 0.0868 2.0129 1.2274, 0.1 1.9943 1.2088, 0.1088 1.9725 1.187, 0.1122 1.844 1.0586, -0.1122 1.844 1.0586, 0.069 2.0283 1.2428, 0.1139 1.9469 1.1615, 0.1125 1.895 1.1095, 0.046 2.0399 1.2546, 0.1122 1.6909 0.9055, -0.1122 1.742 0.9565, 0.1122 1.742 0.9565, -0.1122 1.793 1.0076, -0.1122 1.6909 0.9055, 0.1122 1.793 1.0076, -0.1122 1.895 1.1096, -0.0868 2.0129 1.2274, -0.069 2.0283 1.2428, -0.1139 1.9469 1.1615, -0.1088 1.9725 1.187, -0.1 1.9943 1.2088, -0.046 2.0399 1.2546, 0.5868 2.0129 1.2274, 0.6 1.9943 1.2088, 0.6088 1.9725 1.187, 0.6122 1.844 1.0586, 0.3878 1.844 1.0586, 0.569 2.0283 1.2428, 0.6139 1.9469 1.1615, 0.6125 1.895 1.1095, 0.546 2.0399 1.2546, 0.6122 1.6909 0.9055, 0.3878 1.742 0.9565, 0.6122 1.742 0.9565, 0.3878 1.793 1.0076, 0.3878 1.6909 0.9055, 0.6122 1.793 1.0076, 0.3878 1.895 1.1096, 0.4132 2.0129 1.2274, 0.431 2.0283 1.2428, 0.3861 1.9469 1.1615, 0.3912 1.9725 1.187, 0.4 1.9943 1.2088, 0.454 2.0399 1.2546, 1.0868 2.0129 1.2274, 1.1 1.9943 1.2088, 1.1088 1.9725 1.187, 1.1122 1.844 1.0586, 0.8878 1.844 1.0586, 1.069 2.0283 1.2428, 1.1139 1.9469 1.1615, 1.1125 1.895 1.1095, 1.046 2.0399 1.2546, 1.1122 1.6909 0.9055, 0.8878 1.742 0.9565, 1.1122 1.742 0.9565, 0.8878 1.793 1.0076, 0.8878 1.6909 0.9055, 1.1122 1.793 1.0076, 0.8878 1.895 1.1096, 0.9132 2.0129 1.2274, 0.931 2.0283 1.2428, 0.8861 1.9469 1.1615, 0.8912 1.9725 1.187, 0.9 1.9943 1.2088, 0.954 2.0399 1.2546, 1.5868 2.0129 1.2274, 1.6 1.9943 1.2088, 1.6088 1.9725 1.187, 1.6122 1.844 1.0586, 1.3878 1.844 1.0586, 1.569 2.0283 1.2428, 1.6139 1.9469 1.1615, 1.6125 1.895 1.1095, 1.546 2.0399 1.2546, 1.6122 1.6909 0.9055, 1.3878 1.742 0.9565, 1.6122 1.742 0.9565, 1.3878 1.793 1.0076, 1.3878 1.6909 0.9055, 1.6122 1.793 1.0076, 1.3878 1.895 1.1096, 1.4132 2.0129 1.2274, 1.431 2.0283 1.2428, 1.3861 1.9469 1.1615, 1.3912 1.9725 1.187, 1.4 1.9943 1.2088, 1.454 2.0399 1.2546, -1.8878 1.9469 1.1614, -1.9 1.9943 1.2088, -1.8912 1.9725 1.187, -1.9132 2.0129 1.2274, -1.931 2.0283 1.2428, -1.954 2.0399 1.2546, -1.8878 1.6909 0.9055, 1.8878 1.9469 1.1614, 1.8878 1.6909 0.9055, 1.8912 1.9725 1.187, 1.9 1.9943 1.2088, 1.9132 2.0129 1.2274, 1.931 2.0283 1.2428, 1.954 2.0399 1.2546, 1.1516 1.6319 0.9055, 1.8484 1.6319 0.9055, 0.6516 1.6319 0.9055, 0.8484 1.6319 0.9055, 0.1516 1.6319 0.9055, 0.3484 1.6319 0.9055, -0.1516 1.6319 0.9055, -0.3484 1.6319 0.9055, 1.8484 1.5138 0.9055, 1.3484 1.5138 0.9055, 1.3484 1.6319 0.9055, 1.6516 1.5138 0.9055, 1.1516 1.5138 0.9055, 0.6516 1.5138 0.9055, 0.1516 1.5138 0.9055, -1.6516 1.6319 0.9055, -1.8484 1.6319 0.9055, -0.6516 1.6319 0.9055, 1.6516 1.6319 0.9055, -0.8484 1.6319 0.9055, -1.3484 1.6319 0.9055, -1.1516 1.6319 0.9055, 0.8484 1.5138 0.9055, 0.3484 1.5138 0.9055, -0.1516 1.5138 0.9055, -0.3484 1.5138 0.9055, -0.6516 1.5138 0.9055, -0.8484 1.5138 0.9055, -1.1516 1.5138 0.9055, -1.3484 1.5138 0.9055, -1.8484 1.5138 0.9055, -1.6516 1.5138 0.9055
            ]
        }
        coordIndex [
            0,1,2,-1,3,4,5,-1,3,6,0,-1,0,7,3,-1,4,3,8,-1,9,3,5,-1,8,10,11,-1,10,12,11,-1,8,13,10,-1,11,4,8,-1,3,9,6,-1,0,6,1,-1,14,15,16,-1,15,14,6,-1,6,9,15,-1,15,17,16,-1,17,15,18,-1,16,17,19,-1,19,14,16,-1,20,21,19,-1,22,19,17,-1,20,19,22,-1,23,22,17,-1,17,18,24,-1,17,24,23,-1,24,25,26,-1,24,26,23,-1,27,28,29,-1,29,30,27,-1,22,23,26,-1,22,26,31,-1,31,20,22,-1,32,33,28,-1,32,28,27,-1,33,34,35,-1,33,35,28,-1,28,35,36,-1,36,29,28,-1,36,37,38,-1,39,37,40,-1,40,41,39,-1,42,20,43,-1,44,45,39,-1,46,30,31,-1,44,47,45,-1,48,30,46,-1,49,36,38,-1,50,36,49,-1,51,39,45,-1,37,39,38,-1,49,45,47,-1,52,36,50,-1,31,53,20,-1,38,39,51,-1,47,50,49,-1,54,36,52,-1,52,55,56,-1,57,36,54,-1,42,44,20,-1,44,55,47,-1,52,56,54,-1,58,36,57,-1,57,59,60,-1,61,36,58,-1,44,56,55,-1,44,59,56,-1,57,60,58,-1,62,36,61,-1,61,42,43,-1,62,29,36,-1,44,60,59,-1,44,42,60,-1,61,43,62,-1,62,63,29,-1,63,64,65,-1,63,66,29,-1,20,65,64,-1,20,64,43,-1,63,65,66,-1,66,67,29,-1,67,68,69,-1,67,70,29,-1,20,69,68,-1,20,68,65,-1,67,69,70,-1,70,71,29,-1,31,30,72,-1,71,73,29,-1,20,53,74,-1,20,74,69,-1,73,72,29,-1,53,71,74,-1,29,72,30,-1,73,71,53,-1,31,72,75,-1,31,75,53,-1,76,27,30,-1,30,48,76,-1,76,77,32,-1,76,32,27,-1,5,78,18,-1,79,80,81,-1,80,79,82,-1,82,83,84,-1,85,82,84,-1,33,86,87,-1,34,88,89,-1,88,34,90,-1,34,91,92,-1,93,94,34,-1,91,34,33,-1,33,77,5,-1,9,5,18,-1,33,32,77,-1,24,78,25,-1,5,77,78,-1,78,24,18,-1,18,15,9,-1,87,95,33,-1,33,5,86,-1,33,96,97,-1,95,96,33,-1,33,98,99,-1,97,98,33,-1,99,91,33,-1,89,100,34,-1,90,34,92,-1,34,100,101,-1,83,93,34,-1,34,101,83,-1,83,79,93,-1,79,83,82,-1,102,103,104,-1,103,102,105,-1,106,107,108,-1,107,106,109,-1,110,111,112,-1,111,110,113,-1,114,115,116,-1,115,114,117,-1,118,119,120,-1,119,118,121,-1,122,123,124,-1,123,122,125,-1,126,127,128,-1,127,126,129,-1,130,131,132,-1,130,132,133,-1,134,135,136,-1,135,134,137,-1,138,82,85,-1,138,85,139,-1,85,140,141,-1,85,84,140,-1,85,141,139,-1,139,142,138,-1,142,139,141,-1,44,143,142,-1,44,142,144,-1,143,138,142,-1,143,145,138,-1,80,138,145,-1,138,80,82,-1,81,80,145,-1,81,145,146,-1,143,44,39,-1,143,39,146,-1,145,143,146,-1,35,147,37,-1,37,36,35,-1,148,146,39,-1,39,41,148,-1,148,79,81,-1,148,81,146,-1,93,148,149,-1,148,93,79,-1,94,149,147,-1,149,94,93,-1,35,94,147,-1,94,35,34,-1,147,149,40,-1,40,37,147,-1,149,148,41,-1,41,40,149,-1,150,44,144,-1,151,143,44,-1,151,44,150,-1,152,153,154,-1,102,104,155,-1,156,157,152,-1,158,159,157,-1,160,156,152,-1,154,160,152,-1,161,162,163,-1,164,165,166,-1,154,153,167,-1,168,102,155,-1,169,170,168,-1,168,155,169,-1,166,171,164,-1,169,172,170,-1,172,173,174,-1,174,170,172,-1,174,173,175,-1,173,176,175,-1,177,178,179,-1,176,164,175,-1,180,106,108,-1,181,106,180,-1,182,183,181,-1,181,180,182,-1,182,184,183,-1,184,185,186,-1,186,183,184,-1,186,185,187,-1,185,171,187,-1,188,189,190,-1,171,162,187,-1,191,110,112,-1,192,110,191,-1,193,194,192,-1,192,191,193,-1,177,195,178,-1,193,196,194,-1,196,197,198,-1,198,194,196,-1,198,197,199,-1,197,161,199,-1,20,153,22,-1,161,177,199,-1,200,114,116,-1,201,114,200,-1,202,203,201,-1,201,200,202,-1,202,204,203,-1,204,205,206,-1,206,203,204,-1,206,205,207,-1,205,179,207,-1,208,209,210,-1,179,188,207,-1,211,118,120,-1,212,118,211,-1,213,214,212,-1,212,211,213,-1,215,216,217,-1,213,218,214,-1,218,219,220,-1,220,214,218,-1,220,219,221,-1,219,190,221,-1,222,217,223,-1,190,208,221,-1,224,122,124,-1,225,122,224,-1,226,227,225,-1,225,224,226,-1,228,216,229,-1,226,230,227,-1,230,231,232,-1,232,227,230,-1,232,231,233,-1,231,210,233,-1,216,215,229,-1,210,223,233,-1,234,126,128,-1,235,126,234,-1,236,237,235,-1,235,234,236,-1,238,228,239,-1,236,240,237,-1,240,241,242,-1,242,237,240,-1,242,241,243,-1,241,217,243,-1,239,244,153,-1,217,216,243,-1,136,245,134,-1,246,245,136,-1,247,248,245,-1,245,246,247,-1,247,249,248,-1,249,250,238,-1,238,248,249,-1,250,228,238,-1,239,44,143,-1,239,20,44,-1,154,167,251,-1,239,153,20,-1,208,252,209,-1,159,158,253,-1,157,156,158,-1,253,130,159,-1,130,133,159,-1,228,229,254,-1,239,228,255,-1,223,256,222,-1,228,254,255,-1,239,255,257,-1,215,217,222,-1,257,229,258,-1,256,223,210,-1,259,163,162,-1,239,258,260,-1,257,258,239,-1,229,215,258,-1,256,210,209,-1,260,222,261,-1,252,208,190,-1,189,188,262,-1,239,261,263,-1,260,261,239,-1,222,256,261,-1,252,190,189,-1,263,209,264,-1,262,188,179,-1,239,264,244,-1,263,264,239,-1,209,252,264,-1,262,179,178,-1,244,189,265,-1,195,177,161,-1,265,266,153,-1,244,265,153,-1,189,262,265,-1,195,161,163,-1,266,178,267,-1,259,162,171,-1,267,268,153,-1,266,267,153,-1,178,195,267,-1,259,171,166,-1,268,163,269,-1,165,164,176,-1,269,270,153,-1,268,269,153,-1,163,259,269,-1,165,176,251,-1,270,166,271,-1,176,154,251,-1,271,167,153,-1,270,271,153,-1,166,165,271,-1,272,273,159,-1,133,132,272,-1,272,159,133,-1,159,273,157,-1,157,274,275,-1,273,274,157,-1,157,275,152,-1,152,275,276,-1,277,278,279,-1,280,152,276,-1,280,277,152,-1,279,153,277,-1,152,277,153,-1,281,153,279,-1,153,281,22,-1,20,22,281,-1,20,282,21,-1,282,20,281,-1,279,278,283,-1,283,284,279,-1,284,151,150,-1,279,284,282,-1,281,279,282,-1,284,150,282,-1,239,151,284,-1,239,143,151,-1,285,284,283,-1,238,239,285,-1,284,285,239,-1,238,285,286,-1,286,287,238,-1,248,288,289,-1,290,245,289,-1,248,289,245,-1,290,137,134,-1,134,245,290,-1,291,288,248,-1,248,238,291,-1,291,238,287,-1,292,293,294,-1,103,295,296,-1,297,294,298,-1,294,297,292,-1,298,299,297,-1,300,297,299,-1,105,299,295,-1,299,105,300,-1,301,302,303,-1,304,303,302,-1,305,302,301,-1,306,303,304,-1,296,306,304,-1,296,307,103,-1,296,295,306,-1,308,309,310,-1,311,312,310,-1,308,310,312,-1,310,313,307,-1,310,309,313,-1,313,103,307,-1,103,105,295,-1,314,315,316,-1,107,317,318,-1,319,316,320,-1,316,319,314,-1,320,321,319,-1,322,319,321,-1,109,321,317,-1,321,109,322,-1,323,324,325,-1,326,325,324,-1,327,324,323,-1,328,325,326,-1,318,328,326,-1,318,329,107,-1,318,317,328,-1,330,331,332,-1,333,334,332,-1,330,332,334,-1,332,335,329,-1,332,331,335,-1,335,107,329,-1,107,109,317,-1,336,337,338,-1,111,339,340,-1,341,338,342,-1,338,341,336,-1,342,343,341,-1,344,341,343,-1,113,343,339,-1,343,113,344,-1,345,346,347,-1,348,347,346,-1,349,346,345,-1,350,347,348,-1,340,350,348,-1,340,351,111,-1,340,339,350,-1,352,353,354,-1,355,356,354,-1,352,354,356,-1,354,357,351,-1,354,353,357,-1,357,111,351,-1,111,113,339,-1,358,359,360,-1,115,361,362,-1,363,360,364,-1,360,363,358,-1,364,365,363,-1,366,363,365,-1,117,365,361,-1,365,117,366,-1,367,368,369,-1,370,369,368,-1,371,368,367,-1,372,369,370,-1,362,372,370,-1,362,373,115,-1,362,361,372,-1,374,375,376,-1,377,378,376,-1,374,376,378,-1,376,379,373,-1,376,375,379,-1,379,115,373,-1,115,117,361,-1,380,381,382,-1,119,383,384,-1,385,382,386,-1,382,385,380,-1,386,387,385,-1,388,385,387,-1,121,387,383,-1,387,121,388,-1,389,390,391,-1,392,391,390,-1,393,390,389,-1,394,391,392,-1,384,394,392,-1,384,395,119,-1,384,383,394,-1,396,397,398,-1,399,400,398,-1,396,398,400,-1,398,401,395,-1,398,397,401,-1,401,119,395,-1,119,121,383,-1,402,403,404,-1,123,405,406,-1,407,404,408,-1,404,407,402,-1,408,409,407,-1,410,407,409,-1,125,409,405,-1,409,125,410,-1,411,412,413,-1,414,413,412,-1,415,412,411,-1,416,413,414,-1,406,416,414,-1,406,417,123,-1,406,405,416,-1,418,419,420,-1,421,422,420,-1,418,420,422,-1,420,423,417,-1,420,419,423,-1,423,123,417,-1,123,125,405,-1,424,425,426,-1,127,427,428,-1,429,426,430,-1,426,429,424,-1,430,431,429,-1,432,429,431,-1,129,431,427,-1,431,129,432,-1,433,434,435,-1,436,435,434,-1,437,434,433,-1,438,435,436,-1,428,438,436,-1,428,439,127,-1,428,427,438,-1,440,441,442,-1,443,444,442,-1,440,442,444,-1,442,445,439,-1,442,441,445,-1,445,127,439,-1,127,129,427,-1,446,447,448,-1,449,446,450,-1,447,446,449,-1,131,451,446,-1,446,451,450,-1,276,446,280,-1,452,280,446,-1,446,276,131,-1,274,276,275,-1,131,276,132,-1,276,273,272,-1,274,273,276,-1,276,272,132,-1,453,286,454,-1,286,453,287,-1,455,456,453,-1,457,453,456,-1,453,458,459,-1,457,458,453,-1,459,135,453,-1,453,135,287,-1,290,287,137,-1,287,135,137,-1,288,287,289,-1,287,290,289,-1,287,288,291,-1,170,293,292,-1,168,170,297,-1,292,297,170,-1,300,102,168,-1,168,297,300,-1,105,102,300,-1,170,174,293,-1,294,174,175,-1,174,294,293,-1,294,175,298,-1,299,175,164,-1,299,298,175,-1,299,164,295,-1,164,301,303,-1,164,306,295,-1,164,303,306,-1,327,301,164,-1,164,171,327,-1,460,415,411,-1,433,454,461,-1,389,462,393,-1,462,389,463,-1,464,367,465,-1,371,367,464,-1,466,467,345,-1,461,286,285,-1,285,468,461,-1,469,470,471,-1,472,463,460,-1,473,465,462,-1,464,474,466,-1,475,476,452,-1,466,371,464,-1,349,467,477,-1,460,411,470,-1,433,461,478,-1,477,479,323,-1,285,471,468,-1,471,470,478,-1,471,285,469,-1,437,433,478,-1,454,286,461,-1,437,478,470,-1,469,285,472,-1,480,301,481,-1,472,285,482,-1,349,345,467,-1,411,437,470,-1,482,463,472,-1,482,285,473,-1,463,415,460,-1,473,285,483,-1,327,323,479,-1,389,415,463,-1,483,465,473,-1,483,285,474,-1,465,393,462,-1,474,285,484,-1,480,305,301,-1,367,393,465,-1,484,466,474,-1,285,277,484,-1,277,485,484,-1,280,452,476,-1,467,485,477,-1,345,371,466,-1,486,477,485,-1,277,486,485,-1,277,487,486,-1,481,327,479,-1,479,487,481,-1,323,349,477,-1,488,481,487,-1,277,488,487,-1,277,489,488,-1,490,277,476,-1,480,489,475,-1,301,327,481,-1,491,475,489,-1,277,491,489,-1,480,475,305,-1,277,490,491,-1,277,280,476,-1,452,305,475,-1,454,433,216,-1,216,228,454,-1,431,243,216,-1,431,430,243,-1,431,216,427,-1,216,433,435,-1,216,438,427,-1,216,435,438,-1,237,425,424,-1,235,237,429,-1,424,429,237,-1,432,126,235,-1,235,429,432,-1,129,126,432,-1,237,242,425,-1,426,242,243,-1,242,426,425,-1,426,243,430,-1,228,250,453,-1,228,453,454,-1,458,247,246,-1,136,459,246,-1,458,246,459,-1,135,459,136,-1,457,247,458,-1,247,456,249,-1,456,247,457,-1,250,249,455,-1,456,455,249,-1,250,455,453,-1,437,411,223,-1,223,217,437,-1,409,233,223,-1,409,408,233,-1,409,223,405,-1,223,411,413,-1,223,416,405,-1,223,413,416,-1,227,403,402,-1,225,227,407,-1,402,407,227,-1,410,122,225,-1,225,407,410,-1,125,122,410,-1,227,232,403,-1,404,232,233,-1,232,404,403,-1,404,233,408,-1,439,217,241,-1,217,436,434,-1,217,434,437,-1,217,439,428,-1,436,217,428,-1,442,439,241,-1,441,236,234,-1,128,445,234,-1,441,234,445,-1,127,445,128,-1,440,236,441,-1,236,444,240,-1,444,236,440,-1,241,240,443,-1,444,443,240,-1,241,443,442,-1,415,389,208,-1,208,210,415,-1,387,221,208,-1,387,386,221,-1,387,208,383,-1,208,389,391,-1,208,394,383,-1,208,391,394,-1,214,381,380,-1,212,214,385,-1,380,385,214,-1,388,118,212,-1,212,385,388,-1,121,118,388,-1,214,220,381,-1,382,220,221,-1,220,382,381,-1,382,221,386,-1,417,210,231,-1,210,414,412,-1,210,412,415,-1,210,417,406,-1,414,210,406,-1,420,417,231,-1,419,226,224,-1,124,423,224,-1,419,224,423,-1,123,423,124,-1,418,226,419,-1,226,422,230,-1,422,226,418,-1,231,230,421,-1,422,421,230,-1,231,421,420,-1,393,367,188,-1,188,190,393,-1,365,207,188,-1,365,364,207,-1,365,188,361,-1,188,367,369,-1,188,372,361,-1,188,369,372,-1,203,359,358,-1,201,203,363,-1,358,363,203,-1,366,114,201,-1,201,363,366,-1,117,114,366,-1,203,206,359,-1,360,206,207,-1,206,360,359,-1,360,207,364,-1,395,190,219,-1,190,392,390,-1,190,390,393,-1,190,395,384,-1,392,190,384,-1,398,395,219,-1,397,213,211,-1,120,401,211,-1,397,211,401,-1,119,401,120,-1,396,213,397,-1,213,400,218,-1,400,213,396,-1,219,218,399,-1,400,399,218,-1,219,399,398,-1,371,345,177,-1,177,179,371,-1,343,199,177,-1,343,342,199,-1,343,177,339,-1,177,345,347,-1,177,350,339,-1,177,347,350,-1,194,337,336,-1,192,194,341,-1,336,341,194,-1,344,110,192,-1,192,341,344,-1,113,110,344,-1,194,198,337,-1,338,198,199,-1,198,338,337,-1,338,199,342,-1,373,179,205,-1,179,370,368,-1,179,368,371,-1,179,373,362,-1,370,179,362,-1,376,373,205,-1,375,202,200,-1,116,379,200,-1,375,200,379,-1,115,379,116,-1,374,202,375,-1,202,378,204,-1,378,202,374,-1,205,204,377,-1,378,377,204,-1,205,377,376,-1,349,323,162,-1,162,161,349,-1,321,187,162,-1,321,320,187,-1,321,162,317,-1,162,323,325,-1,162,328,317,-1,162,325,328,-1,183,315,314,-1,181,183,319,-1,314,319,183,-1,322,106,181,-1,181,319,322,-1,109,106,322,-1,183,186,315,-1,316,186,187,-1,186,316,315,-1,316,187,320,-1,351,161,197,-1,161,348,346,-1,161,346,349,-1,161,351,340,-1,348,161,340,-1,354,351,197,-1,353,193,191,-1,112,357,191,-1,353,191,357,-1,111,357,112,-1,352,193,353,-1,193,356,196,-1,356,193,352,-1,197,196,355,-1,356,355,196,-1,197,355,354,-1,305,154,176,-1,305,452,154,-1,154,452,446,-1,446,160,154,-1,158,447,449,-1,253,158,450,-1,449,450,158,-1,451,130,253,-1,253,450,451,-1,131,130,451,-1,158,156,447,-1,448,156,160,-1,156,448,447,-1,448,160,446,-1,307,176,173,-1,176,304,302,-1,176,302,305,-1,176,307,296,-1,304,176,296,-1,310,307,173,-1,309,169,155,-1,104,313,155,-1,309,155,313,-1,103,313,104,-1,308,169,309,-1,169,312,172,-1,312,169,308,-1,173,172,311,-1,312,311,172,-1,173,311,310,-1,278,277,285,-1,278,285,283,-1,
        ]
    }
}
Shape{
    appearance Appearance {
        material  Material 	{
            diffuseColor 0.8117647058823529 0.8117647058823529 0.8117647058823529
            specularColor 0.7529411764705882 0.7529411764705882 0.7529411764705882
            ambientIntensity 0.1176
            transparency 0.0
            shininess 0.5
        }
    }
    geometry IndexedFaceSet {
        ccw TRUE
        solid FALSE
        coord DEF co Coordinate {
            point [
                -1.6516 0.9429 3.689, -1.6516 0.9508 3.8071, -1.6516 0.9429 3.8071, -1.6516 1.0561 3.6568, -1.6516 1.0851 3.6329, -1.6516 1.0697 3.7831, -1.6516 1.0116 3.801, -1.6516 1.0234 3.6745, -1.6516 1.126 3.5708, -1.6516 1.1697 3.7153, -1.6516 1.1229 3.7543, -1.6516 1.1086 3.6038, -1.6516 1.1366 3.5344, -1.6516 1.2079 3.6679, -1.6516 1.3351 3.1109, -1.6516 1.2527 3.5559, -1.6516 1.219 3.0894, -1.6516 1.2357 3.6145, -1.6516 1.3837 2.1995, -1.6516 1.5013 2.2212, -1.6516 1.4175 2.666, -1.6516 1.5779 1.7754, -1.6516 1.4619 1.7539, -1.6516 1.4816 1.6309, -1.6516 1.5007 1.5079, -1.6516 1.599 1.6417, -1.6516 1.6193 1.5079, -1.6516 1.3013 2.6445, -1.6516 0.9882 3.6852, -1.6516 0.9508 3.689, -1.6516 1.8091 0.1181, -1.6516 1.7326 0.0101, -1.6516 1.8091 0.0, -1.6516 1.6614 0.0396, -1.6516 1.7543 0.1268, -1.6516 1.5533 0.1476, -1.6516 1.6406 0.2405, -1.6516 1.5238 0.2189, -1.6516 1.7049 0.1519, -1.6516 2.6358 0.1181, -1.6516 2.6358 0.0, -1.6516 1.6003 0.0865, -1.6516 1.6657 0.1911, -1.6516 1.6319 0.2953, -1.6516 1.5138 0.2953, -1.6516 1.6319 0.9055, -1.6516 1.5138 0.9055, -1.8484 0.9508 3.8071, -1.8484 0.9429 3.8071, -1.8484 0.9508 3.689, -1.8484 0.9429 3.689, -1.8484 1.2527 3.5559, -1.8484 1.219 3.0894, -1.8484 1.1366 3.5344, -1.8484 1.3351 3.1109, -1.8484 1.3013 2.6445, -1.8484 1.2357 3.6145, -1.8484 1.2074 3.6686, -1.8484 1.1693 3.7157, -1.8484 1.4998 2.221, -1.8484 1.3849 2.1997, -1.8484 1.4175 2.666, -1.8484 1.0856 3.6323, -1.8484 1.0689 3.7834, -1.8484 1.1227 3.7545, -1.8484 1.5779 1.7754, -1.8484 1.5007 1.5079, -1.8484 1.4816 1.6309, -1.8484 1.4619 1.7539, -1.8484 1.599 1.6417, -1.8484 1.6193 1.5079, -1.8484 1.0569 3.6563, -1.8484 1.0238 3.6743, -1.8484 1.126 3.5708, -1.8484 1.109 3.6034, -1.8484 0.9882 3.6852, -1.8484 1.0114 3.801, -1.8484 1.5533 0.1476, -1.8484 1.5238 0.2189, -1.8484 1.6406 0.2405, -1.8484 1.6657 0.1911, -1.8484 1.6003 0.0865, -1.8484 1.6614 0.0396, -1.8484 1.7049 0.1519, -1.8484 1.7543 0.1268, -1.8484 1.8091 0.1181, -1.8484 1.7326 0.0101, -1.8484 2.6358 0.1181, -1.8484 2.6358 0.0, -1.8484 1.8091 0.0, -1.8484 1.5138 0.2953, -1.8484 1.6319 0.2953, -1.8484 1.5138 0.9055, -1.8484 1.6319 0.9055, -1.1516 0.9429 3.689, -1.1516 0.9508 3.8071, -1.1516 0.9429 3.8071, -1.1516 1.0561 3.6568, -1.1516 1.0851 3.6329, -1.1516 1.0697 3.7831, -1.1516 1.0116 3.801, -1.1516 1.0234 3.6745, -1.1516 1.126 3.5708, -1.1516 1.1697 3.7153, -1.1516 1.1229 3.7543, -1.1516 1.1086 3.6038, -1.1516 1.1366 3.5344, -1.1516 1.2079 3.6679, -1.1516 1.3351 3.1109, -1.1516 1.2527 3.5559, -1.1516 1.219 3.0894, -1.1516 1.2357 3.6145, -1.1516 1.3837 2.1995, -1.1516 1.5013 2.2212, -1.1516 1.4175 2.666, -1.1516 1.5779 1.7754, -1.1516 1.4619 1.7539, -1.1516 1.4816 1.6309, -1.1516 1.5007 1.5079, -1.1516 1.599 1.6417, -1.1516 1.6193 1.5079, -1.1516 1.3013 2.6445, -1.1516 0.9882 3.6852, -1.1516 0.9508 3.689, -1.1516 1.8091 0.1181, -1.1516 1.7326 0.0101, -1.1516 1.8091 0.0, -1.1516 1.6614 0.0396, -1.1516 1.7543 0.1268, -1.1516 1.5533 0.1476, -1.1516 1.6406 0.2405, -1.1516 1.5238 0.2189, -1.1516 1.7049 0.1519, -1.1516 2.6358 0.1181, -1.1516 2.6358 0.0, -1.1516 1.6003 0.0865, -1.1516 1.6657 0.1911, -1.1516 1.6319 0.2953, -1.1516 1.5138 0.2953, -1.1516 1.6319 0.9055, -1.1516 1.5138 0.9055, -1.3484 0.9508 3.8071, -1.3484 0.9429 3.8071, -1.3484 0.9508 3.689, -1.3484 0.9429 3.689, -1.3484 1.2527 3.5559, -1.3484 1.219 3.0894, -1.3484 1.1366 3.5344, -1.3484 1.3351 3.1109, -1.3484 1.3013 2.6445, -1.3484 1.2357 3.6145, -1.3484 1.2074 3.6686, -1.3484 1.1693 3.7157, -1.3484 1.4998 2.221, -1.3484 1.3849 2.1997, -1.3484 1.4175 2.666, -1.3484 1.0856 3.6323, -1.3484 1.0689 3.7834, -1.3484 1.1227 3.7545, -1.3484 1.5779 1.7754, -1.3484 1.5007 1.5079, -1.3484 1.4816 1.6309, -1.3484 1.4619 1.7539, -1.3484 1.599 1.6417, -1.3484 1.6193 1.5079, -1.3484 1.0569 3.6563, -1.3484 1.0238 3.6743, -1.3484 1.126 3.5708, -1.3484 1.109 3.6034, -1.3484 0.9882 3.6852, -1.3484 1.0114 3.801, -1.3484 1.5533 0.1476, -1.3484 1.5238 0.2189, -1.3484 1.6406 0.2405, -1.3484 1.6657 0.1911, -1.3484 1.6003 0.0865, -1.3484 1.6614 0.0396, -1.3484 1.7049 0.1519, -1.3484 1.7543 0.1268, -1.3484 1.8091 0.1181, -1.3484 1.7326 0.0101, -1.3484 2.6358 0.1181, -1.3484 2.6358 0.0, -1.3484 1.8091 0.0, -1.3484 1.5138 0.2953, -1.3484 1.6319 0.2953, -1.3484 1.5138 0.9055, -1.3484 1.6319 0.9055, -0.6516 0.9429 3.689, -0.6516 0.9508 3.8071, -0.6516 0.9429 3.8071, -0.6516 1.0561 3.6568, -0.6516 1.0851 3.6329, -0.6516 1.0697 3.7831, -0.6516 1.0116 3.801, -0.6516 1.0234 3.6745, -0.6516 1.126 3.5708, -0.6516 1.1697 3.7153, -0.6516 1.1229 3.7543, -0.6516 1.1086 3.6038, -0.6516 1.1366 3.5344, -0.6516 1.2079 3.6679, -0.6516 1.3351 3.1109, -0.6516 1.2527 3.5559, -0.6516 1.219 3.0894, -0.6516 1.2357 3.6145, -0.6516 1.3837 2.1995, -0.6516 1.5013 2.2212, -0.6516 1.4175 2.666, -0.6516 1.5779 1.7754, -0.6516 1.4619 1.7539, -0.6516 1.4816 1.6309, -0.6516 1.5007 1.5079, -0.6516 1.599 1.6417, -0.6516 1.6193 1.5079, -0.6516 1.3013 2.6445, -0.6516 0.9882 3.6852, -0.6516 0.9508 3.689, -0.6516 1.8091 0.1181, -0.6516 1.7326 0.0101, -0.6516 1.8091 0.0, -0.6516 1.6614 0.0396, -0.6516 1.7543 0.1268, -0.6516 1.5533 0.1476, -0.6516 1.6406 0.2405, -0.6516 1.5238 0.2189, -0.6516 1.7049 0.1519, -0.6516 2.6358 0.1181, -0.6516 2.6358 0.0, -0.6516 1.6003 0.0865, -0.6516 1.6657 0.1911, -0.6516 1.6319 0.2953, -0.6516 1.5138 0.2953, -0.6516 1.6319 0.9055, -0.6516 1.5138 0.9055, -0.8484 0.9508 3.8071, -0.8484 0.9429 3.8071, -0.8484 0.9508 3.689, -0.8484 0.9429 3.689, -0.8484 1.2527 3.5559, -0.8484 1.219 3.0894, -0.8484 1.1366 3.5344, -0.8484 1.3351 3.1109, -0.8484 1.3013 2.6445, -0.8484 1.2357 3.6145, -0.8484 1.2074 3.6686, -0.8484 1.1693 3.7157, -0.8484 1.4998 2.221, -0.8484 1.3849 2.1997, -0.8484 1.4175 2.666, -0.8484 1.0856 3.6323, -0.8484 1.0689 3.7834, -0.8484 1.1227 3.7545, -0.8484 1.5779 1.7754, -0.8484 1.5007 1.5079, -0.8484 1.4816 1.6309, -0.8484 1.4619 1.7539, -0.8484 1.599 1.6417, -0.8484 1.6193 1.5079, -0.8484 1.0569 3.6563, -0.8484 1.0238 3.6743, -0.8484 1.126 3.5708, -0.8484 1.109 3.6034, -0.8484 0.9882 3.6852, -0.8484 1.0114 3.801, -0.8484 1.5533 0.1476, -0.8484 1.5238 0.2189, -0.8484 1.6406 0.2405, -0.8484 1.6657 0.1911, -0.8484 1.6003 0.0865, -0.8484 1.6614 0.0396, -0.8484 1.7049 0.1519, -0.8484 1.7543 0.1268, -0.8484 1.8091 0.1181, -0.8484 1.7326 0.0101, -0.8484 2.6358 0.1181, -0.8484 2.6358 0.0, -0.8484 1.8091 0.0, -0.8484 1.5138 0.2953, -0.8484 1.6319 0.2953, -0.8484 1.5138 0.9055, -0.8484 1.6319 0.9055, -0.1516 0.9429 3.689, -0.1516 0.9508 3.8071, -0.1516 0.9429 3.8071, -0.1516 1.0561 3.6568, -0.1516 1.0851 3.6329, -0.1516 1.0697 3.7831, -0.1516 1.0116 3.801, -0.1516 1.0234 3.6745, -0.1516 1.126 3.5708, -0.1516 1.1697 3.7153, -0.1516 1.1229 3.7543, -0.1516 1.1086 3.6038, -0.1516 1.1366 3.5344, -0.1516 1.2079 3.6679, -0.1516 1.3351 3.1109, -0.1516 1.2527 3.5559, -0.1516 1.219 3.0894, -0.1516 1.2357 3.6145, -0.1516 1.3837 2.1995, -0.1516 1.5013 2.2212, -0.1516 1.4175 2.666, -0.1516 1.5779 1.7754, -0.1516 1.4619 1.7539, -0.1516 1.4816 1.6309, -0.1516 1.5007 1.5079, -0.1516 1.599 1.6417, -0.1516 1.6193 1.5079, -0.1516 1.3013 2.6445, -0.1516 0.9882 3.6852, -0.1516 0.9508 3.689, -0.1516 1.8091 0.1181, -0.1516 1.7326 0.0101, -0.1516 1.8091 0.0, -0.1516 1.6614 0.0396, -0.1516 1.7543 0.1268, -0.1516 1.5533 0.1476, -0.1516 1.6406 0.2405, -0.1516 1.5238 0.2189, -0.1516 1.7049 0.1519, -0.1516 2.6358 0.1181, -0.1516 2.6358 0.0, -0.1516 1.6003 0.0865, -0.1516 1.6657 0.1911, -0.1516 1.6319 0.2953, -0.1516 1.5138 0.2953, -0.1516 1.6319 0.9055, -0.1516 1.5138 0.9055, -0.3484 0.9508 3.8071, -0.3484 0.9429 3.8071, -0.3484 0.9508 3.689, -0.3484 0.9429 3.689, -0.3484 1.2527 3.5559, -0.3484 1.219 3.0894, -0.3484 1.1366 3.5344, -0.3484 1.3351 3.1109, -0.3484 1.3013 2.6445, -0.3484 1.2357 3.6145, -0.3484 1.2074 3.6686, -0.3484 1.1693 3.7157, -0.3484 1.4998 2.221, -0.3484 1.3849 2.1997, -0.3484 1.4175 2.666, -0.3484 1.0856 3.6323, -0.3484 1.0689 3.7834, -0.3484 1.1227 3.7545, -0.3484 1.5779 1.7754, -0.3484 1.5007 1.5079, -0.3484 1.4816 1.6309, -0.3484 1.4619 1.7539, -0.3484 1.599 1.6417, -0.3484 1.6193 1.5079, -0.3484 1.0569 3.6563, -0.3484 1.0238 3.6743, -0.3484 1.126 3.5708, -0.3484 1.109 3.6034, -0.3484 0.9882 3.6852, -0.3484 1.0114 3.801, -0.3484 1.5533 0.1476, -0.3484 1.5238 0.2189, -0.3484 1.6406 0.2405, -0.3484 1.6657 0.1911, -0.3484 1.6003 0.0865, -0.3484 1.6614 0.0396, -0.3484 1.7049 0.1519, -0.3484 1.7543 0.1268, -0.3484 1.8091 0.1181, -0.3484 1.7326 0.0101, -0.3484 2.6358 0.1181, -0.3484 2.6358 0.0, -0.3484 1.8091 0.0, -0.3484 1.5138 0.2953, -0.3484 1.6319 0.2953, -0.3484 1.5138 0.9055, -0.3484 1.6319 0.9055, 0.3484 0.9429 3.689, 0.3484 0.9508 3.8071, 0.3484 0.9429 3.8071, 0.3484 1.0561 3.6568, 0.3484 1.0851 3.6329, 0.3484 1.0697 3.7831, 0.3484 1.0116 3.801, 0.3484 1.0234 3.6745, 0.3484 1.126 3.5708, 0.3484 1.1697 3.7153, 0.3484 1.1229 3.7543, 0.3484 1.1086 3.6038, 0.3484 1.1366 3.5344, 0.3484 1.2079 3.6679, 0.3484 1.3351 3.1109, 0.3484 1.2527 3.5559, 0.3484 1.219 3.0894, 0.3484 1.2357 3.6145, 0.3484 1.3837 2.1995, 0.3484 1.5013 2.2212, 0.3484 1.4175 2.666, 0.3484 1.5779 1.7754, 0.3484 1.4619 1.7539, 0.3484 1.4816 1.6309, 0.3484 1.5007 1.5079, 0.3484 1.599 1.6417, 0.3484 1.6193 1.5079, 0.3484 1.3013 2.6445, 0.3484 0.9882 3.6852, 0.3484 0.9508 3.689, 0.3484 1.8091 0.1181, 0.3484 1.7326 0.0101, 0.3484 1.8091 0.0, 0.3484 1.6614 0.0396, 0.3484 1.7543 0.1268, 0.3484 1.5533 0.1476, 0.3484 1.6406 0.2405, 0.3484 1.5238 0.2189, 0.3484 1.7049 0.1519, 0.3484 2.6358 0.1181, 0.3484 2.6358 0.0, 0.3484 1.6003 0.0865, 0.3484 1.6657 0.1911, 0.3484 1.6319 0.2953, 0.3484 1.5138 0.2953, 0.3484 1.6319 0.9055, 0.3484 1.5138 0.9055, 0.1516 0.9508 3.8071, 0.1516 0.9429 3.8071, 0.1516 0.9508 3.689, 0.1516 0.9429 3.689, 0.1516 1.2527 3.5559, 0.1516 1.219 3.0894, 0.1516 1.1366 3.5344, 0.1516 1.3351 3.1109, 0.1516 1.3013 2.6445, 0.1516 1.2357 3.6145, 0.1516 1.2074 3.6686, 0.1516 1.1693 3.7157, 0.1516 1.4998 2.221, 0.1516 1.3849 2.1997, 0.1516 1.4175 2.666, 0.1516 1.0856 3.6323, 0.1516 1.0689 3.7834, 0.1516 1.1227 3.7545, 0.1516 1.5779 1.7754, 0.1516 1.5007 1.5079, 0.1516 1.4816 1.6309, 0.1516 1.4619 1.7539, 0.1516 1.599 1.6417, 0.1516 1.6193 1.5079, 0.1516 1.0569 3.6563, 0.1516 1.0238 3.6743, 0.1516 1.126 3.5708, 0.1516 1.109 3.6034, 0.1516 0.9882 3.6852, 0.1516 1.0114 3.801, 0.1516 1.5533 0.1476, 0.1516 1.5238 0.2189, 0.1516 1.6406 0.2405, 0.1516 1.6657 0.1911, 0.1516 1.6003 0.0865, 0.1516 1.6614 0.0396, 0.1516 1.7049 0.1519, 0.1516 1.7543 0.1268, 0.1516 1.8091 0.1181, 0.1516 1.7326 0.0101, 0.1516 2.6358 0.1181, 0.1516 2.6358 0.0, 0.1516 1.8091 0.0, 0.1516 1.5138 0.2953, 0.1516 1.6319 0.2953, 0.1516 1.5138 0.9055, 0.1516 1.6319 0.9055, 0.8484 0.9429 3.689, 0.8484 0.9508 3.8071, 0.8484 0.9429 3.8071, 0.8484 1.0561 3.6568, 0.8484 1.0851 3.6329, 0.8484 1.0697 3.7831, 0.8484 1.0116 3.801, 0.8484 1.0234 3.6745, 0.8484 1.126 3.5708, 0.8484 1.1697 3.7153, 0.8484 1.1229 3.7543, 0.8484 1.1086 3.6038, 0.8484 1.1366 3.5344, 0.8484 1.2079 3.6679, 0.8484 1.3351 3.1109, 0.8484 1.2527 3.5559, 0.8484 1.219 3.0894, 0.8484 1.2357 3.6145, 0.8484 1.3837 2.1995, 0.8484 1.5013 2.2212, 0.8484 1.4175 2.666, 0.8484 1.5779 1.7754, 0.8484 1.4619 1.7539, 0.8484 1.4816 1.6309, 0.8484 1.5007 1.5079, 0.8484 1.599 1.6417, 0.8484 1.6193 1.5079, 0.8484 1.3013 2.6445, 0.8484 0.9882 3.6852, 0.8484 0.9508 3.689, 0.8484 1.8091 0.1181, 0.8484 1.7326 0.0101, 0.8484 1.8091 0.0, 0.8484 1.6614 0.0396, 0.8484 1.7543 0.1268, 0.8484 1.5533 0.1476, 0.8484 1.6406 0.2405, 0.8484 1.5238 0.2189, 0.8484 1.7049 0.1519, 0.8484 2.6358 0.1181, 0.8484 2.6358 0.0, 0.8484 1.6003 0.0865, 0.8484 1.6657 0.1911, 0.8484 1.6319 0.2953, 0.8484 1.5138 0.2953, 0.8484 1.6319 0.9055, 0.8484 1.5138 0.9055, 0.6516 0.9508 3.8071, 0.6516 0.9429 3.8071, 0.6516 0.9508 3.689, 0.6516 0.9429 3.689, 0.6516 1.2527 3.5559, 0.6516 1.219 3.0894, 0.6516 1.1366 3.5344, 0.6516 1.3351 3.1109, 0.6516 1.3013 2.6445, 0.6516 1.2357 3.6145, 0.6516 1.2074 3.6686, 0.6516 1.1693 3.7157, 0.6516 1.4998 2.221, 0.6516 1.3849 2.1997, 0.6516 1.4175 2.666, 0.6516 1.0856 3.6323, 0.6516 1.0689 3.7834, 0.6516 1.1227 3.7545, 0.6516 1.5779 1.7754, 0.6516 1.5007 1.5079, 0.6516 1.4816 1.6309, 0.6516 1.4619 1.7539, 0.6516 1.599 1.6417, 0.6516 1.6193 1.5079, 0.6516 1.0569 3.6563, 0.6516 1.0238 3.6743, 0.6516 1.126 3.5708, 0.6516 1.109 3.6034, 0.6516 0.9882 3.6852, 0.6516 1.0114 3.801, 0.6516 1.5533 0.1476, 0.6516 1.5238 0.2189, 0.6516 1.6406 0.2405, 0.6516 1.6657 0.1911, 0.6516 1.6003 0.0865, 0.6516 1.6614 0.0396, 0.6516 1.7049 0.1519, 0.6516 1.7543 0.1268, 0.6516 1.8091 0.1181, 0.6516 1.7326 0.0101, 0.6516 2.6358 0.1181, 0.6516 2.6358 0.0, 0.6516 1.8091 0.0, 0.6516 1.5138 0.2953, 0.6516 1.6319 0.2953, 0.6516 1.5138 0.9055, 0.6516 1.6319 0.9055, 1.3484 0.9429 3.689, 1.3484 0.9508 3.8071, 1.3484 0.9429 3.8071, 1.3484 1.0561 3.6568, 1.3484 1.0851 3.6329, 1.3484 1.0697 3.7831, 1.3484 1.0116 3.801, 1.3484 1.0234 3.6745, 1.3484 1.126 3.5708, 1.3484 1.1697 3.7153, 1.3484 1.1229 3.7543, 1.3484 1.1086 3.6038, 1.3484 1.1366 3.5344, 1.3484 1.2079 3.6679, 1.3484 1.3351 3.1109, 1.3484 1.2527 3.5559, 1.3484 1.219 3.0894, 1.3484 1.2357 3.6145, 1.3484 1.3837 2.1995, 1.3484 1.5013 2.2212, 1.3484 1.4175 2.666, 1.3484 1.5779 1.7754, 1.3484 1.4619 1.7539, 1.3484 1.4816 1.6309, 1.3484 1.5007 1.5079, 1.3484 1.599 1.6417, 1.3484 1.6193 1.5079, 1.3484 1.3013 2.6445, 1.3484 0.9882 3.6852, 1.3484 0.9508 3.689, 1.3484 1.8091 0.1181, 1.3484 1.7326 0.0101, 1.3484 1.8091 0.0, 1.3484 1.6614 0.0396, 1.3484 1.7543 0.1268, 1.3484 1.5533 0.1476, 1.3484 1.6406 0.2405, 1.3484 1.5238 0.2189, 1.3484 1.7049 0.1519, 1.3484 2.6358 0.1181, 1.3484 2.6358 0.0, 1.3484 1.6003 0.0865, 1.3484 1.6657 0.1911, 1.3484 1.6319 0.2953, 1.3484 1.5138 0.2953, 1.3484 1.6319 0.9055, 1.3484 1.5138 0.9055, 1.1516 0.9508 3.8071, 1.1516 0.9429 3.8071, 1.1516 0.9508 3.689, 1.1516 0.9429 3.689, 1.1516 1.2527 3.5559, 1.1516 1.219 3.0894, 1.1516 1.1366 3.5344, 1.1516 1.3351 3.1109, 1.1516 1.3013 2.6445, 1.1516 1.2357 3.6145, 1.1516 1.2074 3.6686, 1.1516 1.1693 3.7157, 1.1516 1.4998 2.221, 1.1516 1.3849 2.1997, 1.1516 1.4175 2.666, 1.1516 1.0856 3.6323, 1.1516 1.0689 3.7834, 1.1516 1.1227 3.7545, 1.1516 1.5779 1.7754, 1.1516 1.5007 1.5079, 1.1516 1.4816 1.6309, 1.1516 1.4619 1.7539, 1.1516 1.599 1.6417, 1.1516 1.6193 1.5079, 1.1516 1.0569 3.6563, 1.1516 1.0238 3.6743, 1.1516 1.126 3.5708, 1.1516 1.109 3.6034, 1.1516 0.9882 3.6852, 1.1516 1.0114 3.801, 1.1516 1.5533 0.1476, 1.1516 1.5238 0.2189, 1.1516 1.6406 0.2405, 1.1516 1.6657 0.1911, 1.1516 1.6003 0.0865, 1.1516 1.6614 0.0396, 1.1516 1.7049 0.1519, 1.1516 1.7543 0.1268, 1.1516 1.8091 0.1181, 1.1516 1.7326 0.0101, 1.1516 2.6358 0.1181, 1.1516 2.6358 0.0, 1.1516 1.8091 0.0, 1.1516 1.5138 0.2953, 1.1516 1.6319 0.2953, 1.1516 1.5138 0.9055, 1.1516 1.6319 0.9055, 1.8484 0.9429 3.689, 1.8484 0.9508 3.8071, 1.8484 0.9429 3.8071, 1.8484 1.0561 3.6568, 1.8484 1.0851 3.6329, 1.8484 1.0697 3.7831, 1.8484 1.0116 3.801, 1.8484 1.0234 3.6745, 1.8484 1.126 3.5708, 1.8484 1.1697 3.7153, 1.8484 1.1229 3.7543, 1.8484 1.1086 3.6038, 1.8484 1.1366 3.5344, 1.8484 1.2079 3.6679, 1.8484 1.3351 3.1109, 1.8484 1.2527 3.5559, 1.8484 1.219 3.0894, 1.8484 1.2357 3.6145, 1.8484 1.3837 2.1995, 1.8484 1.5013 2.2212, 1.8484 1.4175 2.666, 1.8484 1.5779 1.7754, 1.8484 1.4619 1.7539, 1.8484 1.4816 1.6309, 1.8484 1.5007 1.5079, 1.8484 1.599 1.6417, 1.8484 1.6193 1.5079, 1.8484 1.3013 2.6445, 1.8484 0.9882 3.6852, 1.8484 0.9508 3.689, 1.8484 1.8091 0.1181, 1.8484 1.7326 0.0101, 1.8484 1.8091 0.0, 1.8484 1.6614 0.0396, 1.8484 1.7543 0.1268, 1.8484 1.5533 0.1476, 1.8484 1.6406 0.2405, 1.8484 1.5238 0.2189, 1.8484 1.7049 0.1519, 1.8484 2.6358 0.1181, 1.8484 2.6358 0.0, 1.8484 1.6003 0.0865, 1.8484 1.6657 0.1911, 1.8484 1.6319 0.2953, 1.8484 1.5138 0.2953, 1.8484 1.6319 0.9055, 1.8484 1.5138 0.9055, 1.6516 0.9508 3.8071, 1.6516 0.9429 3.8071, 1.6516 0.9508 3.689, 1.6516 0.9429 3.689, 1.6516 1.2527 3.5559, 1.6516 1.219 3.0894, 1.6516 1.1366 3.5344, 1.6516 1.3351 3.1109, 1.6516 1.3013 2.6445, 1.6516 1.2357 3.6145, 1.6516 1.2074 3.6686, 1.6516 1.1693 3.7157, 1.6516 1.4998 2.221, 1.6516 1.3849 2.1997, 1.6516 1.4175 2.666, 1.6516 1.0856 3.6323, 1.6516 1.0689 3.7834, 1.6516 1.1227 3.7545, 1.6516 1.5779 1.7754, 1.6516 1.5007 1.5079, 1.6516 1.4816 1.6309, 1.6516 1.4619 1.7539, 1.6516 1.599 1.6417, 1.6516 1.6193 1.5079, 1.6516 1.0569 3.6563, 1.6516 1.0238 3.6743, 1.6516 1.126 3.5708, 1.6516 1.109 3.6034, 1.6516 0.9882 3.6852, 1.6516 1.0114 3.801, 1.6516 1.5533 0.1476, 1.6516 1.5238 0.2189, 1.6516 1.6406 0.2405, 1.6516 1.6657 0.1911, 1.6516 1.6003 0.0865, 1.6516 1.6614 0.0396, 1.6516 1.7049 0.1519, 1.6516 1.7543 0.1268, 1.6516 1.8091 0.1181, 1.6516 1.7326 0.0101, 1.6516 2.6358 0.1181, 1.6516 2.6358 0.0, 1.6516 1.8091 0.0, 1.6516 1.5138 0.2953, 1.6516 1.6319 0.2953, 1.6516 1.5138 0.9055, 1.6516 1.6319 0.9055
            ]
        }
        coordIndex [
            0,1,2,-1,3,4,5,-1,6,7,5,-1,8,9,10,-1,11,10,4,-1,9,12,13,-1,12,9,8,-1,14,15,16,-1,13,12,17,-1,18,19,20,-1,21,19,22,-1,18,22,19,-1,21,22,23,-1,21,23,24,-1,25,21,24,-1,24,26,25,-1,18,20,27,-1,27,20,14,-1,12,16,15,-1,16,27,14,-1,17,12,15,-1,4,10,5,-1,8,10,11,-1,7,3,5,-1,28,7,6,-1,28,1,29,-1,1,28,6,-1,29,1,0,-1,30,31,32,-1,33,31,34,-1,30,34,31,-1,35,36,37,-1,33,34,38,-1,39,32,40,-1,35,41,42,-1,32,39,30,-1,38,42,41,-1,38,41,33,-1,42,36,35,-1,37,43,44,-1,36,43,37,-1,43,45,44,-1,45,46,44,-1,2,1,47,-1,2,47,48,-1,48,49,50,-1,51,52,53,-1,52,54,55,-1,56,51,53,-1,53,57,56,-1,52,51,54,-1,58,57,53,-1,59,60,61,-1,62,63,64,-1,65,66,67,-1,68,65,67,-1,69,66,65,-1,70,66,69,-1,68,59,65,-1,60,55,61,-1,68,60,59,-1,63,71,72,-1,64,73,74,-1,61,55,54,-1,75,49,47,-1,72,75,76,-1,58,73,64,-1,53,73,58,-1,74,62,64,-1,62,71,63,-1,72,76,63,-1,75,47,76,-1,47,49,48,-1,77,78,79,-1,77,80,81,-1,82,83,84,-1,81,83,82,-1,84,85,86,-1,86,82,84,-1,85,87,88,-1,85,89,86,-1,83,81,80,-1,85,88,89,-1,80,77,79,-1,79,90,91,-1,90,79,78,-1,90,92,91,-1,91,92,93,-1,50,49,29,-1,50,29,0,-1,71,62,4,-1,74,11,62,-1,4,62,11,-1,8,74,73,-1,74,8,11,-1,12,8,73,-1,12,73,53,-1,4,3,71,-1,72,3,7,-1,3,72,71,-1,7,28,75,-1,75,72,7,-1,75,28,49,-1,28,29,49,-1,27,16,52,-1,60,22,18,-1,18,27,55,-1,60,68,22,-1,60,18,55,-1,16,53,52,-1,27,52,55,-1,16,12,53,-1,68,67,23,-1,22,68,23,-1,24,23,67,-1,67,66,24,-1,65,21,25,-1,26,70,69,-1,69,25,26,-1,65,25,69,-1,61,54,14,-1,19,65,59,-1,59,61,20,-1,19,21,65,-1,19,59,20,-1,54,15,14,-1,61,14,20,-1,54,51,15,-1,6,47,1,-1,9,64,10,-1,5,63,76,-1,56,57,17,-1,58,13,57,-1,15,51,56,-1,56,17,15,-1,9,13,58,-1,57,13,17,-1,64,63,10,-1,58,64,9,-1,5,76,6,-1,10,63,5,-1,47,6,76,-1,92,90,44,-1,92,44,46,-1,78,44,90,-1,82,41,81,-1,77,35,37,-1,89,31,86,-1,33,86,31,-1,32,31,89,-1,33,41,82,-1,33,82,86,-1,81,35,77,-1,41,35,81,-1,78,37,44,-1,77,37,78,-1,89,88,40,-1,89,40,32,-1,87,40,88,-1,40,87,39,-1,30,39,87,-1,30,87,85,-1,38,83,42,-1,84,38,34,-1,85,84,34,-1,84,83,38,-1,85,34,30,-1,42,83,80,-1,80,79,36,-1,36,42,80,-1,36,79,43,-1,79,91,43,-1,45,43,91,-1,45,91,93,-1,94,95,96,-1,97,98,99,-1,100,101,99,-1,102,103,104,-1,105,104,98,-1,103,106,107,-1,106,103,102,-1,108,109,110,-1,107,106,111,-1,112,113,114,-1,115,113,116,-1,112,116,113,-1,115,116,117,-1,115,117,118,-1,119,115,118,-1,118,120,119,-1,112,114,121,-1,121,114,108,-1,106,110,109,-1,110,121,108,-1,111,106,109,-1,98,104,99,-1,102,104,105,-1,101,97,99,-1,122,101,100,-1,122,95,123,-1,95,122,100,-1,123,95,94,-1,124,125,126,-1,127,125,128,-1,124,128,125,-1,129,130,131,-1,127,128,132,-1,133,126,134,-1,129,135,136,-1,126,133,124,-1,132,136,135,-1,132,135,127,-1,136,130,129,-1,131,137,138,-1,130,137,131,-1,137,139,138,-1,139,140,138,-1,96,95,141,-1,96,141,142,-1,142,143,144,-1,145,146,147,-1,146,148,149,-1,150,145,147,-1,147,151,150,-1,146,145,148,-1,152,151,147,-1,153,154,155,-1,156,157,158,-1,159,160,161,-1,162,159,161,-1,163,160,159,-1,164,160,163,-1,162,153,159,-1,154,149,155,-1,162,154,153,-1,157,165,166,-1,158,167,168,-1,155,149,148,-1,169,143,141,-1,166,169,170,-1,152,167,158,-1,147,167,152,-1,168,156,158,-1,156,165,157,-1,166,170,157,-1,169,141,170,-1,141,143,142,-1,171,172,173,-1,171,174,175,-1,176,177,178,-1,175,177,176,-1,178,179,180,-1,180,176,178,-1,179,181,182,-1,179,183,180,-1,177,175,174,-1,179,182,183,-1,174,171,173,-1,173,184,185,-1,184,173,172,-1,184,186,185,-1,185,186,187,-1,144,143,123,-1,144,123,94,-1,165,156,98,-1,168,105,156,-1,98,156,105,-1,102,168,167,-1,168,102,105,-1,106,102,167,-1,106,167,147,-1,98,97,165,-1,166,97,101,-1,97,166,165,-1,101,122,169,-1,169,166,101,-1,169,122,143,-1,122,123,143,-1,121,110,146,-1,154,116,112,-1,112,121,149,-1,154,162,116,-1,154,112,149,-1,110,147,146,-1,121,146,149,-1,110,106,147,-1,162,161,117,-1,116,162,117,-1,118,117,161,-1,161,160,118,-1,159,115,119,-1,120,164,163,-1,163,119,120,-1,159,119,163,-1,155,148,108,-1,113,159,153,-1,153,155,114,-1,113,115,159,-1,113,153,114,-1,148,109,108,-1,155,108,114,-1,148,145,109,-1,100,141,95,-1,103,158,104,-1,99,157,170,-1,150,151,111,-1,152,107,151,-1,109,145,150,-1,150,111,109,-1,103,107,152,-1,151,107,111,-1,158,157,104,-1,152,158,103,-1,99,170,100,-1,104,157,99,-1,141,100,170,-1,186,184,138,-1,186,138,140,-1,172,138,184,-1,176,135,175,-1,171,129,131,-1,183,125,180,-1,127,180,125,-1,126,125,183,-1,127,135,176,-1,127,176,180,-1,175,129,171,-1,135,129,175,-1,172,131,138,-1,171,131,172,-1,183,182,134,-1,183,134,126,-1,181,134,182,-1,134,181,133,-1,124,133,181,-1,124,181,179,-1,132,177,136,-1,178,132,128,-1,179,178,128,-1,178,177,132,-1,179,128,124,-1,136,177,174,-1,174,173,130,-1,130,136,174,-1,130,173,137,-1,173,185,137,-1,139,137,185,-1,139,185,187,-1,188,189,190,-1,191,192,193,-1,194,195,193,-1,196,197,198,-1,199,198,192,-1,197,200,201,-1,200,197,196,-1,202,203,204,-1,201,200,205,-1,206,207,208,-1,209,207,210,-1,206,210,207,-1,209,210,211,-1,209,211,212,-1,213,209,212,-1,212,214,213,-1,206,208,215,-1,215,208,202,-1,200,204,203,-1,204,215,202,-1,205,200,203,-1,192,198,193,-1,196,198,199,-1,195,191,193,-1,216,195,194,-1,216,189,217,-1,189,216,194,-1,217,189,188,-1,218,219,220,-1,221,219,222,-1,218,222,219,-1,223,224,225,-1,221,222,226,-1,227,220,228,-1,223,229,230,-1,220,227,218,-1,226,230,229,-1,226,229,221,-1,230,224,223,-1,225,231,232,-1,224,231,225,-1,231,233,232,-1,233,234,232,-1,190,189,235,-1,190,235,236,-1,236,237,238,-1,239,240,241,-1,240,242,243,-1,244,239,241,-1,241,245,244,-1,240,239,242,-1,246,245,241,-1,247,248,249,-1,250,251,252,-1,253,254,255,-1,256,253,255,-1,257,254,253,-1,258,254,257,-1,256,247,253,-1,248,243,249,-1,256,248,247,-1,251,259,260,-1,252,261,262,-1,249,243,242,-1,263,237,235,-1,260,263,264,-1,246,261,252,-1,241,261,246,-1,262,250,252,-1,250,259,251,-1,260,264,251,-1,263,235,264,-1,235,237,236,-1,265,266,267,-1,265,268,269,-1,270,271,272,-1,269,271,270,-1,272,273,274,-1,274,270,272,-1,273,275,276,-1,273,277,274,-1,271,269,268,-1,273,276,277,-1,268,265,267,-1,267,278,279,-1,278,267,266,-1,278,280,279,-1,279,280,281,-1,238,237,217,-1,238,217,188,-1,259,250,192,-1,262,199,250,-1,192,250,199,-1,196,262,261,-1,262,196,199,-1,200,196,261,-1,200,261,241,-1,192,191,259,-1,260,191,195,-1,191,260,259,-1,195,216,263,-1,263,260,195,-1,263,216,237,-1,216,217,237,-1,215,204,240,-1,248,210,206,-1,206,215,243,-1,248,256,210,-1,248,206,243,-1,204,241,240,-1,215,240,243,-1,204,200,241,-1,256,255,211,-1,210,256,211,-1,212,211,255,-1,255,254,212,-1,253,209,213,-1,214,258,257,-1,257,213,214,-1,253,213,257,-1,249,242,202,-1,207,253,247,-1,247,249,208,-1,207,209,253,-1,207,247,208,-1,242,203,202,-1,249,202,208,-1,242,239,203,-1,194,235,189,-1,197,252,198,-1,193,251,264,-1,244,245,205,-1,246,201,245,-1,203,239,244,-1,244,205,203,-1,197,201,246,-1,245,201,205,-1,252,251,198,-1,246,252,197,-1,193,264,194,-1,198,251,193,-1,235,194,264,-1,280,278,232,-1,280,232,234,-1,266,232,278,-1,270,229,269,-1,265,223,225,-1,277,219,274,-1,221,274,219,-1,220,219,277,-1,221,229,270,-1,221,270,274,-1,269,223,265,-1,229,223,269,-1,266,225,232,-1,265,225,266,-1,277,276,228,-1,277,228,220,-1,275,228,276,-1,228,275,227,-1,218,227,275,-1,218,275,273,-1,226,271,230,-1,272,226,222,-1,273,272,222,-1,272,271,226,-1,273,222,218,-1,230,271,268,-1,268,267,224,-1,224,230,268,-1,224,267,231,-1,267,279,231,-1,233,231,279,-1,233,279,281,-1,282,283,284,-1,285,286,287,-1,288,289,287,-1,290,291,292,-1,293,292,286,-1,291,294,295,-1,294,291,290,-1,296,297,298,-1,295,294,299,-1,300,301,302,-1,303,301,304,-1,300,304,301,-1,303,304,305,-1,303,305,306,-1,307,303,306,-1,306,308,307,-1,300,302,309,-1,309,302,296,-1,294,298,297,-1,298,309,296,-1,299,294,297,-1,286,292,287,-1,290,292,293,-1,289,285,287,-1,310,289,288,-1,310,283,311,-1,283,310,288,-1,311,283,282,-1,312,313,314,-1,315,313,316,-1,312,316,313,-1,317,318,319,-1,315,316,320,-1,321,314,322,-1,317,323,324,-1,314,321,312,-1,320,324,323,-1,320,323,315,-1,324,318,317,-1,319,325,326,-1,318,325,319,-1,325,327,326,-1,327,328,326,-1,284,283,329,-1,284,329,330,-1,330,331,332,-1,333,334,335,-1,334,336,337,-1,338,333,335,-1,335,339,338,-1,334,333,336,-1,340,339,335,-1,341,342,343,-1,344,345,346,-1,347,348,349,-1,350,347,349,-1,351,348,347,-1,352,348,351,-1,350,341,347,-1,342,337,343,-1,350,342,341,-1,345,353,354,-1,346,355,356,-1,343,337,336,-1,357,331,329,-1,354,357,358,-1,340,355,346,-1,335,355,340,-1,356,344,346,-1,344,353,345,-1,354,358,345,-1,357,329,358,-1,329,331,330,-1,359,360,361,-1,359,362,363,-1,364,365,366,-1,363,365,364,-1,366,367,368,-1,368,364,366,-1,367,369,370,-1,367,371,368,-1,365,363,362,-1,367,370,371,-1,362,359,361,-1,361,372,373,-1,372,361,360,-1,372,374,373,-1,373,374,375,-1,332,331,311,-1,332,311,282,-1,353,344,286,-1,356,293,344,-1,286,344,293,-1,290,356,355,-1,356,290,293,-1,294,290,355,-1,294,355,335,-1,286,285,353,-1,354,285,289,-1,285,354,353,-1,289,310,357,-1,357,354,289,-1,357,310,331,-1,310,311,331,-1,309,298,334,-1,342,304,300,-1,300,309,337,-1,342,350,304,-1,342,300,337,-1,298,335,334,-1,309,334,337,-1,298,294,335,-1,350,349,305,-1,304,350,305,-1,306,305,349,-1,349,348,306,-1,347,303,307,-1,308,352,351,-1,351,307,308,-1,347,307,351,-1,343,336,296,-1,301,347,341,-1,341,343,302,-1,301,303,347,-1,301,341,302,-1,336,297,296,-1,343,296,302,-1,336,333,297,-1,288,329,283,-1,291,346,292,-1,287,345,358,-1,338,339,299,-1,340,295,339,-1,297,333,338,-1,338,299,297,-1,291,295,340,-1,339,295,299,-1,346,345,292,-1,340,346,291,-1,287,358,288,-1,292,345,287,-1,329,288,358,-1,374,372,326,-1,374,326,328,-1,360,326,372,-1,364,323,363,-1,359,317,319,-1,371,313,368,-1,315,368,313,-1,314,313,371,-1,315,323,364,-1,315,364,368,-1,363,317,359,-1,323,317,363,-1,360,319,326,-1,359,319,360,-1,371,370,322,-1,371,322,314,-1,369,322,370,-1,322,369,321,-1,312,321,369,-1,312,369,367,-1,320,365,324,-1,366,320,316,-1,367,366,316,-1,366,365,320,-1,367,316,312,-1,324,365,362,-1,362,361,318,-1,318,324,362,-1,318,361,325,-1,361,373,325,-1,327,325,373,-1,327,373,375,-1,376,377,378,-1,379,380,381,-1,382,383,381,-1,384,385,386,-1,387,386,380,-1,385,388,389,-1,388,385,384,-1,390,391,392,-1,389,388,393,-1,394,395,396,-1,397,395,398,-1,394,398,395,-1,397,398,399,-1,397,399,400,-1,401,397,400,-1,400,402,401,-1,394,396,403,-1,403,396,390,-1,388,392,391,-1,392,403,390,-1,393,388,391,-1,380,386,381,-1,384,386,387,-1,383,379,381,-1,404,383,382,-1,404,377,405,-1,377,404,382,-1,405,377,376,-1,406,407,408,-1,409,407,410,-1,406,410,407,-1,411,412,413,-1,409,410,414,-1,415,408,416,-1,411,417,418,-1,408,415,406,-1,414,418,417,-1,414,417,409,-1,418,412,411,-1,413,419,420,-1,412,419,413,-1,419,421,420,-1,421,422,420,-1,378,377,423,-1,378,423,424,-1,424,425,426,-1,427,428,429,-1,428,430,431,-1,432,427,429,-1,429,433,432,-1,428,427,430,-1,434,433,429,-1,435,436,437,-1,438,439,440,-1,441,442,443,-1,444,441,443,-1,445,442,441,-1,446,442,445,-1,444,435,441,-1,436,431,437,-1,444,436,435,-1,439,447,448,-1,440,449,450,-1,437,431,430,-1,451,425,423,-1,448,451,452,-1,434,449,440,-1,429,449,434,-1,450,438,440,-1,438,447,439,-1,448,452,439,-1,451,423,452,-1,423,425,424,-1,453,454,455,-1,453,456,457,-1,458,459,460,-1,457,459,458,-1,460,461,462,-1,462,458,460,-1,461,463,464,-1,461,465,462,-1,459,457,456,-1,461,464,465,-1,456,453,455,-1,455,466,467,-1,466,455,454,-1,466,468,467,-1,467,468,469,-1,426,425,405,-1,426,405,376,-1,447,438,380,-1,450,387,438,-1,380,438,387,-1,384,450,449,-1,450,384,387,-1,388,384,449,-1,388,449,429,-1,380,379,447,-1,448,379,383,-1,379,448,447,-1,383,404,451,-1,451,448,383,-1,451,404,425,-1,404,405,425,-1,403,392,428,-1,436,398,394,-1,394,403,431,-1,436,444,398,-1,436,394,431,-1,392,429,428,-1,403,428,431,-1,392,388,429,-1,444,443,399,-1,398,444,399,-1,400,399,443,-1,443,442,400,-1,441,397,401,-1,402,446,445,-1,445,401,402,-1,441,401,445,-1,437,430,390,-1,395,441,435,-1,435,437,396,-1,395,397,441,-1,395,435,396,-1,430,391,390,-1,437,390,396,-1,430,427,391,-1,382,423,377,-1,385,440,386,-1,381,439,452,-1,432,433,393,-1,434,389,433,-1,391,427,432,-1,432,393,391,-1,385,389,434,-1,433,389,393,-1,440,439,386,-1,434,440,385,-1,381,452,382,-1,386,439,381,-1,423,382,452,-1,468,466,420,-1,468,420,422,-1,454,420,466,-1,458,417,457,-1,453,411,413,-1,465,407,462,-1,409,462,407,-1,408,407,465,-1,409,417,458,-1,409,458,462,-1,457,411,453,-1,417,411,457,-1,454,413,420,-1,453,413,454,-1,465,464,416,-1,465,416,408,-1,463,416,464,-1,416,463,415,-1,406,415,463,-1,406,463,461,-1,414,459,418,-1,460,414,410,-1,461,460,410,-1,460,459,414,-1,461,410,406,-1,418,459,456,-1,456,455,412,-1,412,418,456,-1,412,455,419,-1,455,467,419,-1,421,419,467,-1,421,467,469,-1,470,471,472,-1,473,474,475,-1,476,477,475,-1,478,479,480,-1,481,480,474,-1,479,482,483,-1,482,479,478,-1,484,485,486,-1,483,482,487,-1,488,489,490,-1,491,489,492,-1,488,492,489,-1,491,492,493,-1,491,493,494,-1,495,491,494,-1,494,496,495,-1,488,490,497,-1,497,490,484,-1,482,486,485,-1,486,497,484,-1,487,482,485,-1,474,480,475,-1,478,480,481,-1,477,473,475,-1,498,477,476,-1,498,471,499,-1,471,498,476,-1,499,471,470,-1,500,501,502,-1,503,501,504,-1,500,504,501,-1,505,506,507,-1,503,504,508,-1,509,502,510,-1,505,511,512,-1,502,509,500,-1,508,512,511,-1,508,511,503,-1,512,506,505,-1,507,513,514,-1,506,513,507,-1,513,515,514,-1,515,516,514,-1,472,471,517,-1,472,517,518,-1,518,519,520,-1,521,522,523,-1,522,524,525,-1,526,521,523,-1,523,527,526,-1,522,521,524,-1,528,527,523,-1,529,530,531,-1,532,533,534,-1,535,536,537,-1,538,535,537,-1,539,536,535,-1,540,536,539,-1,538,529,535,-1,530,525,531,-1,538,530,529,-1,533,541,542,-1,534,543,544,-1,531,525,524,-1,545,519,517,-1,542,545,546,-1,528,543,534,-1,523,543,528,-1,544,532,534,-1,532,541,533,-1,542,546,533,-1,545,517,546,-1,517,519,518,-1,547,548,549,-1,547,550,551,-1,552,553,554,-1,551,553,552,-1,554,555,556,-1,556,552,554,-1,555,557,558,-1,555,559,556,-1,553,551,550,-1,555,558,559,-1,550,547,549,-1,549,560,561,-1,560,549,548,-1,560,562,561,-1,561,562,563,-1,520,519,499,-1,520,499,470,-1,541,532,474,-1,544,481,532,-1,474,532,481,-1,478,544,543,-1,544,478,481,-1,482,478,543,-1,482,543,523,-1,474,473,541,-1,542,473,477,-1,473,542,541,-1,477,498,545,-1,545,542,477,-1,545,498,519,-1,498,499,519,-1,497,486,522,-1,530,492,488,-1,488,497,525,-1,530,538,492,-1,530,488,525,-1,486,523,522,-1,497,522,525,-1,486,482,523,-1,538,537,493,-1,492,538,493,-1,494,493,537,-1,537,536,494,-1,535,491,495,-1,496,540,539,-1,539,495,496,-1,535,495,539,-1,531,524,484,-1,489,535,529,-1,529,531,490,-1,489,491,535,-1,489,529,490,-1,524,485,484,-1,531,484,490,-1,524,521,485,-1,476,517,471,-1,479,534,480,-1,475,533,546,-1,526,527,487,-1,528,483,527,-1,485,521,526,-1,526,487,485,-1,479,483,528,-1,527,483,487,-1,534,533,480,-1,528,534,479,-1,475,546,476,-1,480,533,475,-1,517,476,546,-1,562,560,514,-1,562,514,516,-1,548,514,560,-1,552,511,551,-1,547,505,507,-1,559,501,556,-1,503,556,501,-1,502,501,559,-1,503,511,552,-1,503,552,556,-1,551,505,547,-1,511,505,551,-1,548,507,514,-1,547,507,548,-1,559,558,510,-1,559,510,502,-1,557,510,558,-1,510,557,509,-1,500,509,557,-1,500,557,555,-1,508,553,512,-1,554,508,504,-1,555,554,504,-1,554,553,508,-1,555,504,500,-1,512,553,550,-1,550,549,506,-1,506,512,550,-1,506,549,513,-1,549,561,513,-1,515,513,561,-1,515,561,563,-1,564,565,566,-1,567,568,569,-1,570,571,569,-1,572,573,574,-1,575,574,568,-1,573,576,577,-1,576,573,572,-1,578,579,580,-1,577,576,581,-1,582,583,584,-1,585,583,586,-1,582,586,583,-1,585,586,587,-1,585,587,588,-1,589,585,588,-1,588,590,589,-1,582,584,591,-1,591,584,578,-1,576,580,579,-1,580,591,578,-1,581,576,579,-1,568,574,569,-1,572,574,575,-1,571,567,569,-1,592,571,570,-1,592,565,593,-1,565,592,570,-1,593,565,564,-1,594,595,596,-1,597,595,598,-1,594,598,595,-1,599,600,601,-1,597,598,602,-1,603,596,604,-1,599,605,606,-1,596,603,594,-1,602,606,605,-1,602,605,597,-1,606,600,599,-1,601,607,608,-1,600,607,601,-1,607,609,608,-1,609,610,608,-1,566,565,611,-1,566,611,612,-1,612,613,614,-1,615,616,617,-1,616,618,619,-1,620,615,617,-1,617,621,620,-1,616,615,618,-1,622,621,617,-1,623,624,625,-1,626,627,628,-1,629,630,631,-1,632,629,631,-1,633,630,629,-1,634,630,633,-1,632,623,629,-1,624,619,625,-1,632,624,623,-1,627,635,636,-1,628,637,638,-1,625,619,618,-1,639,613,611,-1,636,639,640,-1,622,637,628,-1,617,637,622,-1,638,626,628,-1,626,635,627,-1,636,640,627,-1,639,611,640,-1,611,613,612,-1,641,642,643,-1,641,644,645,-1,646,647,648,-1,645,647,646,-1,648,649,650,-1,650,646,648,-1,649,651,652,-1,649,653,650,-1,647,645,644,-1,649,652,653,-1,644,641,643,-1,643,654,655,-1,654,643,642,-1,654,656,655,-1,655,656,657,-1,614,613,593,-1,614,593,564,-1,635,626,568,-1,638,575,626,-1,568,626,575,-1,572,638,637,-1,638,572,575,-1,576,572,637,-1,576,637,617,-1,568,567,635,-1,636,567,571,-1,567,636,635,-1,571,592,639,-1,639,636,571,-1,639,592,613,-1,592,593,613,-1,591,580,616,-1,624,586,582,-1,582,591,619,-1,624,632,586,-1,624,582,619,-1,580,617,616,-1,591,616,619,-1,580,576,617,-1,632,631,587,-1,586,632,587,-1,588,587,631,-1,631,630,588,-1,629,585,589,-1,590,634,633,-1,633,589,590,-1,629,589,633,-1,625,618,578,-1,583,629,623,-1,623,625,584,-1,583,585,629,-1,583,623,584,-1,618,579,578,-1,625,578,584,-1,618,615,579,-1,570,611,565,-1,573,628,574,-1,569,627,640,-1,620,621,581,-1,622,577,621,-1,579,615,620,-1,620,581,579,-1,573,577,622,-1,621,577,581,-1,628,627,574,-1,622,628,573,-1,569,640,570,-1,574,627,569,-1,611,570,640,-1,656,654,608,-1,656,608,610,-1,642,608,654,-1,646,605,645,-1,641,599,601,-1,653,595,650,-1,597,650,595,-1,596,595,653,-1,597,605,646,-1,597,646,650,-1,645,599,641,-1,605,599,645,-1,642,601,608,-1,641,601,642,-1,653,652,604,-1,653,604,596,-1,651,604,652,-1,604,651,603,-1,594,603,651,-1,594,651,649,-1,602,647,606,-1,648,602,598,-1,649,648,598,-1,648,647,602,-1,649,598,594,-1,606,647,644,-1,644,643,600,-1,600,606,644,-1,600,643,607,-1,643,655,607,-1,609,607,655,-1,609,655,657,-1,658,659,660,-1,661,662,663,-1,664,665,663,-1,666,667,668,-1,669,668,662,-1,667,670,671,-1,670,667,666,-1,672,673,674,-1,671,670,675,-1,676,677,678,-1,679,677,680,-1,676,680,677,-1,679,680,681,-1,679,681,682,-1,683,679,682,-1,682,684,683,-1,676,678,685,-1,685,678,672,-1,670,674,673,-1,674,685,672,-1,675,670,673,-1,662,668,663,-1,666,668,669,-1,665,661,663,-1,686,665,664,-1,686,659,687,-1,659,686,664,-1,687,659,658,-1,688,689,690,-1,691,689,692,-1,688,692,689,-1,693,694,695,-1,691,692,696,-1,697,690,698,-1,693,699,700,-1,690,697,688,-1,696,700,699,-1,696,699,691,-1,700,694,693,-1,695,701,702,-1,694,701,695,-1,701,703,702,-1,703,704,702,-1,660,659,705,-1,660,705,706,-1,706,707,708,-1,709,710,711,-1,710,712,713,-1,714,709,711,-1,711,715,714,-1,710,709,712,-1,716,715,711,-1,717,718,719,-1,720,721,722,-1,723,724,725,-1,726,723,725,-1,727,724,723,-1,728,724,727,-1,726,717,723,-1,718,713,719,-1,726,718,717,-1,721,729,730,-1,722,731,732,-1,719,713,712,-1,733,707,705,-1,730,733,734,-1,716,731,722,-1,711,731,716,-1,732,720,722,-1,720,729,721,-1,730,734,721,-1,733,705,734,-1,705,707,706,-1,735,736,737,-1,735,738,739,-1,740,741,742,-1,739,741,740,-1,742,743,744,-1,744,740,742,-1,743,745,746,-1,743,747,744,-1,741,739,738,-1,743,746,747,-1,738,735,737,-1,737,748,749,-1,748,737,736,-1,748,750,749,-1,749,750,751,-1,708,707,687,-1,708,687,658,-1,729,720,662,-1,732,669,720,-1,662,720,669,-1,666,732,731,-1,732,666,669,-1,670,666,731,-1,670,731,711,-1,662,661,729,-1,730,661,665,-1,661,730,729,-1,665,686,733,-1,733,730,665,-1,733,686,707,-1,686,687,707,-1,685,674,710,-1,718,680,676,-1,676,685,713,-1,718,726,680,-1,718,676,713,-1,674,711,710,-1,685,710,713,-1,674,670,711,-1,726,725,681,-1,680,726,681,-1,682,681,725,-1,725,724,682,-1,723,679,683,-1,684,728,727,-1,727,683,684,-1,723,683,727,-1,719,712,672,-1,677,723,717,-1,717,719,678,-1,677,679,723,-1,677,717,678,-1,712,673,672,-1,719,672,678,-1,712,709,673,-1,664,705,659,-1,667,722,668,-1,663,721,734,-1,714,715,675,-1,716,671,715,-1,673,709,714,-1,714,675,673,-1,667,671,716,-1,715,671,675,-1,722,721,668,-1,716,722,667,-1,663,734,664,-1,668,721,663,-1,705,664,734,-1,750,748,702,-1,750,702,704,-1,736,702,748,-1,740,699,739,-1,735,693,695,-1,747,689,744,-1,691,744,689,-1,690,689,747,-1,691,699,740,-1,691,740,744,-1,739,693,735,-1,699,693,739,-1,736,695,702,-1,735,695,736,-1,747,746,698,-1,747,698,690,-1,745,698,746,-1,698,745,697,-1,688,697,745,-1,688,745,743,-1,696,741,700,-1,742,696,692,-1,743,742,692,-1,742,741,696,-1,743,692,688,-1,700,741,738,-1,738,737,694,-1,694,700,738,-1,694,737,701,-1,737,749,701,-1,703,701,749,-1,703,749,751,-1,
        ]
    }
}
Shape{
    appearance Appearance {
        material  Material 	{
            diffuseColor 0.2549019607843137 0.2549019607843137 0.2549019607843137
            specularColor 0.7529411764705882 0.7529411764705882 0.7529411764705882
            ambientIntensity 0.1176
            transparency 0.0
            shininess 0.5
        }
    }
    geometry IndexedFaceSet {
        ccw TRUE
        solid FALSE
        coord DEF co Coordinate {
            point [
                -1.1122 1.895 1.1096, -1.1122 1.6909 1.5079, -1.1122 1.9469 1.5079, -1.1122 1.793 1.0076, -1.1122 1.742 0.9565, -1.1122 1.6909 0.9055, -1.1122 1.844 1.0586, -1.1139 1.9469 1.1615, -1.069 2.0283 1.2428, -1.0834 2.0165 1.5079, -1.0514 2.0378 1.5079, -1.0138 2.0453 1.5079, -1.046 2.0399 1.2546, -1.0138 2.0453 1.2598, -1.0868 2.0129 1.2274, -1.1 1.9943 1.2088, -1.1047 1.9845 1.5079, -1.1088 1.9725 1.187, 2.8518 2.0453 4.5716, 2.8518 -4.6043 4.5716, 2.9141 -4.6043 4.5093, 2.7771 2.0453 4.6185, 2.7771 -4.6043 4.6185, 2.6939 -4.6043 4.6476, 2.6939 2.0453 4.6476, 2.6063 2.0453 4.6575, 2.6063 -4.6043 4.6575, 2.9141 2.0453 4.5093, 2.961 -4.6043 4.4346, 2.961 2.0453 4.4346, 2.9901 -4.6043 4.3514, 2.9901 2.0453 4.3514, 3.0 -4.6043 4.2638, 3.0 2.0453 4.2638, -2.6063 2.0453 4.6575, -2.6063 -4.6043 4.6575, -2.8518 -4.6043 4.5716, -2.8518 2.0453 4.5716, -2.9141 2.0453 4.5093, -2.7771 -4.6043 4.6185, -2.7771 2.0453 4.6185, -2.6939 2.0453 4.6476, -2.6939 -4.6043 4.6476, -2.9141 -4.6043 4.5093, -2.961 2.0453 4.4346, -2.961 -4.6043 4.4346, -2.9901 2.0453 4.3514, -2.9901 -4.6043 4.3514, -3.0 2.0453 4.2638, -3.0 -4.6043 4.2638, -2.5669 2.0453 3.5039, -2.5866 1.9665 3.5827, -2.4882 1.9665 3.5827, -2.6654 2.0453 3.5039, -2.5866 0.9429 3.5827, -2.4882 0.9429 3.5827, -2.5866 1.9665 4.0551, -2.5866 0.9429 4.0551, -2.6654 2.0453 4.1339, -2.8819 -3.9075 0.0394, -3.0 -3.9075 0.0394, -3.0 -3.9075 0.1181, -2.8031 -3.9075 0.1181, -2.6063 -3.5689 0.1181, -2.2126 -1.0965 0.1181, -2.2126 -3.5689 0.1181, -2.6063 -1.0965 0.1181, -2.8031 -0.7579 0.1181, -2.8031 -1.6043 0.1181, -3.0 -1.6043 0.1181, -3.0 -0.7579 0.1181, -2.8031 -3.061 0.1181, -3.0 -3.061 0.1181, -2.5276 -1.0965 0.0394, -2.2913 -1.0965 0.0394, -2.2913 -0.6398 0.0394, -2.1732 -0.7579 0.1575, -2.1732 -3.9075 0.1575, -2.2913 -4.0256 0.0394, -2.2913 -3.5689 0.0394, -2.5276 -3.5689 0.0394, -2.5276 -4.0256 0.0394, -2.6457 -3.9075 0.1575, -2.6457 -0.7579 0.1575, -2.5276 -0.6398 0.0394, -2.8819 -0.6398 0.0394, -2.7638 -0.7579 0.1575, -2.6457 -0.7579 1.8504, -2.7638 -0.7579 1.8504, -2.7638 -1.6043 1.7323, -2.7638 -3.061 1.7323, -2.7638 -3.9075 0.1575, -2.7638 -3.061 0.1575, -2.7638 -3.9075 1.8504, -2.7638 -1.6043 0.1575, -3.0 -1.6043 1.7323, -2.8819 -0.7579 0.0394, -2.8819 -4.0256 0.0394, -3.0 -0.7579 0.0394, -3.0 -3.061 1.7323, -2.6457 -3.9075 1.8504, -1.937 -4.0256 0.0394, -2.0551 -3.9075 0.1575, -2.0551 -3.9075 1.1417, -2.1732 -3.9075 1.1417, -2.0551 -0.7579 1.1417, -2.0551 -0.7579 0.1575, -1.937 -0.6398 0.0394, -2.1732 -0.7579 1.1417, -2.1535 -0.7972 1.1417, -2.1535 -3.8681 1.1417, -2.0748 -3.8681 1.1417, -2.0748 -0.7972 1.1417
            ]
        }
        coordIndex [
            0,1,2,-1,1,3,4,-1,1,4,5,-1,1,0,6,-1,3,1,6,-1,7,0,2,-1,8,9,10,-1,11,12,10,-1,8,10,12,-1,13,12,11,-1,14,9,8,-1,9,15,16,-1,15,9,14,-1,2,16,17,-1,15,17,16,-1,2,17,7,-1,18,19,20,-1,19,21,22,-1,21,19,18,-1,23,22,24,-1,21,24,22,-1,25,26,23,-1,23,24,25,-1,18,20,27,-1,28,29,27,-1,27,20,28,-1,29,30,31,-1,30,29,28,-1,30,32,31,-1,31,32,33,-1,34,35,26,-1,34,26,25,-1,36,37,38,-1,37,39,40,-1,39,37,36,-1,41,40,42,-1,39,42,40,-1,35,34,41,-1,41,42,35,-1,36,38,43,-1,44,45,43,-1,43,38,44,-1,45,46,47,-1,46,45,44,-1,46,48,47,-1,47,48,49,-1,50,51,52,-1,51,50,53,-1,52,51,54,-1,54,55,52,-1,51,56,57,-1,57,54,51,-1,53,56,51,-1,56,53,58,-1,59,60,61,-1,59,61,62,-1,63,64,65,-1,63,66,64,-1,67,68,69,-1,69,70,67,-1,61,71,62,-1,61,72,71,-1,66,73,74,-1,66,74,64,-1,64,74,75,-1,65,76,77,-1,65,78,79,-1,75,76,64,-1,78,65,77,-1,76,65,64,-1,65,79,80,-1,65,80,63,-1,63,80,81,-1,66,82,83,-1,66,84,73,-1,81,82,63,-1,84,66,83,-1,82,66,63,-1,85,84,83,-1,85,83,86,-1,83,87,88,-1,83,88,86,-1,86,88,89,-1,90,91,92,-1,93,91,90,-1,93,90,89,-1,86,89,94,-1,93,89,88,-1,68,95,69,-1,95,68,89,-1,68,94,89,-1,68,86,94,-1,67,96,85,-1,86,68,67,-1,85,86,67,-1,91,97,62,-1,91,62,92,-1,97,59,62,-1,62,71,92,-1,70,98,96,-1,70,96,67,-1,71,72,99,-1,71,99,90,-1,71,90,92,-1,89,90,99,-1,99,95,89,-1,81,97,91,-1,81,91,82,-1,91,93,100,-1,91,100,82,-1,82,100,87,-1,82,87,83,-1,93,87,100,-1,93,88,87,-1,101,78,77,-1,101,77,102,-1,77,103,102,-1,103,77,104,-1,102,105,106,-1,105,102,103,-1,107,102,106,-1,102,107,101,-1,75,107,106,-1,75,106,76,-1,106,108,76,-1,108,106,105,-1,76,104,77,-1,104,76,108,-1,108,109,104,-1,109,110,104,-1,104,111,103,-1,103,111,105,-1,104,110,111,-1,105,109,108,-1,111,112,105,-1,105,112,109,-1,
        ]
    }
}
Shape{
    appearance Appearance {
        material  Material 	{
            diffuseColor 0.8117647058823529 0.8117647058823529 0.8117647058823529
            specularColor 0.7529411764705882 0.7529411764705882 0.7529411764705882
            ambientIntensity 0.1176
            transparency 0.0
            shininess 0.5
        }
    }
    geometry IndexedFaceSet {
        ccw TRUE
        solid FALSE
        coord DEF co Coordinate {
            point [
                -2.0748 -0.8169 0.0446, -2.0748 -0.8025 0.0591, -2.0748 -0.8366 0.0394, -2.0748 -3.8681 1.1417, -2.0748 -3.8681 0.0787, -2.0748 -3.329 0.2338, -2.0748 -1.2546 0.0591, -2.0748 -1.2205 0.0394, -2.0748 -1.2598 0.0787, -2.0748 -3.2852 0.2338, -2.0748 -0.7972 1.1417, -2.0748 -3.4055 0.0787, -2.0748 -3.8287 0.0394, -2.0748 -3.4055 0.1378, -2.0748 -3.4108 0.0591, -2.0748 -3.4449 0.0394, -2.0748 -3.4252 0.0446, -2.0748 -3.8628 0.0591, -2.0748 -0.7972 0.0787, -2.0748 -3.8484 0.0446, -2.0748 -3.3958 0.1805, -2.0748 -3.3685 0.2147, -2.0748 -1.2402 0.0446, -2.0748 -1.4196 0.2147, -2.0748 -3.2457 0.2147, -2.0748 -3.2184 0.1805, -2.0748 -1.3802 0.2338, -2.0748 -1.4567 0.1378, -2.0748 -3.2087 0.0787, -2.0748 -1.4567 0.0787, -2.0748 -1.2598 0.1378, -2.0748 -1.2696 0.1805, -2.0748 -1.4469 0.1805, -2.0748 -1.3364 0.2338, -2.0748 -1.2969 0.2147, -2.0748 -3.2087 0.1378, -2.1142 -1.4567 0.0105, -2.0854 -1.4567 0.0394, -2.1142 -3.2087 0.0105, -2.1535 -3.2087 0.0, -2.1535 -1.4567 0.0, -2.0854 -3.2087 0.0394, -2.1929 -3.2087 0.0787, -2.1732 -3.2087 0.084, -2.1535 -3.2087 0.1181, -2.1588 -3.2087 0.0984, -2.8228 -3.2087 0.0787, -2.8228 -3.2087 0.0, -2.1535 -3.2087 0.1378, -2.8425 -3.2034 0.0787, -2.8569 -3.189 0.0787, -2.8425 -3.2034 0.0, -2.8569 -3.189 0.0, -2.8622 -3.1693 0.0787, -2.8622 -3.1693 0.0, -2.8622 -1.8209 0.0, -2.8228 -1.8891 0.0, -2.8517 -1.8602 0.0, -2.8517 -1.4961 0.0, -2.8228 -1.4672 0.0, -2.8622 -1.5354 0.0, -2.7835 -1.4567 0.0, -2.7835 -1.8996 0.0, -2.6654 -2.687 0.0, -2.6654 -1.9783 0.0, -2.7441 -1.8996 0.0, -2.6759 -1.939 0.0, -2.7047 -1.9102 0.0, -2.7047 -2.0465 0.0, -2.7441 -2.6083 0.0, -2.7441 -2.0571 0.0, -2.6759 -2.0177 0.0, -2.6759 -2.6476 0.0, -2.7047 -2.6188 0.0, -2.8858 -2.6083 0.0, -2.8858 -2.0571 0.0, -2.8228 -2.7657 0.0, -2.6759 -2.7264 0.0, -2.8425 -2.771 0.0, -2.8622 -2.8051 0.0, -2.8569 -2.7854 0.0, -2.7441 -2.7657 0.0, -2.7047 -2.7552 0.0, -2.1535 -1.4567 0.1181, -2.1535 -1.4567 0.1378, -2.1588 -1.4567 0.0984, -2.1929 -1.4567 0.0787, -2.7835 -1.4567 0.0787, -2.1732 -1.4567 0.084, -2.1535 -1.3802 0.2338, -2.1535 -1.4196 0.2147, -2.1535 -1.4469 0.1805, -2.1535 -1.3364 0.2338, -2.1535 -1.2969 0.2147, -2.1535 -1.2696 0.1805, -2.1535 -1.2598 0.1378, -2.1535 -1.2598 0.0787, -2.1535 -1.2402 0.0446, -2.1535 -1.2205 0.0394, -2.1535 -1.2546 0.0591, -2.1535 -3.8484 0.0446, -2.1535 -3.8628 0.0591, -2.1535 -3.8287 0.0394, -2.1535 -0.7972 1.1417, -2.1535 -0.7972 0.0787, -2.1535 -3.4108 0.0591, -2.1535 -3.4449 0.0394, -2.1535 -3.4055 0.0787, -2.1535 -3.8681 1.1417, -2.1535 -0.8366 0.0394, -2.1535 -0.8025 0.0591, -2.1535 -3.8681 0.0787, -2.1535 -0.8169 0.0446, -2.1535 -3.4252 0.0446, -2.1535 -3.2457 0.2147, -2.1535 -3.2852 0.2338, -2.1535 -3.4055 0.1378, -2.1535 -3.3958 0.1805, -2.1535 -3.2184 0.1805, -2.1535 -3.329 0.2338, -2.1535 -3.3685 0.2147, -2.8228 -1.4672 0.0787, -2.8517 -1.4961 0.0787, -2.8622 -1.5354 0.0787, -2.8622 -1.8209 0.0787, -2.8517 -1.8602 0.0787, -2.8228 -1.8891 0.0787, -2.6654 -2.687 0.0787, -2.6654 -1.9783 0.0787, -2.7835 -1.8996 0.0787, -2.7441 -2.6083 0.0787, -2.7047 -2.6188 0.0787, -2.7047 -2.0465 0.0787, -2.7441 -1.8996 0.0787, -2.7047 -1.9102 0.0787, -2.6759 -1.939 0.0787, -2.6759 -2.0177 0.0787, -2.6759 -2.6476 0.0787, -2.7441 -2.0571 0.0787, -2.8465 -2.6083 0.0787, -2.8465 -2.0571 0.0787, -2.8425 -2.771 0.0787, -2.8569 -2.7854 0.0787, -2.8622 -2.8051 0.0787, -2.6759 -2.7264 0.0787, -2.7047 -2.7552 0.0787, -2.7441 -2.7657 0.0787, -2.8228 -2.7657 0.0787, -2.8661 -2.6083 0.084, -2.9252 -2.6083 0.0105, -2.954 -2.6083 0.0394, -2.9646 -2.6083 0.1969, -2.9646 -2.6083 0.0787, -2.8858 -2.6083 0.1181, -2.8806 -2.6083 0.0984, -2.8858 -2.6083 0.1969, -2.8858 -2.603 0.2165, -2.8858 -2.5886 0.2309, -2.9646 -2.603 0.2165, -2.9646 -2.5886 0.2309, -2.8858 -2.5689 0.2362, -2.9646 -2.5689 0.2362, -2.9646 -2.0624 0.2165, -2.9646 -2.0965 0.2362, -2.9646 -2.0768 0.2309, -2.9646 -2.0571 0.1969, -2.9646 -2.0571 0.0787, -2.954 -2.0571 0.0394, -2.9252 -2.0571 0.0105, -2.8661 -2.0571 0.084, -2.8806 -2.0571 0.0984, -2.8858 -2.0571 0.1181, -2.8858 -2.0571 0.1969, -2.8858 -2.0624 0.2165, -2.8858 -2.0768 0.2309, -2.8858 -2.0965 0.2362, -1.1339 -1.0039 0.0394, -1.1339 -1.0039 0.0315, -1.1339 -1.5472 0.0315, -1.1339 -1.5472 0.0394, -1.0659 -1.5472 0.0315, -1.0659 -1.5472 0.0394, -1.0659 -1.0733 0.0315, -1.0659 -1.0733 0.0394, -0.7264 -1.0733 0.0315, -0.7264 -1.0733 0.0394, -0.7264 -1.0039 0.0315, -0.7264 -1.0039 0.0394, -0.534 -1.4432 0.0315, -0.6019 -1.4663 0.0315, -0.5566 -1.4085 0.0315, -0.1944 -1.4085 0.0315, -0.2057 -1.4663 0.0315, -0.2623 -1.4085 0.0315, -0.5113 -1.0155 0.0315, -0.4547 -1.0733 0.0315, -0.5 -1.0849 0.0315, -0.3529 -1.0733 0.0315, -0.2963 -1.0155 0.0315, -0.3076 -1.0849 0.0315, -0.251 -1.0386 0.0315, -0.2736 -1.108 0.0315, -0.3529 -1.0039 0.0315, -0.4547 -1.0039 0.0315, -0.534 -1.108 0.0315, -0.5566 -1.0386 0.0315, -0.5566 -1.1427 0.0315, -0.6019 -1.0849 0.0315, -0.6245 -1.1311 0.0315, -0.5679 -1.1889 0.0315, -0.6245 -1.4201 0.0315, -0.5679 -1.3623 0.0315, -0.6358 -1.3623 0.0315, -0.6358 -1.1889 0.0315, -0.5 -1.4663 0.0315, -0.5566 -1.5126 0.0315, -0.5113 -1.5357 0.0315, -0.4547 -1.4779 0.0315, -0.3529 -1.5472 0.0315, -0.4547 -1.5472 0.0315, -0.3529 -1.4779 0.0315, -0.3076 -1.4663 0.0315, -0.2963 -1.5357 0.0315, -0.2736 -1.4432 0.0315, -0.251 -1.5126 0.0315, -0.2057 -1.0849 0.0315, -0.2623 -1.1427 0.0315, -0.1944 -1.1427 0.0315, -0.1038 -1.0039 0.0315, -0.0359 -1.2582 0.0315, -0.1038 -1.5472 0.0315, -0.0359 -1.3276 0.0315, 0.3036 -1.0039 0.0315, -0.0359 -1.0733 0.0315, 0.2584 -1.2582 0.0315, 0.2584 -1.3276 0.0315, -0.0359 -1.4779 0.0315, 0.3036 -1.4779 0.0315, 0.3036 -1.5472 0.0315, 0.3036 -1.0733 0.0315, 0.8356 -1.1311 0.0315, 0.779 -1.1889 0.0315, 0.7677 -1.1427 0.0315, 0.8469 -1.1889 0.0315, 0.779 -1.3623 0.0315, 0.8469 -1.3623 0.0315, 0.813 -1.4663 0.0315, 0.7451 -1.4432 0.0315, 0.7677 -1.4085 0.0315, 0.7111 -1.4663 0.0315, 0.7677 -1.5126 0.0315, 0.7224 -1.5357 0.0315, 0.6658 -1.4779 0.0315, 0.6658 -1.5472 0.0315, 0.8356 -1.4201 0.0315, 0.4621 -1.4779 0.0315, 0.3942 -1.5472 0.0315, 0.4621 -1.0733 0.0315, 0.3942 -1.0039 0.0315, 0.6658 -1.0733 0.0315, 0.7224 -1.0155 0.0315, 0.7111 -1.0849 0.0315, 0.7451 -1.108 0.0315, 0.7677 -1.0386 0.0315, 0.813 -1.0849 0.0315, 0.6658 -1.0039 0.0315, 1.3903 -1.0039 0.0315, 1.2092 -1.5472 0.0315, 1.2657 -1.1889 0.0315, 1.0507 -1.1427 0.0315, 0.9375 -1.0039 0.0315, 1.0054 -1.0039 0.0315, 1.062 -1.1889 0.0315, 1.3223 -1.0039 0.0315, 1.2771 -1.1427 0.0315, 1.1186 -1.5472 0.0315, 1.1639 -1.501 0.0315, -0.2623 -1.1427 0.0394, -0.1944 -1.1427 0.0394, -0.2057 -1.0849 0.0394, -0.251 -1.0386 0.0394, -0.2963 -1.0155 0.0394, -0.3529 -1.0039 0.0394, -0.4547 -1.0039 0.0394, -0.5113 -1.0155 0.0394, -0.5566 -1.0386 0.0394, -0.6019 -1.0849 0.0394, -0.6245 -1.1311 0.0394, -0.6358 -1.1889 0.0394, -0.6358 -1.3623 0.0394, -0.6245 -1.4201 0.0394, -0.6019 -1.4663 0.0394, -0.5566 -1.5126 0.0394, -0.5113 -1.5357 0.0394, -0.4547 -1.5472 0.0394, -0.3529 -1.5472 0.0394, -0.2963 -1.5357 0.0394, -0.251 -1.5126 0.0394, -0.2057 -1.4663 0.0394, -0.1944 -1.4085 0.0394, -0.2623 -1.4085 0.0394, -0.2736 -1.4432 0.0394, -0.3076 -1.4663 0.0394, -0.3529 -1.4779 0.0394, -0.4547 -1.4779 0.0394, -0.5 -1.4663 0.0394, -0.534 -1.4432 0.0394, -0.5566 -1.4085 0.0394, -0.5679 -1.3623 0.0394, -0.5679 -1.1889 0.0394, -0.5566 -1.1427 0.0394, -0.534 -1.108 0.0394, -0.5 -1.0849 0.0394, -0.4547 -1.0733 0.0394, -0.3529 -1.0733 0.0394, -0.3076 -1.0849 0.0394, -0.2736 -1.108 0.0394, -0.0359 -1.0733 0.0394, 0.3036 -1.0733 0.0394, 0.3036 -1.0039 0.0394, -0.1038 -1.0039 0.0394, -0.1038 -1.5472 0.0394, 0.3036 -1.5472 0.0394, 0.3036 -1.4779 0.0394, -0.0359 -1.4779 0.0394, -0.0359 -1.3276 0.0394, 0.2584 -1.3276 0.0394, 0.2584 -1.2582 0.0394, -0.0359 -1.2582 0.0394, 0.3942 -1.5472 0.0394, 0.6658 -1.5472 0.0394, 0.7224 -1.5357 0.0394, 0.7677 -1.5126 0.0394, 0.813 -1.4663 0.0394, 0.8356 -1.4201 0.0394, 0.8469 -1.3623 0.0394, 0.8469 -1.1889 0.0394, 0.8356 -1.1311 0.0394, 0.813 -1.0849 0.0394, 0.7677 -1.0386 0.0394, 0.7224 -1.0155 0.0394, 0.6658 -1.0039 0.0394, 0.3942 -1.0039 0.0394, 0.6658 -1.4779 0.0394, 0.4621 -1.4779 0.0394, 0.4621 -1.0733 0.0394, 0.6658 -1.0733 0.0394, 0.7111 -1.0849 0.0394, 0.7451 -1.108 0.0394, 0.7677 -1.1427 0.0394, 0.779 -1.1889 0.0394, 0.779 -1.3623 0.0394, 0.7677 -1.4085 0.0394, 0.7451 -1.4432 0.0394, 0.7111 -1.4663 0.0394, 1.1186 -1.5472 0.0394, 1.2092 -1.5472 0.0394, 1.3903 -1.0039 0.0394, 1.3223 -1.0039 0.0394, 1.2771 -1.1427 0.0394, 1.0507 -1.1427 0.0394, 1.0054 -1.0039 0.0394, 0.9375 -1.0039 0.0394, 1.2657 -1.1889 0.0394, 1.1639 -1.501 0.0394, 1.062 -1.1889 0.0394
            ]
        }
        coordIndex [
            0,1,2,-1,3,4,5,-1,6,7,8,-1,9,3,5,-1,9,10,3,-1,11,4,12,-1,13,4,11,-1,14,15,16,-1,17,12,4,-1,18,7,2,-1,15,11,12,-1,11,15,14,-1,18,2,1,-1,12,17,19,-1,20,4,13,-1,4,20,21,-1,21,5,4,-1,7,6,22,-1,23,24,25,-1,23,26,24,-1,27,28,29,-1,18,30,8,-1,8,7,18,-1,18,31,30,-1,32,23,25,-1,18,33,34,-1,31,18,34,-1,26,33,10,-1,18,10,33,-1,9,26,10,-1,24,26,9,-1,25,35,32,-1,35,27,32,-1,27,35,28,-1,36,37,38,-1,39,40,36,-1,36,38,39,-1,38,37,41,-1,37,29,41,-1,41,29,28,-1,42,28,43,-1,41,39,38,-1,44,28,35,-1,28,44,45,-1,43,28,45,-1,46,47,42,-1,44,35,48,-1,39,41,42,-1,42,41,28,-1,39,42,47,-1,49,50,51,-1,47,46,49,-1,49,51,47,-1,51,50,52,-1,50,53,52,-1,52,53,54,-1,55,56,57,-1,58,59,60,-1,61,60,59,-1,60,61,55,-1,56,55,62,-1,62,55,61,-1,40,63,64,-1,62,61,65,-1,61,66,67,-1,65,61,67,-1,40,64,66,-1,61,40,66,-1,68,69,70,-1,71,72,73,-1,70,69,74,-1,75,70,74,-1,40,39,63,-1,71,73,68,-1,69,68,73,-1,71,64,72,-1,64,63,72,-1,76,47,54,-1,39,77,63,-1,78,79,80,-1,52,54,51,-1,78,76,79,-1,76,54,79,-1,47,51,54,-1,47,81,82,-1,81,47,76,-1,47,82,77,-1,77,39,47,-1,83,84,27,-1,83,29,85,-1,86,37,40,-1,37,86,29,-1,40,61,86,-1,36,40,37,-1,61,87,86,-1,29,86,88,-1,29,88,85,-1,29,83,27,-1,33,26,89,-1,23,90,26,-1,89,26,90,-1,91,23,32,-1,23,91,90,-1,84,91,32,-1,84,32,27,-1,89,92,33,-1,34,92,93,-1,92,34,33,-1,93,94,31,-1,31,34,93,-1,31,94,30,-1,94,95,30,-1,8,95,96,-1,95,8,30,-1,22,6,97,-1,98,7,22,-1,22,97,98,-1,97,6,99,-1,6,8,99,-1,99,8,96,-1,100,101,102,-1,103,104,92,-1,105,106,107,-1,89,103,92,-1,89,108,103,-1,96,104,109,-1,95,104,96,-1,99,98,97,-1,110,109,104,-1,111,106,102,-1,98,96,109,-1,96,98,99,-1,111,102,101,-1,109,110,112,-1,94,104,95,-1,104,94,93,-1,93,92,104,-1,106,105,113,-1,114,90,91,-1,114,115,90,-1,48,83,44,-1,111,116,107,-1,107,106,111,-1,111,117,116,-1,118,114,91,-1,111,119,120,-1,117,111,120,-1,115,119,108,-1,111,108,119,-1,89,115,108,-1,90,115,89,-1,91,84,118,-1,84,48,118,-1,48,84,83,-1,43,85,88,-1,42,43,88,-1,42,88,86,-1,43,45,85,-1,85,45,83,-1,45,44,83,-1,121,122,123,-1,124,125,126,-1,121,123,124,-1,126,87,121,-1,126,121,124,-1,127,86,128,-1,126,129,87,-1,130,131,132,-1,129,133,87,-1,87,134,135,-1,133,134,87,-1,86,135,128,-1,87,135,86,-1,136,131,137,-1,138,130,132,-1,138,139,130,-1,138,140,139,-1,141,142,143,-1,42,86,127,-1,46,144,145,-1,136,137,128,-1,132,131,136,-1,128,137,127,-1,46,42,144,-1,42,127,144,-1,46,145,146,-1,46,146,147,-1,143,147,141,-1,143,53,147,-1,49,53,50,-1,147,53,46,-1,53,49,46,-1,79,54,53,-1,53,143,79,-1,60,55,124,-1,124,123,60,-1,142,141,80,-1,79,143,142,-1,142,80,79,-1,80,141,78,-1,141,147,78,-1,78,147,76,-1,76,147,146,-1,146,81,76,-1,63,144,127,-1,145,144,77,-1,63,77,144,-1,77,82,145,-1,146,145,82,-1,146,82,81,-1,63,127,72,-1,72,137,73,-1,137,72,127,-1,131,69,73,-1,73,137,131,-1,131,130,69,-1,148,149,74,-1,149,148,150,-1,151,152,153,-1,74,69,139,-1,139,148,74,-1,139,69,130,-1,148,154,150,-1,150,154,152,-1,154,153,152,-1,153,155,151,-1,156,157,158,-1,151,155,156,-1,156,158,151,-1,158,157,159,-1,157,160,159,-1,159,160,161,-1,162,163,164,-1,165,166,152,-1,165,163,162,-1,151,161,163,-1,158,159,161,-1,151,163,165,-1,151,158,161,-1,165,152,151,-1,167,168,150,-1,152,166,167,-1,167,150,152,-1,150,168,149,-1,168,75,149,-1,149,75,74,-1,168,167,169,-1,167,170,169,-1,169,140,75,-1,75,168,169,-1,75,140,70,-1,140,138,70,-1,166,170,167,-1,166,171,170,-1,166,165,171,-1,171,165,172,-1,162,164,173,-1,172,165,162,-1,162,173,172,-1,173,164,174,-1,164,163,174,-1,174,163,175,-1,175,173,174,-1,173,156,172,-1,155,172,156,-1,153,171,155,-1,172,155,171,-1,160,156,173,-1,160,173,175,-1,157,156,160,-1,161,160,175,-1,175,163,161,-1,154,169,170,-1,153,154,170,-1,153,170,171,-1,154,148,169,-1,169,148,140,-1,148,139,140,-1,64,136,128,-1,132,136,71,-1,64,71,136,-1,71,68,132,-1,138,132,68,-1,138,68,70,-1,64,128,66,-1,66,135,67,-1,135,66,128,-1,134,65,67,-1,67,135,134,-1,134,133,65,-1,62,133,129,-1,133,62,65,-1,57,56,125,-1,124,55,57,-1,57,125,124,-1,125,56,126,-1,56,62,126,-1,126,62,129,-1,122,121,58,-1,60,123,122,-1,122,58,60,-1,58,121,59,-1,121,87,59,-1,59,87,61,-1,2,98,109,-1,98,2,7,-1,15,102,106,-1,102,15,12,-1,112,110,0,-1,2,109,112,-1,112,0,2,-1,0,110,1,-1,110,104,1,-1,1,104,18,-1,18,104,103,-1,103,10,18,-1,113,105,16,-1,15,106,113,-1,113,16,15,-1,16,105,14,-1,105,107,14,-1,14,107,11,-1,11,107,116,-1,116,13,11,-1,9,5,119,-1,21,120,5,-1,119,5,120,-1,117,21,20,-1,21,117,120,-1,116,117,20,-1,116,20,13,-1,119,115,9,-1,24,115,114,-1,115,24,9,-1,114,118,25,-1,25,24,114,-1,25,118,35,-1,118,48,35,-1,19,17,100,-1,102,12,19,-1,19,100,102,-1,100,17,101,-1,17,4,101,-1,101,4,111,-1,111,4,3,-1,3,108,111,-1,176,177,178,-1,176,178,179,-1,179,178,180,-1,179,180,181,-1,181,180,182,-1,181,182,183,-1,183,182,184,-1,183,184,185,-1,185,184,186,-1,185,186,187,-1,187,186,177,-1,187,177,176,-1,182,186,184,-1,182,178,177,-1,182,180,178,-1,186,182,177,-1,188,189,190,-1,191,192,193,-1,194,195,196,-1,197,198,199,-1,199,200,201,-1,202,195,203,-1,204,205,196,-1,206,207,204,-1,208,207,206,-1,206,209,208,-1,190,210,211,-1,209,212,213,-1,214,215,188,-1,216,215,214,-1,217,216,214,-1,218,219,220,-1,221,222,220,-1,223,224,221,-1,193,192,223,-1,201,225,226,-1,192,224,223,-1,224,222,221,-1,222,218,220,-1,219,217,220,-1,219,216,217,-1,188,215,189,-1,189,210,190,-1,210,212,211,-1,211,212,209,-1,213,208,209,-1,204,207,205,-1,196,205,194,-1,194,203,195,-1,202,197,195,-1,202,198,197,-1,198,200,199,-1,200,225,201,-1,225,227,226,-1,228,229,230,-1,229,231,230,-1,228,232,233,-1,231,234,235,-1,236,237,238,-1,238,230,236,-1,236,230,231,-1,234,231,229,-1,229,228,233,-1,232,239,233,-1,240,241,242,-1,243,241,240,-1,243,244,241,-1,243,245,244,-1,246,247,248,-1,249,247,250,-1,251,249,250,-1,251,252,249,-1,252,251,253,-1,244,254,248,-1,255,253,256,-1,257,256,258,-1,259,260,261,-1,255,252,253,-1,262,261,263,-1,250,247,246,-1,246,248,254,-1,254,244,245,-1,262,264,242,-1,264,240,242,-1,264,262,263,-1,263,261,260,-1,265,259,257,-1,260,259,265,-1,256,257,255,-1,265,257,258,-1,266,267,268,-1,269,270,271,-1,269,272,270,-1,273,266,274,-1,268,272,274,-1,268,274,266,-1,267,275,276,-1,272,269,274,-1,267,276,268,-1,276,275,272,-1,270,272,275,-1,277,226,227,-1,277,227,278,-1,278,227,225,-1,278,225,279,-1,279,225,200,-1,279,200,280,-1,280,200,198,-1,280,198,281,-1,281,198,202,-1,281,202,282,-1,282,202,203,-1,282,203,283,-1,283,203,194,-1,283,194,284,-1,284,194,205,-1,284,205,285,-1,285,205,207,-1,285,207,286,-1,286,207,208,-1,286,208,287,-1,287,208,213,-1,287,213,288,-1,288,213,212,-1,288,212,289,-1,289,212,210,-1,289,210,290,-1,290,210,189,-1,290,189,291,-1,291,189,215,-1,291,215,292,-1,292,215,216,-1,292,216,293,-1,293,216,219,-1,293,219,294,-1,294,219,218,-1,294,218,295,-1,295,218,222,-1,295,222,296,-1,296,222,224,-1,296,224,297,-1,297,224,192,-1,297,192,298,-1,298,192,191,-1,298,191,299,-1,299,191,193,-1,299,193,300,-1,300,193,223,-1,300,223,301,-1,301,223,221,-1,301,221,302,-1,302,221,220,-1,302,220,303,-1,303,220,217,-1,303,217,304,-1,304,217,214,-1,304,214,305,-1,305,214,188,-1,305,188,306,-1,306,188,190,-1,306,190,307,-1,307,190,211,-1,307,211,308,-1,308,211,209,-1,308,209,309,-1,309,209,206,-1,309,206,310,-1,310,206,204,-1,310,204,311,-1,311,204,196,-1,311,196,312,-1,312,196,195,-1,312,195,313,-1,313,195,197,-1,313,197,314,-1,314,197,199,-1,314,199,315,-1,315,199,201,-1,315,201,316,-1,316,201,226,-1,316,226,277,-1,317,233,239,-1,317,239,318,-1,318,239,232,-1,318,232,319,-1,319,232,228,-1,319,228,320,-1,320,228,230,-1,320,230,321,-1,321,230,238,-1,321,238,322,-1,322,238,237,-1,322,237,323,-1,323,237,236,-1,323,236,324,-1,324,236,231,-1,324,231,325,-1,325,231,235,-1,325,235,326,-1,326,235,234,-1,326,234,327,-1,327,234,229,-1,327,229,328,-1,328,229,233,-1,328,233,317,-1,329,256,253,-1,329,253,330,-1,330,253,251,-1,330,251,331,-1,331,251,250,-1,331,250,332,-1,332,250,246,-1,332,246,333,-1,333,246,254,-1,333,254,334,-1,334,254,245,-1,334,245,335,-1,335,245,243,-1,335,243,336,-1,336,243,240,-1,336,240,337,-1,337,240,264,-1,337,264,338,-1,338,264,263,-1,338,263,339,-1,339,263,260,-1,339,260,340,-1,340,260,265,-1,340,265,341,-1,341,265,258,-1,341,258,342,-1,342,258,256,-1,342,256,329,-1,343,252,255,-1,343,255,344,-1,344,255,257,-1,344,257,345,-1,345,257,259,-1,345,259,346,-1,346,259,261,-1,346,261,347,-1,347,261,262,-1,347,262,348,-1,348,262,242,-1,348,242,349,-1,349,242,241,-1,349,241,350,-1,350,241,244,-1,350,244,351,-1,351,244,248,-1,351,248,352,-1,352,248,247,-1,352,247,353,-1,353,247,249,-1,353,249,354,-1,354,249,252,-1,354,252,343,-1,355,275,267,-1,355,267,356,-1,356,267,266,-1,356,266,357,-1,357,266,273,-1,357,273,358,-1,358,273,274,-1,358,274,359,-1,359,274,269,-1,359,269,360,-1,360,269,271,-1,360,271,361,-1,361,271,270,-1,361,270,362,-1,362,270,275,-1,362,275,355,-1,363,268,276,-1,363,276,364,-1,364,276,272,-1,364,272,365,-1,365,272,268,-1,365,268,363,-1,
        ]
    }
}